ISO-10303-21;
HEADER;
/* Generated by software containing ST-Developer
 * from STEP Tools, Inc. (www.steptools.com) 
 */

FILE_DESCRIPTION(
/* description */ ('KiCad electronic assembly'),
/* implementation_level */ '2;1');

FILE_NAME(
/* name */ 'pepuinoPad_case.step',
/* time_stamp */ '2026-02-22T22:54:17-06:00',
/* author */ (''),
/* organization */ (''),
/* preprocessor_version */ 'ST-DEVELOPER v20.1',
/* originating_system */ 'Autodesk Translation Framework v14.24.0.0',
/* authorisation */ '');

FILE_SCHEMA (('AUTOMOTIVE_DESIGN { 1 0 10303 214 3 1 1 }'));
ENDSEC;

DATA;
#10=MECHANICAL_DESIGN_GEOMETRIC_PRESENTATION_REPRESENTATION('',(#55,#56,
#57,#58),#15317);
#11=SHAPE_REPRESENTATION_RELATIONSHIP('SRR','None',#15323,#12);
#12=ADVANCED_BREP_SHAPE_REPRESENTATION('',(#59,#60,#61,#62),#15316);
#13=CONICAL_SURFACE('',#10003,4.49999999999999,0.785398163397457);
#14=CONICAL_SURFACE('',#10007,4.5,0.785398163397448);
#15=CONICAL_SURFACE('',#10011,4.5,0.785398163397449);
#16=CONICAL_SURFACE('',#10015,4.5,0.785398163397448);
#17=CONICAL_SURFACE('',#10019,4.5,0.785398163397448);
#18=CONICAL_SURFACE('',#10023,5.50000000000001,0.785398163397457);
#19=CONICAL_SURFACE('',#10047,1.6,0.785398163397447);
#20=CONICAL_SURFACE('',#10049,1.59999999999999,0.785398163397447);
#21=CONICAL_SURFACE('',#10051,1.6,0.785398163397447);
#22=CONICAL_SURFACE('',#10053,1.59999999999999,0.785398163397447);
#23=CONICAL_SURFACE('',#10055,1.59999999999999,0.785398163397447);
#24=CONICAL_SURFACE('',#10057,1.6,0.785398163397447);
#25=CONICAL_SURFACE('',#10059,1.59999999999999,0.785398163397447);
#26=CONICAL_SURFACE('',#10061,1.6,0.785398163397447);
#27=CONICAL_SURFACE('',#10063,1.59999999999999,0.785398163397447);
#28=CONICAL_SURFACE('',#10065,1.59999999999999,0.785398163397447);
#29=CONICAL_SURFACE('',#10087,4.49999999999999,0.785398163397457);
#30=CONICAL_SURFACE('',#10089,5.50000000000001,0.785398163397457);
#31=CONICAL_SURFACE('',#10091,4.5,0.785398163397448);
#32=CONICAL_SURFACE('',#10093,4.5,0.785398163397448);
#33=CONICAL_SURFACE('',#10096,4.5,0.785398163397449);
#34=CONICAL_SURFACE('',#10099,4.5,0.785398163397448);
#35=CONICAL_SURFACE('',#10142,1.34999999999998,0.785398163397449);
#36=CONICAL_SURFACE('',#10145,1.84999999999998,0.785398163397438);
#37=CONICAL_SURFACE('',#10148,1.35,0.785398163397456);
#38=CONICAL_SURFACE('',#10151,1.84999999999998,0.785398163397448);
#39=CONICAL_SURFACE('',#10154,1.34999999999999,0.785398163397444);
#40=CONICAL_SURFACE('',#10157,1.84999999999998,0.785398163397438);
#41=CONICAL_SURFACE('',#10160,1.35,0.785398163397447);
#42=CONICAL_SURFACE('',#10163,1.84999999999999,0.785398163397459);
#43=CONICAL_SURFACE('',#10166,1.34999999999998,0.785398163397477);
#44=CONICAL_SURFACE('',#10169,1.84999999999999,0.785398163397457);
#45=CONICAL_SURFACE('',#10172,1.34999999999998,0.785398163397449);
#46=CONICAL_SURFACE('',#10175,1.84999999999998,0.785398163397438);
#47=CONICAL_SURFACE('',#10178,1.35,0.785398163397453);
#48=CONICAL_SURFACE('',#10181,1.84999999999998,0.785398163397448);
#49=CONICAL_SURFACE('',#10184,1.35,0.785398163397453);
#50=CONICAL_SURFACE('',#10187,1.84999999999998,0.785398163397438);
#51=CONICAL_SURFACE('',#10190,1.35,0.785398163397447);
#52=CONICAL_SURFACE('',#10193,1.84999999999999,0.785398163397459);
#53=CONICAL_SURFACE('',#10196,1.34999999999998,0.785398163397477);
#54=CONICAL_SURFACE('',#10199,1.84999999999999,0.785398163397457);
#55=STYLED_ITEM('',(#15332),#59);
#56=STYLED_ITEM('',(#15332),#60);
#57=STYLED_ITEM('',(#15335),#61);
#58=STYLED_ITEM('',(#15332),#62);
#59=MANIFOLD_SOLID_BREP('Body3',#9632);
#60=MANIFOLD_SOLID_BREP('Body85',#9633);
#61=MANIFOLD_SOLID_BREP('Body87',#9634);
#62=MANIFOLD_SOLID_BREP('Body88',#9635);
#63=CYLINDRICAL_SURFACE('',#9653,5.);
#64=CYLINDRICAL_SURFACE('',#9668,5.);
#65=CYLINDRICAL_SURFACE('',#9679,1.1);
#66=CYLINDRICAL_SURFACE('',#9680,1.09999999999999);
#67=CYLINDRICAL_SURFACE('',#9685,1.1);
#68=CYLINDRICAL_SURFACE('',#9722,1.09999999999999);
#69=CYLINDRICAL_SURFACE('',#9743,1.09999999999999);
#70=CYLINDRICAL_SURFACE('',#9760,1.1);
#71=CYLINDRICAL_SURFACE('',#9765,1.09999999999999);
#72=CYLINDRICAL_SURFACE('',#9770,1.1);
#73=CYLINDRICAL_SURFACE('',#9783,1.09999999999999);
#74=CYLINDRICAL_SURFACE('',#9792,1.09999999999999);
#75=CYLINDRICAL_SURFACE('',#10028,5.);
#76=CYLINDRICAL_SURFACE('',#10031,5.);
#77=CYLINDRICAL_SURFACE('',#10034,5.);
#78=CYLINDRICAL_SURFACE('',#10103,5.);
#79=CYLINDRICAL_SURFACE('',#10109,5.);
#80=CYLINDRICAL_SURFACE('',#10111,1.);
#81=CYLINDRICAL_SURFACE('',#10113,1.);
#82=CYLINDRICAL_SURFACE('',#10115,1.);
#83=CYLINDRICAL_SURFACE('',#10117,1.);
#84=CYLINDRICAL_SURFACE('',#10119,5.);
#85=CYLINDRICAL_SURFACE('',#10124,2.);
#86=CYLINDRICAL_SURFACE('',#10132,2.);
#87=CYLINDRICAL_SURFACE('',#10134,1.09999999999999);
#88=CYLINDRICAL_SURFACE('',#10136,1.09999999999999);
#89=CYLINDRICAL_SURFACE('',#10202,1.49999999999999);
#90=CYLINDRICAL_SURFACE('',#10204,1.7);
#91=CYLINDRICAL_SURFACE('',#10206,1.49999999999999);
#92=CYLINDRICAL_SURFACE('',#10208,1.7);
#93=CYLINDRICAL_SURFACE('',#10210,1.49999999999999);
#94=CYLINDRICAL_SURFACE('',#10212,1.7);
#95=CYLINDRICAL_SURFACE('',#10214,1.49999999999999);
#96=CYLINDRICAL_SURFACE('',#10216,1.7);
#97=CYLINDRICAL_SURFACE('',#10218,1.49999999999999);
#98=CYLINDRICAL_SURFACE('',#10220,1.69999999999998);
#99=CYLINDRICAL_SURFACE('',#10235,1.69999999999998);
#100=CYLINDRICAL_SURFACE('',#10236,1.49999999999999);
#101=CYLINDRICAL_SURFACE('',#10237,1.7);
#102=CYLINDRICAL_SURFACE('',#10238,1.7);
#103=CYLINDRICAL_SURFACE('',#10239,1.49999999999999);
#104=CYLINDRICAL_SURFACE('',#10240,1.69999999999999);
#105=CYLINDRICAL_SURFACE('',#10241,1.49999999999999);
#106=CYLINDRICAL_SURFACE('',#10242,1.7);
#107=CYLINDRICAL_SURFACE('',#10243,1.49999999999999);
#108=CYLINDRICAL_SURFACE('',#10244,4.60977052107051);
#109=CYLINDRICAL_SURFACE('',#10246,1.49999999999999);
#110=CYLINDRICAL_SURFACE('',#10251,3.1);
#111=FACE_BOUND('',#939,.T.);
#112=FACE_BOUND('',#940,.T.);
#113=FACE_BOUND('',#941,.T.);
#114=FACE_BOUND('',#942,.T.);
#115=FACE_BOUND('',#943,.T.);
#116=FACE_BOUND('',#944,.T.);
#117=FACE_BOUND('',#945,.T.);
#118=FACE_BOUND('',#946,.T.);
#119=FACE_BOUND('',#947,.T.);
#120=FACE_BOUND('',#948,.T.);
#121=FACE_BOUND('',#949,.T.);
#122=FACE_BOUND('',#950,.T.);
#123=FACE_BOUND('',#951,.T.);
#124=FACE_BOUND('',#952,.T.);
#125=FACE_BOUND('',#953,.T.);
#126=FACE_BOUND('',#954,.T.);
#127=FACE_BOUND('',#955,.T.);
#128=FACE_BOUND('',#956,.T.);
#129=FACE_BOUND('',#957,.T.);
#130=FACE_BOUND('',#958,.T.);
#131=FACE_BOUND('',#959,.T.);
#132=FACE_BOUND('',#960,.T.);
#133=FACE_BOUND('',#961,.T.);
#134=FACE_BOUND('',#962,.T.);
#135=FACE_BOUND('',#963,.T.);
#136=FACE_BOUND('',#964,.T.);
#137=FACE_BOUND('',#965,.T.);
#138=FACE_BOUND('',#966,.T.);
#139=FACE_BOUND('',#967,.T.);
#140=FACE_BOUND('',#968,.T.);
#141=FACE_BOUND('',#969,.T.);
#142=FACE_BOUND('',#970,.T.);
#143=FACE_BOUND('',#971,.T.);
#144=FACE_BOUND('',#972,.T.);
#145=FACE_BOUND('',#973,.T.);
#146=FACE_BOUND('',#974,.T.);
#147=FACE_BOUND('',#975,.T.);
#148=FACE_BOUND('',#976,.T.);
#149=FACE_BOUND('',#977,.T.);
#150=FACE_BOUND('',#978,.T.);
#151=FACE_BOUND('',#979,.T.);
#152=FACE_BOUND('',#980,.T.);
#153=FACE_BOUND('',#981,.T.);
#154=FACE_BOUND('',#982,.T.);
#155=FACE_BOUND('',#983,.T.);
#156=FACE_BOUND('',#984,.T.);
#157=FACE_BOUND('',#985,.T.);
#158=FACE_BOUND('',#986,.T.);
#159=FACE_BOUND('',#987,.T.);
#160=FACE_BOUND('',#988,.T.);
#161=FACE_BOUND('',#989,.T.);
#162=FACE_BOUND('',#990,.T.);
#163=FACE_BOUND('',#991,.T.);
#164=FACE_BOUND('',#992,.T.);
#165=FACE_BOUND('',#993,.T.);
#166=FACE_BOUND('',#994,.T.);
#167=FACE_BOUND('',#995,.T.);
#168=FACE_BOUND('',#996,.T.);
#169=FACE_BOUND('',#997,.T.);
#170=FACE_BOUND('',#998,.T.);
#171=FACE_BOUND('',#999,.T.);
#172=FACE_BOUND('',#1000,.T.);
#173=FACE_BOUND('',#1001,.T.);
#174=FACE_BOUND('',#1002,.T.);
#175=FACE_BOUND('',#1003,.T.);
#176=FACE_BOUND('',#1004,.T.);
#177=FACE_BOUND('',#1005,.T.);
#178=FACE_BOUND('',#1006,.T.);
#179=FACE_BOUND('',#1007,.T.);
#180=FACE_BOUND('',#1008,.T.);
#181=FACE_BOUND('',#1009,.T.);
#182=FACE_BOUND('',#1010,.T.);
#183=FACE_BOUND('',#1011,.T.);
#184=FACE_BOUND('',#1012,.T.);
#185=FACE_BOUND('',#1013,.T.);
#186=FACE_BOUND('',#1014,.T.);
#187=FACE_BOUND('',#1015,.T.);
#188=FACE_BOUND('',#1016,.T.);
#189=FACE_BOUND('',#1017,.T.);
#190=FACE_BOUND('',#1018,.T.);
#191=FACE_BOUND('',#1019,.T.);
#192=FACE_BOUND('',#1020,.T.);
#193=FACE_BOUND('',#1021,.T.);
#194=FACE_BOUND('',#1022,.T.);
#195=FACE_BOUND('',#1023,.T.);
#196=FACE_BOUND('',#1024,.T.);
#197=FACE_BOUND('',#1025,.T.);
#198=FACE_BOUND('',#1026,.T.);
#199=FACE_BOUND('',#1027,.T.);
#200=FACE_BOUND('',#1028,.T.);
#201=FACE_BOUND('',#1032,.T.);
#202=FACE_BOUND('',#1033,.T.);
#203=FACE_BOUND('',#1034,.T.);
#204=FACE_BOUND('',#1035,.T.);
#205=FACE_BOUND('',#1036,.T.);
#206=FACE_BOUND('',#1037,.T.);
#207=FACE_BOUND('',#1038,.T.);
#208=FACE_BOUND('',#1039,.T.);
#209=FACE_BOUND('',#1040,.T.);
#210=FACE_BOUND('',#1041,.T.);
#211=FACE_BOUND('',#1042,.T.);
#212=FACE_BOUND('',#1043,.T.);
#213=FACE_BOUND('',#1044,.T.);
#214=FACE_BOUND('',#1045,.T.);
#215=FACE_BOUND('',#1046,.T.);
#216=FACE_BOUND('',#1047,.T.);
#217=FACE_BOUND('',#1048,.T.);
#218=FACE_BOUND('',#1049,.T.);
#219=FACE_BOUND('',#1050,.T.);
#220=FACE_BOUND('',#1051,.T.);
#221=FACE_BOUND('',#1052,.T.);
#222=FACE_BOUND('',#1053,.T.);
#223=FACE_BOUND('',#1054,.T.);
#224=FACE_BOUND('',#1055,.T.);
#225=FACE_BOUND('',#1056,.T.);
#226=FACE_BOUND('',#1057,.T.);
#227=FACE_BOUND('',#1058,.T.);
#228=FACE_BOUND('',#1059,.T.);
#229=FACE_BOUND('',#1060,.T.);
#230=FACE_BOUND('',#1061,.T.);
#231=FACE_BOUND('',#1062,.T.);
#232=FACE_BOUND('',#1063,.T.);
#233=FACE_BOUND('',#1064,.T.);
#234=FACE_BOUND('',#1065,.T.);
#235=FACE_BOUND('',#1066,.T.);
#236=FACE_BOUND('',#1067,.T.);
#237=FACE_BOUND('',#1068,.T.);
#238=FACE_BOUND('',#1069,.T.);
#239=FACE_BOUND('',#1070,.T.);
#240=FACE_BOUND('',#1071,.T.);
#241=FACE_BOUND('',#1072,.T.);
#242=FACE_BOUND('',#1073,.T.);
#243=FACE_BOUND('',#1074,.T.);
#244=FACE_BOUND('',#1075,.T.);
#245=FACE_BOUND('',#1076,.T.);
#246=FACE_BOUND('',#1077,.T.);
#247=FACE_BOUND('',#1078,.T.);
#248=FACE_BOUND('',#1079,.T.);
#249=FACE_BOUND('',#1080,.T.);
#250=FACE_BOUND('',#1081,.T.);
#251=FACE_BOUND('',#1082,.T.);
#252=FACE_BOUND('',#1083,.T.);
#253=FACE_BOUND('',#1084,.T.);
#254=FACE_BOUND('',#1085,.T.);
#255=FACE_BOUND('',#1086,.T.);
#256=FACE_BOUND('',#1087,.T.);
#257=FACE_BOUND('',#1088,.T.);
#258=FACE_BOUND('',#1089,.T.);
#259=FACE_BOUND('',#1090,.T.);
#260=FACE_BOUND('',#1091,.T.);
#261=FACE_BOUND('',#1092,.T.);
#262=FACE_BOUND('',#1093,.T.);
#263=FACE_BOUND('',#1094,.T.);
#264=FACE_BOUND('',#1095,.T.);
#265=FACE_BOUND('',#1096,.T.);
#266=FACE_BOUND('',#1097,.T.);
#267=FACE_BOUND('',#1098,.T.);
#268=FACE_BOUND('',#1099,.T.);
#269=FACE_BOUND('',#1100,.T.);
#270=FACE_BOUND('',#1101,.T.);
#271=FACE_BOUND('',#1102,.T.);
#272=FACE_BOUND('',#1103,.T.);
#273=FACE_BOUND('',#1104,.T.);
#274=FACE_BOUND('',#1105,.T.);
#275=FACE_BOUND('',#1106,.T.);
#276=FACE_BOUND('',#1107,.T.);
#277=FACE_BOUND('',#1108,.T.);
#278=FACE_BOUND('',#1109,.T.);
#279=FACE_BOUND('',#1110,.T.);
#280=FACE_BOUND('',#1111,.T.);
#281=FACE_BOUND('',#1112,.T.);
#282=FACE_BOUND('',#1113,.T.);
#283=FACE_BOUND('',#1114,.T.);
#284=FACE_BOUND('',#1115,.T.);
#285=FACE_BOUND('',#1116,.T.);
#286=FACE_BOUND('',#1117,.T.);
#287=FACE_BOUND('',#1118,.T.);
#288=FACE_BOUND('',#1119,.T.);
#289=FACE_BOUND('',#1120,.T.);
#290=FACE_BOUND('',#1121,.T.);
#291=FACE_BOUND('',#1477,.T.);
#292=FACE_BOUND('',#1478,.T.);
#293=FACE_BOUND('',#1479,.T.);
#294=FACE_BOUND('',#1480,.T.);
#295=FACE_BOUND('',#1481,.T.);
#296=FACE_BOUND('',#1482,.T.);
#297=FACE_BOUND('',#1483,.T.);
#298=FACE_BOUND('',#1484,.T.);
#299=FACE_BOUND('',#1485,.T.);
#300=FACE_BOUND('',#1486,.T.);
#301=FACE_BOUND('',#1506,.T.);
#302=FACE_BOUND('',#1508,.T.);
#303=FACE_BOUND('',#1524,.T.);
#304=FACE_BOUND('',#1537,.T.);
#305=FACE_BOUND('',#1538,.T.);
#306=FACE_BOUND('',#1539,.T.);
#307=FACE_BOUND('',#1540,.T.);
#308=FACE_BOUND('',#1541,.T.);
#309=FACE_BOUND('',#1542,.T.);
#310=FACE_BOUND('',#1543,.T.);
#311=FACE_BOUND('',#1544,.T.);
#312=FACE_BOUND('',#1545,.T.);
#313=FACE_BOUND('',#1546,.T.);
#314=FACE_BOUND('',#1553,.T.);
#315=FACE_BOUND('',#1554,.T.);
#316=FACE_BOUND('',#1562,.T.);
#317=FACE_BOUND('',#1563,.T.);
#318=FACE_BOUND('',#1596,.T.);
#319=FACE_BOUND('',#1609,.T.);
#320=CIRCLE('',#9640,5.);
#321=CIRCLE('',#9641,5.);
#322=CIRCLE('',#9642,1.1);
#323=CIRCLE('',#9643,1.09999999999999);
#324=CIRCLE('',#9644,1.1);
#325=CIRCLE('',#9645,1.09999999999999);
#326=CIRCLE('',#9646,1.09999999999999);
#327=CIRCLE('',#9647,1.1);
#328=CIRCLE('',#9648,1.09999999999999);
#329=CIRCLE('',#9649,1.1);
#330=CIRCLE('',#9650,1.09999999999999);
#331=CIRCLE('',#9651,1.09999999999999);
#332=CIRCLE('',#9654,5.);
#333=CIRCLE('',#9656,5.);
#334=CIRCLE('',#9657,1.1);
#335=CIRCLE('',#9658,1.09999999999999);
#336=CIRCLE('',#9659,1.1);
#337=CIRCLE('',#9660,1.09999999999999);
#338=CIRCLE('',#9661,1.09999999999999);
#339=CIRCLE('',#9662,1.1);
#340=CIRCLE('',#9663,1.09999999999999);
#341=CIRCLE('',#9664,1.1);
#342=CIRCLE('',#9665,1.09999999999999);
#343=CIRCLE('',#9666,1.09999999999999);
#344=CIRCLE('',#10004,5.);
#345=CIRCLE('',#10005,3.99999999999998);
#346=CIRCLE('',#10008,5.);
#347=CIRCLE('',#10009,4.);
#348=CIRCLE('',#10012,5.);
#349=CIRCLE('',#10013,4.);
#350=CIRCLE('',#10016,5.);
#351=CIRCLE('',#10017,4.);
#352=CIRCLE('',#10020,5.);
#353=CIRCLE('',#10021,4.);
#354=CIRCLE('',#10024,5.);
#355=CIRCLE('',#10025,6.00000000000002);
#356=CIRCLE('',#10029,5.);
#357=CIRCLE('',#10032,5.);
#358=CIRCLE('',#10035,5.);
#359=CIRCLE('',#10037,2.1);
#360=CIRCLE('',#10038,2.1);
#361=CIRCLE('',#10039,2.09999999999999);
#362=CIRCLE('',#10040,2.09999999999999);
#363=CIRCLE('',#10041,2.09999999999999);
#364=CIRCLE('',#10042,2.09999999999999);
#365=CIRCLE('',#10043,2.1);
#366=CIRCLE('',#10044,2.1);
#367=CIRCLE('',#10045,2.09999999999999);
#368=CIRCLE('',#10046,2.09999999999999);
#369=CIRCLE('',#10048,1.1);
#370=CIRCLE('',#10050,1.09999999999999);
#371=CIRCLE('',#10052,1.1);
#372=CIRCLE('',#10054,1.09999999999999);
#373=CIRCLE('',#10056,1.09999999999999);
#374=CIRCLE('',#10058,1.1);
#375=CIRCLE('',#10060,1.09999999999999);
#376=CIRCLE('',#10062,1.1);
#377=CIRCLE('',#10064,1.09999999999999);
#378=CIRCLE('',#10066,1.09999999999999);
#379=CIRCLE('',#10076,1.);
#380=CIRCLE('',#10077,1.);
#381=CIRCLE('',#10078,1.);
#382=CIRCLE('',#10079,1.);
#383=CIRCLE('',#10081,3.99999999999998);
#384=CIRCLE('',#10082,4.);
#385=CIRCLE('',#10083,4.);
#386=CIRCLE('',#10084,4.);
#387=CIRCLE('',#10085,4.);
#388=CIRCLE('',#10086,6.00000000000002);
#389=CIRCLE('',#10094,5.);
#390=CIRCLE('',#10097,5.);
#391=CIRCLE('',#10100,5.);
#392=CIRCLE('',#10105,1.);
#393=CIRCLE('',#10106,1.);
#394=CIRCLE('',#10107,1.);
#395=CIRCLE('',#10108,1.);
#396=CIRCLE('',#10125,2.);
#397=CIRCLE('',#10126,2.);
#398=CIRCLE('',#10129,2.);
#399=CIRCLE('',#10130,1.09999999999999);
#400=CIRCLE('',#10131,1.09999999999999);
#401=CIRCLE('',#10133,2.);
#402=CIRCLE('',#10135,1.09999999999999);
#403=CIRCLE('',#10137,1.09999999999999);
#404=CIRCLE('',#10143,1.69999999999998);
#405=CIRCLE('',#10144,0.999999999999981);
#406=CIRCLE('',#10146,2.19999999999997);
#407=CIRCLE('',#10147,1.49999999999999);
#408=CIRCLE('',#10149,1.70000000000001);
#409=CIRCLE('',#10150,0.999999999999995);
#410=CIRCLE('',#10152,2.19999999999998);
#411=CIRCLE('',#10153,1.49999999999999);
#412=CIRCLE('',#10155,1.69999999999999);
#413=CIRCLE('',#10156,0.999999999999997);
#414=CIRCLE('',#10158,2.19999999999997);
#415=CIRCLE('',#10159,1.49999999999999);
#416=CIRCLE('',#10161,1.7);
#417=CIRCLE('',#10162,1.);
#418=CIRCLE('',#10164,2.2);
#419=CIRCLE('',#10165,1.49999999999999);
#420=CIRCLE('',#10167,1.7);
#421=CIRCLE('',#10168,0.999999999999966);
#422=CIRCLE('',#10170,2.2);
#423=CIRCLE('',#10171,1.49999999999999);
#424=CIRCLE('',#10173,1.69999999999998);
#425=CIRCLE('',#10174,0.999999999999981);
#426=CIRCLE('',#10176,2.19999999999997);
#427=CIRCLE('',#10177,1.49999999999999);
#428=CIRCLE('',#10179,1.7);
#429=CIRCLE('',#10180,0.999999999999999);
#430=CIRCLE('',#10182,2.19999999999998);
#431=CIRCLE('',#10183,1.49999999999999);
#432=CIRCLE('',#10185,1.7);
#433=CIRCLE('',#10186,0.999999999999999);
#434=CIRCLE('',#10188,2.19999999999997);
#435=CIRCLE('',#10189,1.49999999999999);
#436=CIRCLE('',#10191,1.7);
#437=CIRCLE('',#10192,1.);
#438=CIRCLE('',#10194,2.2);
#439=CIRCLE('',#10195,1.49999999999999);
#440=CIRCLE('',#10197,1.7);
#441=CIRCLE('',#10198,0.999999999999966);
#442=CIRCLE('',#10200,2.2);
#443=CIRCLE('',#10201,1.49999999999999);
#444=CIRCLE('',#10203,1.49999999999996);
#445=CIRCLE('',#10205,1.7);
#446=CIRCLE('',#10207,1.49999999999999);
#447=CIRCLE('',#10209,1.7);
#448=CIRCLE('',#10211,1.49999999999999);
#449=CIRCLE('',#10213,1.7);
#450=CIRCLE('',#10215,1.49999999999999);
#451=CIRCLE('',#10217,1.7);
#452=CIRCLE('',#10219,1.49999999999998);
#453=CIRCLE('',#10221,1.69999999999998);
#454=CIRCLE('',#10224,1.49999999999996);
#455=CIRCLE('',#10225,1.7);
#456=CIRCLE('',#10226,1.49999999999999);
#457=CIRCLE('',#10227,1.69999999999999);
#458=CIRCLE('',#10228,1.49999999999999);
#459=CIRCLE('',#10229,1.7);
#460=CIRCLE('',#10230,1.49999999999999);
#461=CIRCLE('',#10231,1.7);
#462=CIRCLE('',#10232,1.49999999999998);
#463=CIRCLE('',#10233,1.69999999999998);
#464=CIRCLE('',#10234,4.60977052107051);
#465=CIRCLE('',#10245,4.60977052107051);
#466=CIRCLE('',#10248,3.1);
#467=CIRCLE('',#10250,3.1);
#468=FACE_OUTER_BOUND('',#936,.T.);
#469=FACE_OUTER_BOUND('',#937,.T.);
#470=FACE_OUTER_BOUND('',#938,.T.);
#471=FACE_OUTER_BOUND('',#1029,.T.);
#472=FACE_OUTER_BOUND('',#1030,.T.);
#473=FACE_OUTER_BOUND('',#1031,.T.);
#474=FACE_OUTER_BOUND('',#1122,.T.);
#475=FACE_OUTER_BOUND('',#1123,.T.);
#476=FACE_OUTER_BOUND('',#1124,.T.);
#477=FACE_OUTER_BOUND('',#1125,.T.);
#478=FACE_OUTER_BOUND('',#1126,.T.);
#479=FACE_OUTER_BOUND('',#1127,.T.);
#480=FACE_OUTER_BOUND('',#1128,.T.);
#481=FACE_OUTER_BOUND('',#1129,.T.);
#482=FACE_OUTER_BOUND('',#1130,.T.);
#483=FACE_OUTER_BOUND('',#1131,.T.);
#484=FACE_OUTER_BOUND('',#1132,.T.);
#485=FACE_OUTER_BOUND('',#1133,.T.);
#486=FACE_OUTER_BOUND('',#1134,.T.);
#487=FACE_OUTER_BOUND('',#1135,.T.);
#488=FACE_OUTER_BOUND('',#1136,.T.);
#489=FACE_OUTER_BOUND('',#1137,.T.);
#490=FACE_OUTER_BOUND('',#1138,.T.);
#491=FACE_OUTER_BOUND('',#1139,.T.);
#492=FACE_OUTER_BOUND('',#1140,.T.);
#493=FACE_OUTER_BOUND('',#1141,.T.);
#494=FACE_OUTER_BOUND('',#1142,.T.);
#495=FACE_OUTER_BOUND('',#1143,.T.);
#496=FACE_OUTER_BOUND('',#1144,.T.);
#497=FACE_OUTER_BOUND('',#1145,.T.);
#498=FACE_OUTER_BOUND('',#1146,.T.);
#499=FACE_OUTER_BOUND('',#1147,.T.);
#500=FACE_OUTER_BOUND('',#1148,.T.);
#501=FACE_OUTER_BOUND('',#1149,.T.);
#502=FACE_OUTER_BOUND('',#1150,.T.);
#503=FACE_OUTER_BOUND('',#1151,.T.);
#504=FACE_OUTER_BOUND('',#1152,.T.);
#505=FACE_OUTER_BOUND('',#1153,.T.);
#506=FACE_OUTER_BOUND('',#1154,.T.);
#507=FACE_OUTER_BOUND('',#1155,.T.);
#508=FACE_OUTER_BOUND('',#1156,.T.);
#509=FACE_OUTER_BOUND('',#1157,.T.);
#510=FACE_OUTER_BOUND('',#1158,.T.);
#511=FACE_OUTER_BOUND('',#1159,.T.);
#512=FACE_OUTER_BOUND('',#1160,.T.);
#513=FACE_OUTER_BOUND('',#1161,.T.);
#514=FACE_OUTER_BOUND('',#1162,.T.);
#515=FACE_OUTER_BOUND('',#1163,.T.);
#516=FACE_OUTER_BOUND('',#1164,.T.);
#517=FACE_OUTER_BOUND('',#1165,.T.);
#518=FACE_OUTER_BOUND('',#1166,.T.);
#519=FACE_OUTER_BOUND('',#1167,.T.);
#520=FACE_OUTER_BOUND('',#1168,.T.);
#521=FACE_OUTER_BOUND('',#1169,.T.);
#522=FACE_OUTER_BOUND('',#1170,.T.);
#523=FACE_OUTER_BOUND('',#1171,.T.);
#524=FACE_OUTER_BOUND('',#1172,.T.);
#525=FACE_OUTER_BOUND('',#1173,.T.);
#526=FACE_OUTER_BOUND('',#1174,.T.);
#527=FACE_OUTER_BOUND('',#1175,.T.);
#528=FACE_OUTER_BOUND('',#1176,.T.);
#529=FACE_OUTER_BOUND('',#1177,.T.);
#530=FACE_OUTER_BOUND('',#1178,.T.);
#531=FACE_OUTER_BOUND('',#1179,.T.);
#532=FACE_OUTER_BOUND('',#1180,.T.);
#533=FACE_OUTER_BOUND('',#1181,.T.);
#534=FACE_OUTER_BOUND('',#1182,.T.);
#535=FACE_OUTER_BOUND('',#1183,.T.);
#536=FACE_OUTER_BOUND('',#1184,.T.);
#537=FACE_OUTER_BOUND('',#1185,.T.);
#538=FACE_OUTER_BOUND('',#1186,.T.);
#539=FACE_OUTER_BOUND('',#1187,.T.);
#540=FACE_OUTER_BOUND('',#1188,.T.);
#541=FACE_OUTER_BOUND('',#1189,.T.);
#542=FACE_OUTER_BOUND('',#1190,.T.);
#543=FACE_OUTER_BOUND('',#1191,.T.);
#544=FACE_OUTER_BOUND('',#1192,.T.);
#545=FACE_OUTER_BOUND('',#1193,.T.);
#546=FACE_OUTER_BOUND('',#1194,.T.);
#547=FACE_OUTER_BOUND('',#1195,.T.);
#548=FACE_OUTER_BOUND('',#1196,.T.);
#549=FACE_OUTER_BOUND('',#1197,.T.);
#550=FACE_OUTER_BOUND('',#1198,.T.);
#551=FACE_OUTER_BOUND('',#1199,.T.);
#552=FACE_OUTER_BOUND('',#1200,.T.);
#553=FACE_OUTER_BOUND('',#1201,.T.);
#554=FACE_OUTER_BOUND('',#1202,.T.);
#555=FACE_OUTER_BOUND('',#1203,.T.);
#556=FACE_OUTER_BOUND('',#1204,.T.);
#557=FACE_OUTER_BOUND('',#1205,.T.);
#558=FACE_OUTER_BOUND('',#1206,.T.);
#559=FACE_OUTER_BOUND('',#1207,.T.);
#560=FACE_OUTER_BOUND('',#1208,.T.);
#561=FACE_OUTER_BOUND('',#1209,.T.);
#562=FACE_OUTER_BOUND('',#1210,.T.);
#563=FACE_OUTER_BOUND('',#1211,.T.);
#564=FACE_OUTER_BOUND('',#1212,.T.);
#565=FACE_OUTER_BOUND('',#1213,.T.);
#566=FACE_OUTER_BOUND('',#1214,.T.);
#567=FACE_OUTER_BOUND('',#1215,.T.);
#568=FACE_OUTER_BOUND('',#1216,.T.);
#569=FACE_OUTER_BOUND('',#1217,.T.);
#570=FACE_OUTER_BOUND('',#1218,.T.);
#571=FACE_OUTER_BOUND('',#1219,.T.);
#572=FACE_OUTER_BOUND('',#1220,.T.);
#573=FACE_OUTER_BOUND('',#1221,.T.);
#574=FACE_OUTER_BOUND('',#1222,.T.);
#575=FACE_OUTER_BOUND('',#1223,.T.);
#576=FACE_OUTER_BOUND('',#1224,.T.);
#577=FACE_OUTER_BOUND('',#1225,.T.);
#578=FACE_OUTER_BOUND('',#1226,.T.);
#579=FACE_OUTER_BOUND('',#1227,.T.);
#580=FACE_OUTER_BOUND('',#1228,.T.);
#581=FACE_OUTER_BOUND('',#1229,.T.);
#582=FACE_OUTER_BOUND('',#1230,.T.);
#583=FACE_OUTER_BOUND('',#1231,.T.);
#584=FACE_OUTER_BOUND('',#1232,.T.);
#585=FACE_OUTER_BOUND('',#1233,.T.);
#586=FACE_OUTER_BOUND('',#1234,.T.);
#587=FACE_OUTER_BOUND('',#1235,.T.);
#588=FACE_OUTER_BOUND('',#1236,.T.);
#589=FACE_OUTER_BOUND('',#1237,.T.);
#590=FACE_OUTER_BOUND('',#1238,.T.);
#591=FACE_OUTER_BOUND('',#1239,.T.);
#592=FACE_OUTER_BOUND('',#1240,.T.);
#593=FACE_OUTER_BOUND('',#1241,.T.);
#594=FACE_OUTER_BOUND('',#1242,.T.);
#595=FACE_OUTER_BOUND('',#1243,.T.);
#596=FACE_OUTER_BOUND('',#1244,.T.);
#597=FACE_OUTER_BOUND('',#1245,.T.);
#598=FACE_OUTER_BOUND('',#1246,.T.);
#599=FACE_OUTER_BOUND('',#1247,.T.);
#600=FACE_OUTER_BOUND('',#1248,.T.);
#601=FACE_OUTER_BOUND('',#1249,.T.);
#602=FACE_OUTER_BOUND('',#1250,.T.);
#603=FACE_OUTER_BOUND('',#1251,.T.);
#604=FACE_OUTER_BOUND('',#1252,.T.);
#605=FACE_OUTER_BOUND('',#1253,.T.);
#606=FACE_OUTER_BOUND('',#1254,.T.);
#607=FACE_OUTER_BOUND('',#1255,.T.);
#608=FACE_OUTER_BOUND('',#1256,.T.);
#609=FACE_OUTER_BOUND('',#1257,.T.);
#610=FACE_OUTER_BOUND('',#1258,.T.);
#611=FACE_OUTER_BOUND('',#1259,.T.);
#612=FACE_OUTER_BOUND('',#1260,.T.);
#613=FACE_OUTER_BOUND('',#1261,.T.);
#614=FACE_OUTER_BOUND('',#1262,.T.);
#615=FACE_OUTER_BOUND('',#1263,.T.);
#616=FACE_OUTER_BOUND('',#1264,.T.);
#617=FACE_OUTER_BOUND('',#1265,.T.);
#618=FACE_OUTER_BOUND('',#1266,.T.);
#619=FACE_OUTER_BOUND('',#1267,.T.);
#620=FACE_OUTER_BOUND('',#1268,.T.);
#621=FACE_OUTER_BOUND('',#1269,.T.);
#622=FACE_OUTER_BOUND('',#1270,.T.);
#623=FACE_OUTER_BOUND('',#1271,.T.);
#624=FACE_OUTER_BOUND('',#1272,.T.);
#625=FACE_OUTER_BOUND('',#1273,.T.);
#626=FACE_OUTER_BOUND('',#1274,.T.);
#627=FACE_OUTER_BOUND('',#1275,.T.);
#628=FACE_OUTER_BOUND('',#1276,.T.);
#629=FACE_OUTER_BOUND('',#1277,.T.);
#630=FACE_OUTER_BOUND('',#1278,.T.);
#631=FACE_OUTER_BOUND('',#1279,.T.);
#632=FACE_OUTER_BOUND('',#1280,.T.);
#633=FACE_OUTER_BOUND('',#1281,.T.);
#634=FACE_OUTER_BOUND('',#1282,.T.);
#635=FACE_OUTER_BOUND('',#1283,.T.);
#636=FACE_OUTER_BOUND('',#1284,.T.);
#637=FACE_OUTER_BOUND('',#1285,.T.);
#638=FACE_OUTER_BOUND('',#1286,.T.);
#639=FACE_OUTER_BOUND('',#1287,.T.);
#640=FACE_OUTER_BOUND('',#1288,.T.);
#641=FACE_OUTER_BOUND('',#1289,.T.);
#642=FACE_OUTER_BOUND('',#1290,.T.);
#643=FACE_OUTER_BOUND('',#1291,.T.);
#644=FACE_OUTER_BOUND('',#1292,.T.);
#645=FACE_OUTER_BOUND('',#1293,.T.);
#646=FACE_OUTER_BOUND('',#1294,.T.);
#647=FACE_OUTER_BOUND('',#1295,.T.);
#648=FACE_OUTER_BOUND('',#1296,.T.);
#649=FACE_OUTER_BOUND('',#1297,.T.);
#650=FACE_OUTER_BOUND('',#1298,.T.);
#651=FACE_OUTER_BOUND('',#1299,.T.);
#652=FACE_OUTER_BOUND('',#1300,.T.);
#653=FACE_OUTER_BOUND('',#1301,.T.);
#654=FACE_OUTER_BOUND('',#1302,.T.);
#655=FACE_OUTER_BOUND('',#1303,.T.);
#656=FACE_OUTER_BOUND('',#1304,.T.);
#657=FACE_OUTER_BOUND('',#1305,.T.);
#658=FACE_OUTER_BOUND('',#1306,.T.);
#659=FACE_OUTER_BOUND('',#1307,.T.);
#660=FACE_OUTER_BOUND('',#1308,.T.);
#661=FACE_OUTER_BOUND('',#1309,.T.);
#662=FACE_OUTER_BOUND('',#1310,.T.);
#663=FACE_OUTER_BOUND('',#1311,.T.);
#664=FACE_OUTER_BOUND('',#1312,.T.);
#665=FACE_OUTER_BOUND('',#1313,.T.);
#666=FACE_OUTER_BOUND('',#1314,.T.);
#667=FACE_OUTER_BOUND('',#1315,.T.);
#668=FACE_OUTER_BOUND('',#1316,.T.);
#669=FACE_OUTER_BOUND('',#1317,.T.);
#670=FACE_OUTER_BOUND('',#1318,.T.);
#671=FACE_OUTER_BOUND('',#1319,.T.);
#672=FACE_OUTER_BOUND('',#1320,.T.);
#673=FACE_OUTER_BOUND('',#1321,.T.);
#674=FACE_OUTER_BOUND('',#1322,.T.);
#675=FACE_OUTER_BOUND('',#1323,.T.);
#676=FACE_OUTER_BOUND('',#1324,.T.);
#677=FACE_OUTER_BOUND('',#1325,.T.);
#678=FACE_OUTER_BOUND('',#1326,.T.);
#679=FACE_OUTER_BOUND('',#1327,.T.);
#680=FACE_OUTER_BOUND('',#1328,.T.);
#681=FACE_OUTER_BOUND('',#1329,.T.);
#682=FACE_OUTER_BOUND('',#1330,.T.);
#683=FACE_OUTER_BOUND('',#1331,.T.);
#684=FACE_OUTER_BOUND('',#1332,.T.);
#685=FACE_OUTER_BOUND('',#1333,.T.);
#686=FACE_OUTER_BOUND('',#1334,.T.);
#687=FACE_OUTER_BOUND('',#1335,.T.);
#688=FACE_OUTER_BOUND('',#1336,.T.);
#689=FACE_OUTER_BOUND('',#1337,.T.);
#690=FACE_OUTER_BOUND('',#1338,.T.);
#691=FACE_OUTER_BOUND('',#1339,.T.);
#692=FACE_OUTER_BOUND('',#1340,.T.);
#693=FACE_OUTER_BOUND('',#1341,.T.);
#694=FACE_OUTER_BOUND('',#1342,.T.);
#695=FACE_OUTER_BOUND('',#1343,.T.);
#696=FACE_OUTER_BOUND('',#1344,.T.);
#697=FACE_OUTER_BOUND('',#1345,.T.);
#698=FACE_OUTER_BOUND('',#1346,.T.);
#699=FACE_OUTER_BOUND('',#1347,.T.);
#700=FACE_OUTER_BOUND('',#1348,.T.);
#701=FACE_OUTER_BOUND('',#1349,.T.);
#702=FACE_OUTER_BOUND('',#1350,.T.);
#703=FACE_OUTER_BOUND('',#1351,.T.);
#704=FACE_OUTER_BOUND('',#1352,.T.);
#705=FACE_OUTER_BOUND('',#1353,.T.);
#706=FACE_OUTER_BOUND('',#1354,.T.);
#707=FACE_OUTER_BOUND('',#1355,.T.);
#708=FACE_OUTER_BOUND('',#1356,.T.);
#709=FACE_OUTER_BOUND('',#1357,.T.);
#710=FACE_OUTER_BOUND('',#1358,.T.);
#711=FACE_OUTER_BOUND('',#1359,.T.);
#712=FACE_OUTER_BOUND('',#1360,.T.);
#713=FACE_OUTER_BOUND('',#1361,.T.);
#714=FACE_OUTER_BOUND('',#1362,.T.);
#715=FACE_OUTER_BOUND('',#1363,.T.);
#716=FACE_OUTER_BOUND('',#1364,.T.);
#717=FACE_OUTER_BOUND('',#1365,.T.);
#718=FACE_OUTER_BOUND('',#1366,.T.);
#719=FACE_OUTER_BOUND('',#1367,.T.);
#720=FACE_OUTER_BOUND('',#1368,.T.);
#721=FACE_OUTER_BOUND('',#1369,.T.);
#722=FACE_OUTER_BOUND('',#1370,.T.);
#723=FACE_OUTER_BOUND('',#1371,.T.);
#724=FACE_OUTER_BOUND('',#1372,.T.);
#725=FACE_OUTER_BOUND('',#1373,.T.);
#726=FACE_OUTER_BOUND('',#1374,.T.);
#727=FACE_OUTER_BOUND('',#1375,.T.);
#728=FACE_OUTER_BOUND('',#1376,.T.);
#729=FACE_OUTER_BOUND('',#1377,.T.);
#730=FACE_OUTER_BOUND('',#1378,.T.);
#731=FACE_OUTER_BOUND('',#1379,.T.);
#732=FACE_OUTER_BOUND('',#1380,.T.);
#733=FACE_OUTER_BOUND('',#1381,.T.);
#734=FACE_OUTER_BOUND('',#1382,.T.);
#735=FACE_OUTER_BOUND('',#1383,.T.);
#736=FACE_OUTER_BOUND('',#1384,.T.);
#737=FACE_OUTER_BOUND('',#1385,.T.);
#738=FACE_OUTER_BOUND('',#1386,.T.);
#739=FACE_OUTER_BOUND('',#1387,.T.);
#740=FACE_OUTER_BOUND('',#1388,.T.);
#741=FACE_OUTER_BOUND('',#1389,.T.);
#742=FACE_OUTER_BOUND('',#1390,.T.);
#743=FACE_OUTER_BOUND('',#1391,.T.);
#744=FACE_OUTER_BOUND('',#1392,.T.);
#745=FACE_OUTER_BOUND('',#1393,.T.);
#746=FACE_OUTER_BOUND('',#1394,.T.);
#747=FACE_OUTER_BOUND('',#1395,.T.);
#748=FACE_OUTER_BOUND('',#1396,.T.);
#749=FACE_OUTER_BOUND('',#1397,.T.);
#750=FACE_OUTER_BOUND('',#1398,.T.);
#751=FACE_OUTER_BOUND('',#1399,.T.);
#752=FACE_OUTER_BOUND('',#1400,.T.);
#753=FACE_OUTER_BOUND('',#1401,.T.);
#754=FACE_OUTER_BOUND('',#1402,.T.);
#755=FACE_OUTER_BOUND('',#1403,.T.);
#756=FACE_OUTER_BOUND('',#1404,.T.);
#757=FACE_OUTER_BOUND('',#1405,.T.);
#758=FACE_OUTER_BOUND('',#1406,.T.);
#759=FACE_OUTER_BOUND('',#1407,.T.);
#760=FACE_OUTER_BOUND('',#1408,.T.);
#761=FACE_OUTER_BOUND('',#1409,.T.);
#762=FACE_OUTER_BOUND('',#1410,.T.);
#763=FACE_OUTER_BOUND('',#1411,.T.);
#764=FACE_OUTER_BOUND('',#1412,.T.);
#765=FACE_OUTER_BOUND('',#1413,.T.);
#766=FACE_OUTER_BOUND('',#1414,.T.);
#767=FACE_OUTER_BOUND('',#1415,.T.);
#768=FACE_OUTER_BOUND('',#1416,.T.);
#769=FACE_OUTER_BOUND('',#1417,.T.);
#770=FACE_OUTER_BOUND('',#1418,.T.);
#771=FACE_OUTER_BOUND('',#1419,.T.);
#772=FACE_OUTER_BOUND('',#1420,.T.);
#773=FACE_OUTER_BOUND('',#1421,.T.);
#774=FACE_OUTER_BOUND('',#1422,.T.);
#775=FACE_OUTER_BOUND('',#1423,.T.);
#776=FACE_OUTER_BOUND('',#1424,.T.);
#777=FACE_OUTER_BOUND('',#1425,.T.);
#778=FACE_OUTER_BOUND('',#1426,.T.);
#779=FACE_OUTER_BOUND('',#1427,.T.);
#780=FACE_OUTER_BOUND('',#1428,.T.);
#781=FACE_OUTER_BOUND('',#1429,.T.);
#782=FACE_OUTER_BOUND('',#1430,.T.);
#783=FACE_OUTER_BOUND('',#1431,.T.);
#784=FACE_OUTER_BOUND('',#1432,.T.);
#785=FACE_OUTER_BOUND('',#1433,.T.);
#786=FACE_OUTER_BOUND('',#1434,.T.);
#787=FACE_OUTER_BOUND('',#1435,.T.);
#788=FACE_OUTER_BOUND('',#1436,.T.);
#789=FACE_OUTER_BOUND('',#1437,.T.);
#790=FACE_OUTER_BOUND('',#1438,.T.);
#791=FACE_OUTER_BOUND('',#1439,.T.);
#792=FACE_OUTER_BOUND('',#1440,.T.);
#793=FACE_OUTER_BOUND('',#1441,.T.);
#794=FACE_OUTER_BOUND('',#1442,.T.);
#795=FACE_OUTER_BOUND('',#1443,.T.);
#796=FACE_OUTER_BOUND('',#1444,.T.);
#797=FACE_OUTER_BOUND('',#1445,.T.);
#798=FACE_OUTER_BOUND('',#1446,.T.);
#799=FACE_OUTER_BOUND('',#1447,.T.);
#800=FACE_OUTER_BOUND('',#1448,.T.);
#801=FACE_OUTER_BOUND('',#1449,.T.);
#802=FACE_OUTER_BOUND('',#1450,.T.);
#803=FACE_OUTER_BOUND('',#1451,.T.);
#804=FACE_OUTER_BOUND('',#1452,.T.);
#805=FACE_OUTER_BOUND('',#1453,.T.);
#806=FACE_OUTER_BOUND('',#1454,.T.);
#807=FACE_OUTER_BOUND('',#1455,.T.);
#808=FACE_OUTER_BOUND('',#1456,.T.);
#809=FACE_OUTER_BOUND('',#1457,.T.);
#810=FACE_OUTER_BOUND('',#1458,.T.);
#811=FACE_OUTER_BOUND('',#1459,.T.);
#812=FACE_OUTER_BOUND('',#1460,.T.);
#813=FACE_OUTER_BOUND('',#1461,.T.);
#814=FACE_OUTER_BOUND('',#1462,.T.);
#815=FACE_OUTER_BOUND('',#1463,.T.);
#816=FACE_OUTER_BOUND('',#1464,.T.);
#817=FACE_OUTER_BOUND('',#1465,.T.);
#818=FACE_OUTER_BOUND('',#1466,.T.);
#819=FACE_OUTER_BOUND('',#1467,.T.);
#820=FACE_OUTER_BOUND('',#1468,.T.);
#821=FACE_OUTER_BOUND('',#1469,.T.);
#822=FACE_OUTER_BOUND('',#1470,.T.);
#823=FACE_OUTER_BOUND('',#1471,.T.);
#824=FACE_OUTER_BOUND('',#1472,.T.);
#825=FACE_OUTER_BOUND('',#1473,.T.);
#826=FACE_OUTER_BOUND('',#1474,.T.);
#827=FACE_OUTER_BOUND('',#1475,.T.);
#828=FACE_OUTER_BOUND('',#1476,.T.);
#829=FACE_OUTER_BOUND('',#1487,.T.);
#830=FACE_OUTER_BOUND('',#1488,.T.);
#831=FACE_OUTER_BOUND('',#1489,.T.);
#832=FACE_OUTER_BOUND('',#1490,.T.);
#833=FACE_OUTER_BOUND('',#1491,.T.);
#834=FACE_OUTER_BOUND('',#1492,.T.);
#835=FACE_OUTER_BOUND('',#1493,.T.);
#836=FACE_OUTER_BOUND('',#1494,.T.);
#837=FACE_OUTER_BOUND('',#1495,.T.);
#838=FACE_OUTER_BOUND('',#1496,.T.);
#839=FACE_OUTER_BOUND('',#1497,.T.);
#840=FACE_OUTER_BOUND('',#1498,.T.);
#841=FACE_OUTER_BOUND('',#1499,.T.);
#842=FACE_OUTER_BOUND('',#1500,.T.);
#843=FACE_OUTER_BOUND('',#1501,.T.);
#844=FACE_OUTER_BOUND('',#1502,.T.);
#845=FACE_OUTER_BOUND('',#1503,.T.);
#846=FACE_OUTER_BOUND('',#1504,.T.);
#847=FACE_OUTER_BOUND('',#1505,.T.);
#848=FACE_OUTER_BOUND('',#1507,.T.);
#849=FACE_OUTER_BOUND('',#1509,.T.);
#850=FACE_OUTER_BOUND('',#1510,.T.);
#851=FACE_OUTER_BOUND('',#1511,.T.);
#852=FACE_OUTER_BOUND('',#1512,.T.);
#853=FACE_OUTER_BOUND('',#1513,.T.);
#854=FACE_OUTER_BOUND('',#1514,.T.);
#855=FACE_OUTER_BOUND('',#1515,.T.);
#856=FACE_OUTER_BOUND('',#1516,.T.);
#857=FACE_OUTER_BOUND('',#1517,.T.);
#858=FACE_OUTER_BOUND('',#1518,.T.);
#859=FACE_OUTER_BOUND('',#1519,.T.);
#860=FACE_OUTER_BOUND('',#1520,.T.);
#861=FACE_OUTER_BOUND('',#1521,.T.);
#862=FACE_OUTER_BOUND('',#1522,.T.);
#863=FACE_OUTER_BOUND('',#1523,.T.);
#864=FACE_OUTER_BOUND('',#1525,.T.);
#865=FACE_OUTER_BOUND('',#1526,.T.);
#866=FACE_OUTER_BOUND('',#1527,.T.);
#867=FACE_OUTER_BOUND('',#1528,.T.);
#868=FACE_OUTER_BOUND('',#1529,.T.);
#869=FACE_OUTER_BOUND('',#1530,.T.);
#870=FACE_OUTER_BOUND('',#1531,.T.);
#871=FACE_OUTER_BOUND('',#1532,.T.);
#872=FACE_OUTER_BOUND('',#1533,.T.);
#873=FACE_OUTER_BOUND('',#1534,.T.);
#874=FACE_OUTER_BOUND('',#1535,.T.);
#875=FACE_OUTER_BOUND('',#1536,.T.);
#876=FACE_OUTER_BOUND('',#1547,.T.);
#877=FACE_OUTER_BOUND('',#1548,.T.);
#878=FACE_OUTER_BOUND('',#1549,.T.);
#879=FACE_OUTER_BOUND('',#1550,.T.);
#880=FACE_OUTER_BOUND('',#1551,.T.);
#881=FACE_OUTER_BOUND('',#1552,.T.);
#882=FACE_OUTER_BOUND('',#1555,.T.);
#883=FACE_OUTER_BOUND('',#1556,.T.);
#884=FACE_OUTER_BOUND('',#1557,.T.);
#885=FACE_OUTER_BOUND('',#1558,.T.);
#886=FACE_OUTER_BOUND('',#1559,.T.);
#887=FACE_OUTER_BOUND('',#1560,.T.);
#888=FACE_OUTER_BOUND('',#1561,.T.);
#889=FACE_OUTER_BOUND('',#1564,.T.);
#890=FACE_OUTER_BOUND('',#1565,.T.);
#891=FACE_OUTER_BOUND('',#1566,.T.);
#892=FACE_OUTER_BOUND('',#1567,.T.);
#893=FACE_OUTER_BOUND('',#1568,.T.);
#894=FACE_OUTER_BOUND('',#1569,.T.);
#895=FACE_OUTER_BOUND('',#1570,.T.);
#896=FACE_OUTER_BOUND('',#1571,.T.);
#897=FACE_OUTER_BOUND('',#1572,.T.);
#898=FACE_OUTER_BOUND('',#1573,.T.);
#899=FACE_OUTER_BOUND('',#1574,.T.);
#900=FACE_OUTER_BOUND('',#1575,.T.);
#901=FACE_OUTER_BOUND('',#1576,.T.);
#902=FACE_OUTER_BOUND('',#1577,.T.);
#903=FACE_OUTER_BOUND('',#1578,.T.);
#904=FACE_OUTER_BOUND('',#1579,.T.);
#905=FACE_OUTER_BOUND('',#1580,.T.);
#906=FACE_OUTER_BOUND('',#1581,.T.);
#907=FACE_OUTER_BOUND('',#1582,.T.);
#908=FACE_OUTER_BOUND('',#1583,.T.);
#909=FACE_OUTER_BOUND('',#1584,.T.);
#910=FACE_OUTER_BOUND('',#1585,.T.);
#911=FACE_OUTER_BOUND('',#1586,.T.);
#912=FACE_OUTER_BOUND('',#1587,.T.);
#913=FACE_OUTER_BOUND('',#1588,.T.);
#914=FACE_OUTER_BOUND('',#1589,.T.);
#915=FACE_OUTER_BOUND('',#1590,.T.);
#916=FACE_OUTER_BOUND('',#1591,.T.);
#917=FACE_OUTER_BOUND('',#1592,.T.);
#918=FACE_OUTER_BOUND('',#1593,.T.);
#919=FACE_OUTER_BOUND('',#1594,.T.);
#920=FACE_OUTER_BOUND('',#1595,.T.);
#921=FACE_OUTER_BOUND('',#1597,.T.);
#922=FACE_OUTER_BOUND('',#1598,.T.);
#923=FACE_OUTER_BOUND('',#1599,.T.);
#924=FACE_OUTER_BOUND('',#1600,.T.);
#925=FACE_OUTER_BOUND('',#1601,.T.);
#926=FACE_OUTER_BOUND('',#1602,.T.);
#927=FACE_OUTER_BOUND('',#1603,.T.);
#928=FACE_OUTER_BOUND('',#1604,.T.);
#929=FACE_OUTER_BOUND('',#1605,.T.);
#930=FACE_OUTER_BOUND('',#1606,.T.);
#931=FACE_OUTER_BOUND('',#1607,.T.);
#932=FACE_OUTER_BOUND('',#1608,.T.);
#933=FACE_OUTER_BOUND('',#1610,.T.);
#934=FACE_OUTER_BOUND('',#1611,.T.);
#935=FACE_OUTER_BOUND('',#1612,.T.);
#936=EDGE_LOOP('',(#6144,#6145,#6146,#6147));
#937=EDGE_LOOP('',(#6148,#6149,#6150,#6151));
#938=EDGE_LOOP('',(#6152,#6153,#6154,#6155,#6156,#6157,#6158,#6159,#6160,
#6161));
#939=EDGE_LOOP('',(#6162,#6163,#6164,#6165));
#940=EDGE_LOOP('',(#6166,#6167,#6168,#6169));
#941=EDGE_LOOP('',(#6170));
#942=EDGE_LOOP('',(#6171));
#943=EDGE_LOOP('',(#6172,#6173,#6174,#6175));
#944=EDGE_LOOP('',(#6176));
#945=EDGE_LOOP('',(#6177,#6178,#6179,#6180));
#946=EDGE_LOOP('',(#6181,#6182,#6183,#6184));
#947=EDGE_LOOP('',(#6185,#6186,#6187,#6188));
#948=EDGE_LOOP('',(#6189,#6190,#6191,#6192));
#949=EDGE_LOOP('',(#6193,#6194,#6195,#6196));
#950=EDGE_LOOP('',(#6197,#6198,#6199,#6200));
#951=EDGE_LOOP('',(#6201,#6202,#6203,#6204));
#952=EDGE_LOOP('',(#6205,#6206,#6207,#6208));
#953=EDGE_LOOP('',(#6209,#6210,#6211,#6212));
#954=EDGE_LOOP('',(#6213));
#955=EDGE_LOOP('',(#6214,#6215,#6216,#6217));
#956=EDGE_LOOP('',(#6218,#6219,#6220,#6221));
#957=EDGE_LOOP('',(#6222,#6223,#6224,#6225));
#958=EDGE_LOOP('',(#6226,#6227,#6228,#6229));
#959=EDGE_LOOP('',(#6230,#6231,#6232,#6233));
#960=EDGE_LOOP('',(#6234));
#961=EDGE_LOOP('',(#6235,#6236,#6237,#6238));
#962=EDGE_LOOP('',(#6239,#6240,#6241,#6242));
#963=EDGE_LOOP('',(#6243,#6244,#6245,#6246));
#964=EDGE_LOOP('',(#6247,#6248,#6249,#6250));
#965=EDGE_LOOP('',(#6251));
#966=EDGE_LOOP('',(#6252,#6253,#6254,#6255));
#967=EDGE_LOOP('',(#6256));
#968=EDGE_LOOP('',(#6257,#6258,#6259,#6260));
#969=EDGE_LOOP('',(#6261));
#970=EDGE_LOOP('',(#6262,#6263,#6264,#6265));
#971=EDGE_LOOP('',(#6266,#6267,#6268,#6269));
#972=EDGE_LOOP('',(#6270,#6271,#6272,#6273));
#973=EDGE_LOOP('',(#6274));
#974=EDGE_LOOP('',(#6275,#6276,#6277,#6278));
#975=EDGE_LOOP('',(#6279,#6280,#6281,#6282));
#976=EDGE_LOOP('',(#6283));
#977=EDGE_LOOP('',(#6284,#6285,#6286,#6287));
#978=EDGE_LOOP('',(#6288,#6289,#6290,#6291));
#979=EDGE_LOOP('',(#6292,#6293,#6294,#6295));
#980=EDGE_LOOP('',(#6296,#6297,#6298,#6299));
#981=EDGE_LOOP('',(#6300,#6301,#6302,#6303));
#982=EDGE_LOOP('',(#6304,#6305,#6306,#6307));
#983=EDGE_LOOP('',(#6308,#6309,#6310,#6311));
#984=EDGE_LOOP('',(#6312,#6313,#6314,#6315));
#985=EDGE_LOOP('',(#6316,#6317,#6318,#6319));
#986=EDGE_LOOP('',(#6320,#6321,#6322,#6323));
#987=EDGE_LOOP('',(#6324,#6325,#6326,#6327));
#988=EDGE_LOOP('',(#6328,#6329,#6330,#6331));
#989=EDGE_LOOP('',(#6332,#6333,#6334,#6335));
#990=EDGE_LOOP('',(#6336,#6337,#6338,#6339));
#991=EDGE_LOOP('',(#6340,#6341,#6342,#6343));
#992=EDGE_LOOP('',(#6344,#6345,#6346,#6347));
#993=EDGE_LOOP('',(#6348,#6349,#6350,#6351));
#994=EDGE_LOOP('',(#6352,#6353,#6354,#6355));
#995=EDGE_LOOP('',(#6356,#6357,#6358,#6359));
#996=EDGE_LOOP('',(#6360,#6361,#6362,#6363));
#997=EDGE_LOOP('',(#6364,#6365,#6366,#6367));
#998=EDGE_LOOP('',(#6368,#6369,#6370,#6371));
#999=EDGE_LOOP('',(#6372,#6373,#6374,#6375));
#1000=EDGE_LOOP('',(#6376,#6377,#6378,#6379));
#1001=EDGE_LOOP('',(#6380,#6381,#6382,#6383));
#1002=EDGE_LOOP('',(#6384,#6385,#6386,#6387));
#1003=EDGE_LOOP('',(#6388,#6389,#6390,#6391));
#1004=EDGE_LOOP('',(#6392,#6393,#6394,#6395));
#1005=EDGE_LOOP('',(#6396,#6397,#6398,#6399));
#1006=EDGE_LOOP('',(#6400,#6401,#6402,#6403));
#1007=EDGE_LOOP('',(#6404,#6405,#6406,#6407));
#1008=EDGE_LOOP('',(#6408,#6409,#6410,#6411));
#1009=EDGE_LOOP('',(#6412,#6413,#6414,#6415));
#1010=EDGE_LOOP('',(#6416,#6417,#6418,#6419));
#1011=EDGE_LOOP('',(#6420,#6421,#6422,#6423));
#1012=EDGE_LOOP('',(#6424,#6425,#6426,#6427));
#1013=EDGE_LOOP('',(#6428,#6429,#6430,#6431));
#1014=EDGE_LOOP('',(#6432,#6433,#6434,#6435));
#1015=EDGE_LOOP('',(#6436,#6437,#6438,#6439));
#1016=EDGE_LOOP('',(#6440,#6441,#6442,#6443));
#1017=EDGE_LOOP('',(#6444,#6445,#6446,#6447));
#1018=EDGE_LOOP('',(#6448,#6449,#6450,#6451));
#1019=EDGE_LOOP('',(#6452,#6453,#6454,#6455));
#1020=EDGE_LOOP('',(#6456,#6457,#6458,#6459));
#1021=EDGE_LOOP('',(#6460,#6461,#6462,#6463));
#1022=EDGE_LOOP('',(#6464,#6465,#6466,#6467));
#1023=EDGE_LOOP('',(#6468,#6469,#6470,#6471));
#1024=EDGE_LOOP('',(#6472,#6473,#6474,#6475));
#1025=EDGE_LOOP('',(#6476,#6477,#6478,#6479));
#1026=EDGE_LOOP('',(#6480,#6481,#6482,#6483));
#1027=EDGE_LOOP('',(#6484,#6485,#6486,#6487));
#1028=EDGE_LOOP('',(#6488,#6489,#6490,#6491));
#1029=EDGE_LOOP('',(#6492,#6493,#6494,#6495));
#1030=EDGE_LOOP('',(#6496,#6497,#6498,#6499));
#1031=EDGE_LOOP('',(#6500,#6501,#6502,#6503,#6504,#6505,#6506,#6507,#6508,
#6509));
#1032=EDGE_LOOP('',(#6510,#6511,#6512,#6513));
#1033=EDGE_LOOP('',(#6514,#6515,#6516,#6517));
#1034=EDGE_LOOP('',(#6518));
#1035=EDGE_LOOP('',(#6519));
#1036=EDGE_LOOP('',(#6520,#6521,#6522,#6523));
#1037=EDGE_LOOP('',(#6524));
#1038=EDGE_LOOP('',(#6525,#6526,#6527,#6528));
#1039=EDGE_LOOP('',(#6529,#6530,#6531,#6532));
#1040=EDGE_LOOP('',(#6533,#6534,#6535,#6536));
#1041=EDGE_LOOP('',(#6537,#6538,#6539,#6540));
#1042=EDGE_LOOP('',(#6541,#6542,#6543,#6544));
#1043=EDGE_LOOP('',(#6545,#6546,#6547,#6548));
#1044=EDGE_LOOP('',(#6549,#6550,#6551,#6552));
#1045=EDGE_LOOP('',(#6553,#6554,#6555,#6556));
#1046=EDGE_LOOP('',(#6557,#6558,#6559,#6560));
#1047=EDGE_LOOP('',(#6561));
#1048=EDGE_LOOP('',(#6562,#6563,#6564,#6565));
#1049=EDGE_LOOP('',(#6566,#6567,#6568,#6569));
#1050=EDGE_LOOP('',(#6570,#6571,#6572,#6573));
#1051=EDGE_LOOP('',(#6574,#6575,#6576,#6577));
#1052=EDGE_LOOP('',(#6578,#6579,#6580,#6581));
#1053=EDGE_LOOP('',(#6582));
#1054=EDGE_LOOP('',(#6583,#6584,#6585,#6586));
#1055=EDGE_LOOP('',(#6587,#6588,#6589,#6590));
#1056=EDGE_LOOP('',(#6591,#6592,#6593,#6594));
#1057=EDGE_LOOP('',(#6595,#6596,#6597,#6598));
#1058=EDGE_LOOP('',(#6599));
#1059=EDGE_LOOP('',(#6600,#6601,#6602,#6603));
#1060=EDGE_LOOP('',(#6604));
#1061=EDGE_LOOP('',(#6605,#6606,#6607,#6608));
#1062=EDGE_LOOP('',(#6609));
#1063=EDGE_LOOP('',(#6610,#6611,#6612,#6613));
#1064=EDGE_LOOP('',(#6614,#6615,#6616,#6617));
#1065=EDGE_LOOP('',(#6618,#6619,#6620,#6621));
#1066=EDGE_LOOP('',(#6622));
#1067=EDGE_LOOP('',(#6623,#6624,#6625,#6626));
#1068=EDGE_LOOP('',(#6627,#6628,#6629,#6630));
#1069=EDGE_LOOP('',(#6631));
#1070=EDGE_LOOP('',(#6632,#6633,#6634,#6635));
#1071=EDGE_LOOP('',(#6636,#6637,#6638,#6639));
#1072=EDGE_LOOP('',(#6640,#6641,#6642,#6643));
#1073=EDGE_LOOP('',(#6644,#6645,#6646,#6647));
#1074=EDGE_LOOP('',(#6648,#6649,#6650,#6651));
#1075=EDGE_LOOP('',(#6652,#6653,#6654,#6655));
#1076=EDGE_LOOP('',(#6656,#6657,#6658,#6659));
#1077=EDGE_LOOP('',(#6660,#6661,#6662,#6663));
#1078=EDGE_LOOP('',(#6664,#6665,#6666,#6667));
#1079=EDGE_LOOP('',(#6668,#6669,#6670,#6671));
#1080=EDGE_LOOP('',(#6672,#6673,#6674,#6675));
#1081=EDGE_LOOP('',(#6676,#6677,#6678,#6679));
#1082=EDGE_LOOP('',(#6680,#6681,#6682,#6683));
#1083=EDGE_LOOP('',(#6684,#6685,#6686,#6687));
#1084=EDGE_LOOP('',(#6688,#6689,#6690,#6691));
#1085=EDGE_LOOP('',(#6692,#6693,#6694,#6695));
#1086=EDGE_LOOP('',(#6696,#6697,#6698,#6699));
#1087=EDGE_LOOP('',(#6700,#6701,#6702,#6703));
#1088=EDGE_LOOP('',(#6704,#6705,#6706,#6707));
#1089=EDGE_LOOP('',(#6708,#6709,#6710,#6711));
#1090=EDGE_LOOP('',(#6712,#6713,#6714,#6715));
#1091=EDGE_LOOP('',(#6716,#6717,#6718,#6719));
#1092=EDGE_LOOP('',(#6720,#6721,#6722,#6723));
#1093=EDGE_LOOP('',(#6724,#6725,#6726,#6727));
#1094=EDGE_LOOP('',(#6728,#6729,#6730,#6731));
#1095=EDGE_LOOP('',(#6732,#6733,#6734,#6735));
#1096=EDGE_LOOP('',(#6736,#6737,#6738,#6739));
#1097=EDGE_LOOP('',(#6740,#6741,#6742,#6743));
#1098=EDGE_LOOP('',(#6744,#6745,#6746,#6747));
#1099=EDGE_LOOP('',(#6748,#6749,#6750,#6751));
#1100=EDGE_LOOP('',(#6752,#6753,#6754,#6755));
#1101=EDGE_LOOP('',(#6756,#6757,#6758,#6759));
#1102=EDGE_LOOP('',(#6760,#6761,#6762,#6763));
#1103=EDGE_LOOP('',(#6764,#6765,#6766,#6767));
#1104=EDGE_LOOP('',(#6768,#6769,#6770,#6771));
#1105=EDGE_LOOP('',(#6772,#6773,#6774,#6775));
#1106=EDGE_LOOP('',(#6776,#6777,#6778,#6779));
#1107=EDGE_LOOP('',(#6780,#6781,#6782,#6783));
#1108=EDGE_LOOP('',(#6784,#6785,#6786,#6787));
#1109=EDGE_LOOP('',(#6788,#6789,#6790,#6791));
#1110=EDGE_LOOP('',(#6792,#6793,#6794,#6795));
#1111=EDGE_LOOP('',(#6796,#6797,#6798,#6799));
#1112=EDGE_LOOP('',(#6800,#6801,#6802,#6803));
#1113=EDGE_LOOP('',(#6804,#6805,#6806,#6807));
#1114=EDGE_LOOP('',(#6808,#6809,#6810,#6811));
#1115=EDGE_LOOP('',(#6812,#6813,#6814,#6815));
#1116=EDGE_LOOP('',(#6816,#6817,#6818,#6819));
#1117=EDGE_LOOP('',(#6820,#6821,#6822,#6823));
#1118=EDGE_LOOP('',(#6824,#6825,#6826,#6827));
#1119=EDGE_LOOP('',(#6828,#6829,#6830,#6831));
#1120=EDGE_LOOP('',(#6832,#6833,#6834,#6835));
#1121=EDGE_LOOP('',(#6836,#6837,#6838,#6839));
#1122=EDGE_LOOP('',(#6840,#6841,#6842,#6843));
#1123=EDGE_LOOP('',(#6844,#6845,#6846,#6847));
#1124=EDGE_LOOP('',(#6848,#6849,#6850,#6851));
#1125=EDGE_LOOP('',(#6852,#6853,#6854,#6855));
#1126=EDGE_LOOP('',(#6856,#6857,#6858,#6859));
#1127=EDGE_LOOP('',(#6860,#6861,#6862,#6863));
#1128=EDGE_LOOP('',(#6864,#6865,#6866,#6867));
#1129=EDGE_LOOP('',(#6868,#6869,#6870,#6871));
#1130=EDGE_LOOP('',(#6872,#6873,#6874,#6875));
#1131=EDGE_LOOP('',(#6876,#6877,#6878,#6879));
#1132=EDGE_LOOP('',(#6880,#6881,#6882,#6883));
#1133=EDGE_LOOP('',(#6884,#6885,#6886,#6887));
#1134=EDGE_LOOP('',(#6888,#6889,#6890,#6891));
#1135=EDGE_LOOP('',(#6892,#6893,#6894,#6895));
#1136=EDGE_LOOP('',(#6896,#6897,#6898,#6899));
#1137=EDGE_LOOP('',(#6900,#6901,#6902,#6903));
#1138=EDGE_LOOP('',(#6904,#6905,#6906,#6907));
#1139=EDGE_LOOP('',(#6908,#6909,#6910,#6911));
#1140=EDGE_LOOP('',(#6912,#6913,#6914,#6915));
#1141=EDGE_LOOP('',(#6916,#6917,#6918,#6919));
#1142=EDGE_LOOP('',(#6920,#6921,#6922,#6923));
#1143=EDGE_LOOP('',(#6924,#6925,#6926,#6927));
#1144=EDGE_LOOP('',(#6928,#6929,#6930,#6931));
#1145=EDGE_LOOP('',(#6932,#6933,#6934,#6935));
#1146=EDGE_LOOP('',(#6936,#6937,#6938,#6939));
#1147=EDGE_LOOP('',(#6940,#6941,#6942,#6943));
#1148=EDGE_LOOP('',(#6944,#6945,#6946,#6947));
#1149=EDGE_LOOP('',(#6948,#6949,#6950,#6951));
#1150=EDGE_LOOP('',(#6952,#6953,#6954,#6955));
#1151=EDGE_LOOP('',(#6956,#6957,#6958,#6959));
#1152=EDGE_LOOP('',(#6960,#6961,#6962,#6963));
#1153=EDGE_LOOP('',(#6964,#6965,#6966,#6967));
#1154=EDGE_LOOP('',(#6968,#6969,#6970,#6971));
#1155=EDGE_LOOP('',(#6972,#6973,#6974,#6975));
#1156=EDGE_LOOP('',(#6976,#6977,#6978,#6979));
#1157=EDGE_LOOP('',(#6980,#6981,#6982,#6983));
#1158=EDGE_LOOP('',(#6984,#6985,#6986,#6987));
#1159=EDGE_LOOP('',(#6988,#6989,#6990,#6991));
#1160=EDGE_LOOP('',(#6992,#6993,#6994,#6995));
#1161=EDGE_LOOP('',(#6996,#6997,#6998,#6999));
#1162=EDGE_LOOP('',(#7000,#7001,#7002,#7003));
#1163=EDGE_LOOP('',(#7004,#7005,#7006,#7007));
#1164=EDGE_LOOP('',(#7008,#7009,#7010,#7011));
#1165=EDGE_LOOP('',(#7012,#7013,#7014,#7015));
#1166=EDGE_LOOP('',(#7016,#7017,#7018,#7019));
#1167=EDGE_LOOP('',(#7020,#7021,#7022,#7023));
#1168=EDGE_LOOP('',(#7024,#7025,#7026,#7027));
#1169=EDGE_LOOP('',(#7028,#7029,#7030,#7031));
#1170=EDGE_LOOP('',(#7032,#7033,#7034,#7035));
#1171=EDGE_LOOP('',(#7036,#7037,#7038,#7039));
#1172=EDGE_LOOP('',(#7040,#7041,#7042,#7043));
#1173=EDGE_LOOP('',(#7044,#7045,#7046,#7047));
#1174=EDGE_LOOP('',(#7048,#7049,#7050,#7051));
#1175=EDGE_LOOP('',(#7052,#7053,#7054,#7055));
#1176=EDGE_LOOP('',(#7056,#7057,#7058,#7059));
#1177=EDGE_LOOP('',(#7060,#7061,#7062,#7063));
#1178=EDGE_LOOP('',(#7064,#7065,#7066,#7067));
#1179=EDGE_LOOP('',(#7068,#7069,#7070,#7071));
#1180=EDGE_LOOP('',(#7072,#7073,#7074,#7075));
#1181=EDGE_LOOP('',(#7076,#7077,#7078,#7079));
#1182=EDGE_LOOP('',(#7080,#7081,#7082,#7083));
#1183=EDGE_LOOP('',(#7084,#7085,#7086,#7087));
#1184=EDGE_LOOP('',(#7088,#7089,#7090,#7091));
#1185=EDGE_LOOP('',(#7092,#7093,#7094,#7095));
#1186=EDGE_LOOP('',(#7096,#7097,#7098,#7099));
#1187=EDGE_LOOP('',(#7100,#7101,#7102,#7103));
#1188=EDGE_LOOP('',(#7104,#7105,#7106,#7107));
#1189=EDGE_LOOP('',(#7108,#7109,#7110,#7111));
#1190=EDGE_LOOP('',(#7112,#7113,#7114,#7115));
#1191=EDGE_LOOP('',(#7116,#7117,#7118,#7119));
#1192=EDGE_LOOP('',(#7120,#7121,#7122,#7123));
#1193=EDGE_LOOP('',(#7124,#7125,#7126,#7127));
#1194=EDGE_LOOP('',(#7128,#7129,#7130,#7131));
#1195=EDGE_LOOP('',(#7132,#7133,#7134,#7135));
#1196=EDGE_LOOP('',(#7136,#7137,#7138,#7139));
#1197=EDGE_LOOP('',(#7140,#7141,#7142,#7143));
#1198=EDGE_LOOP('',(#7144,#7145,#7146,#7147));
#1199=EDGE_LOOP('',(#7148,#7149,#7150,#7151));
#1200=EDGE_LOOP('',(#7152,#7153,#7154,#7155));
#1201=EDGE_LOOP('',(#7156,#7157,#7158,#7159));
#1202=EDGE_LOOP('',(#7160,#7161,#7162,#7163));
#1203=EDGE_LOOP('',(#7164,#7165,#7166,#7167));
#1204=EDGE_LOOP('',(#7168,#7169,#7170,#7171));
#1205=EDGE_LOOP('',(#7172,#7173,#7174,#7175));
#1206=EDGE_LOOP('',(#7176,#7177,#7178,#7179));
#1207=EDGE_LOOP('',(#7180,#7181,#7182,#7183));
#1208=EDGE_LOOP('',(#7184,#7185,#7186,#7187));
#1209=EDGE_LOOP('',(#7188,#7189,#7190,#7191));
#1210=EDGE_LOOP('',(#7192,#7193,#7194,#7195));
#1211=EDGE_LOOP('',(#7196,#7197,#7198,#7199));
#1212=EDGE_LOOP('',(#7200,#7201,#7202,#7203));
#1213=EDGE_LOOP('',(#7204,#7205,#7206,#7207));
#1214=EDGE_LOOP('',(#7208,#7209,#7210,#7211));
#1215=EDGE_LOOP('',(#7212,#7213,#7214,#7215));
#1216=EDGE_LOOP('',(#7216,#7217,#7218,#7219));
#1217=EDGE_LOOP('',(#7220,#7221,#7222,#7223));
#1218=EDGE_LOOP('',(#7224,#7225,#7226,#7227));
#1219=EDGE_LOOP('',(#7228,#7229,#7230,#7231));
#1220=EDGE_LOOP('',(#7232,#7233,#7234,#7235));
#1221=EDGE_LOOP('',(#7236,#7237,#7238,#7239));
#1222=EDGE_LOOP('',(#7240,#7241,#7242,#7243));
#1223=EDGE_LOOP('',(#7244,#7245,#7246,#7247));
#1224=EDGE_LOOP('',(#7248,#7249,#7250,#7251));
#1225=EDGE_LOOP('',(#7252,#7253,#7254,#7255));
#1226=EDGE_LOOP('',(#7256,#7257,#7258,#7259));
#1227=EDGE_LOOP('',(#7260,#7261,#7262,#7263));
#1228=EDGE_LOOP('',(#7264,#7265,#7266,#7267));
#1229=EDGE_LOOP('',(#7268,#7269,#7270,#7271));
#1230=EDGE_LOOP('',(#7272,#7273,#7274,#7275));
#1231=EDGE_LOOP('',(#7276,#7277,#7278,#7279));
#1232=EDGE_LOOP('',(#7280,#7281,#7282,#7283));
#1233=EDGE_LOOP('',(#7284,#7285,#7286,#7287));
#1234=EDGE_LOOP('',(#7288,#7289,#7290,#7291));
#1235=EDGE_LOOP('',(#7292,#7293,#7294,#7295));
#1236=EDGE_LOOP('',(#7296,#7297,#7298,#7299));
#1237=EDGE_LOOP('',(#7300,#7301,#7302,#7303));
#1238=EDGE_LOOP('',(#7304,#7305,#7306,#7307));
#1239=EDGE_LOOP('',(#7308,#7309,#7310,#7311));
#1240=EDGE_LOOP('',(#7312,#7313,#7314,#7315));
#1241=EDGE_LOOP('',(#7316,#7317,#7318,#7319));
#1242=EDGE_LOOP('',(#7320,#7321,#7322,#7323));
#1243=EDGE_LOOP('',(#7324,#7325,#7326,#7327));
#1244=EDGE_LOOP('',(#7328,#7329,#7330,#7331));
#1245=EDGE_LOOP('',(#7332,#7333,#7334,#7335));
#1246=EDGE_LOOP('',(#7336,#7337,#7338,#7339));
#1247=EDGE_LOOP('',(#7340,#7341,#7342,#7343));
#1248=EDGE_LOOP('',(#7344,#7345,#7346,#7347));
#1249=EDGE_LOOP('',(#7348,#7349,#7350,#7351));
#1250=EDGE_LOOP('',(#7352,#7353,#7354,#7355));
#1251=EDGE_LOOP('',(#7356,#7357,#7358,#7359));
#1252=EDGE_LOOP('',(#7360,#7361,#7362,#7363));
#1253=EDGE_LOOP('',(#7364,#7365,#7366,#7367));
#1254=EDGE_LOOP('',(#7368,#7369,#7370,#7371));
#1255=EDGE_LOOP('',(#7372,#7373,#7374,#7375));
#1256=EDGE_LOOP('',(#7376,#7377,#7378,#7379));
#1257=EDGE_LOOP('',(#7380,#7381,#7382,#7383));
#1258=EDGE_LOOP('',(#7384,#7385,#7386,#7387));
#1259=EDGE_LOOP('',(#7388,#7389,#7390,#7391));
#1260=EDGE_LOOP('',(#7392,#7393,#7394,#7395));
#1261=EDGE_LOOP('',(#7396,#7397,#7398,#7399));
#1262=EDGE_LOOP('',(#7400,#7401,#7402,#7403));
#1263=EDGE_LOOP('',(#7404,#7405,#7406,#7407));
#1264=EDGE_LOOP('',(#7408,#7409,#7410,#7411));
#1265=EDGE_LOOP('',(#7412,#7413,#7414,#7415));
#1266=EDGE_LOOP('',(#7416,#7417,#7418,#7419));
#1267=EDGE_LOOP('',(#7420,#7421,#7422,#7423));
#1268=EDGE_LOOP('',(#7424,#7425,#7426,#7427));
#1269=EDGE_LOOP('',(#7428,#7429,#7430,#7431));
#1270=EDGE_LOOP('',(#7432,#7433,#7434,#7435));
#1271=EDGE_LOOP('',(#7436,#7437,#7438,#7439));
#1272=EDGE_LOOP('',(#7440,#7441,#7442,#7443));
#1273=EDGE_LOOP('',(#7444,#7445,#7446,#7447));
#1274=EDGE_LOOP('',(#7448,#7449,#7450,#7451));
#1275=EDGE_LOOP('',(#7452,#7453,#7454,#7455));
#1276=EDGE_LOOP('',(#7456,#7457,#7458,#7459));
#1277=EDGE_LOOP('',(#7460,#7461,#7462,#7463));
#1278=EDGE_LOOP('',(#7464,#7465,#7466,#7467));
#1279=EDGE_LOOP('',(#7468,#7469,#7470,#7471));
#1280=EDGE_LOOP('',(#7472,#7473,#7474,#7475));
#1281=EDGE_LOOP('',(#7476,#7477,#7478,#7479));
#1282=EDGE_LOOP('',(#7480,#7481,#7482,#7483));
#1283=EDGE_LOOP('',(#7484,#7485,#7486,#7487));
#1284=EDGE_LOOP('',(#7488,#7489,#7490,#7491));
#1285=EDGE_LOOP('',(#7492,#7493,#7494,#7495));
#1286=EDGE_LOOP('',(#7496,#7497,#7498,#7499));
#1287=EDGE_LOOP('',(#7500,#7501,#7502,#7503));
#1288=EDGE_LOOP('',(#7504,#7505,#7506,#7507));
#1289=EDGE_LOOP('',(#7508,#7509,#7510,#7511));
#1290=EDGE_LOOP('',(#7512,#7513,#7514,#7515));
#1291=EDGE_LOOP('',(#7516,#7517,#7518,#7519));
#1292=EDGE_LOOP('',(#7520,#7521,#7522,#7523));
#1293=EDGE_LOOP('',(#7524,#7525,#7526,#7527));
#1294=EDGE_LOOP('',(#7528,#7529,#7530,#7531));
#1295=EDGE_LOOP('',(#7532,#7533,#7534,#7535));
#1296=EDGE_LOOP('',(#7536,#7537,#7538,#7539));
#1297=EDGE_LOOP('',(#7540,#7541,#7542,#7543));
#1298=EDGE_LOOP('',(#7544,#7545,#7546,#7547));
#1299=EDGE_LOOP('',(#7548,#7549,#7550,#7551));
#1300=EDGE_LOOP('',(#7552,#7553,#7554,#7555));
#1301=EDGE_LOOP('',(#7556,#7557,#7558,#7559));
#1302=EDGE_LOOP('',(#7560,#7561,#7562,#7563));
#1303=EDGE_LOOP('',(#7564,#7565,#7566,#7567));
#1304=EDGE_LOOP('',(#7568,#7569,#7570,#7571));
#1305=EDGE_LOOP('',(#7572,#7573,#7574,#7575));
#1306=EDGE_LOOP('',(#7576,#7577,#7578,#7579));
#1307=EDGE_LOOP('',(#7580,#7581,#7582,#7583));
#1308=EDGE_LOOP('',(#7584,#7585,#7586,#7587));
#1309=EDGE_LOOP('',(#7588,#7589,#7590,#7591));
#1310=EDGE_LOOP('',(#7592,#7593,#7594,#7595));
#1311=EDGE_LOOP('',(#7596,#7597,#7598,#7599));
#1312=EDGE_LOOP('',(#7600,#7601,#7602,#7603));
#1313=EDGE_LOOP('',(#7604,#7605,#7606,#7607));
#1314=EDGE_LOOP('',(#7608,#7609,#7610,#7611));
#1315=EDGE_LOOP('',(#7612,#7613,#7614,#7615));
#1316=EDGE_LOOP('',(#7616,#7617,#7618,#7619));
#1317=EDGE_LOOP('',(#7620,#7621,#7622,#7623));
#1318=EDGE_LOOP('',(#7624,#7625,#7626,#7627));
#1319=EDGE_LOOP('',(#7628,#7629,#7630,#7631));
#1320=EDGE_LOOP('',(#7632,#7633,#7634,#7635));
#1321=EDGE_LOOP('',(#7636,#7637,#7638,#7639));
#1322=EDGE_LOOP('',(#7640,#7641,#7642,#7643));
#1323=EDGE_LOOP('',(#7644,#7645,#7646,#7647));
#1324=EDGE_LOOP('',(#7648,#7649,#7650,#7651));
#1325=EDGE_LOOP('',(#7652,#7653,#7654,#7655));
#1326=EDGE_LOOP('',(#7656,#7657,#7658,#7659));
#1327=EDGE_LOOP('',(#7660,#7661,#7662,#7663));
#1328=EDGE_LOOP('',(#7664,#7665,#7666,#7667));
#1329=EDGE_LOOP('',(#7668,#7669,#7670,#7671));
#1330=EDGE_LOOP('',(#7672,#7673,#7674,#7675));
#1331=EDGE_LOOP('',(#7676,#7677,#7678,#7679));
#1332=EDGE_LOOP('',(#7680,#7681,#7682,#7683));
#1333=EDGE_LOOP('',(#7684,#7685,#7686,#7687));
#1334=EDGE_LOOP('',(#7688,#7689,#7690,#7691));
#1335=EDGE_LOOP('',(#7692,#7693,#7694,#7695));
#1336=EDGE_LOOP('',(#7696,#7697,#7698,#7699));
#1337=EDGE_LOOP('',(#7700,#7701,#7702,#7703));
#1338=EDGE_LOOP('',(#7704,#7705,#7706,#7707));
#1339=EDGE_LOOP('',(#7708,#7709,#7710,#7711));
#1340=EDGE_LOOP('',(#7712,#7713,#7714,#7715));
#1341=EDGE_LOOP('',(#7716,#7717,#7718,#7719));
#1342=EDGE_LOOP('',(#7720,#7721,#7722,#7723));
#1343=EDGE_LOOP('',(#7724,#7725,#7726,#7727));
#1344=EDGE_LOOP('',(#7728,#7729,#7730,#7731));
#1345=EDGE_LOOP('',(#7732,#7733,#7734,#7735));
#1346=EDGE_LOOP('',(#7736,#7737,#7738,#7739));
#1347=EDGE_LOOP('',(#7740,#7741,#7742,#7743));
#1348=EDGE_LOOP('',(#7744,#7745,#7746,#7747));
#1349=EDGE_LOOP('',(#7748,#7749,#7750,#7751));
#1350=EDGE_LOOP('',(#7752,#7753,#7754,#7755));
#1351=EDGE_LOOP('',(#7756,#7757,#7758,#7759));
#1352=EDGE_LOOP('',(#7760,#7761,#7762,#7763));
#1353=EDGE_LOOP('',(#7764,#7765,#7766,#7767));
#1354=EDGE_LOOP('',(#7768,#7769,#7770,#7771));
#1355=EDGE_LOOP('',(#7772,#7773,#7774,#7775));
#1356=EDGE_LOOP('',(#7776,#7777,#7778,#7779));
#1357=EDGE_LOOP('',(#7780,#7781,#7782,#7783));
#1358=EDGE_LOOP('',(#7784,#7785,#7786,#7787));
#1359=EDGE_LOOP('',(#7788,#7789,#7790,#7791));
#1360=EDGE_LOOP('',(#7792,#7793,#7794,#7795));
#1361=EDGE_LOOP('',(#7796,#7797,#7798,#7799));
#1362=EDGE_LOOP('',(#7800,#7801,#7802,#7803));
#1363=EDGE_LOOP('',(#7804,#7805,#7806,#7807));
#1364=EDGE_LOOP('',(#7808,#7809,#7810,#7811));
#1365=EDGE_LOOP('',(#7812,#7813,#7814,#7815));
#1366=EDGE_LOOP('',(#7816,#7817,#7818,#7819));
#1367=EDGE_LOOP('',(#7820,#7821,#7822,#7823));
#1368=EDGE_LOOP('',(#7824,#7825,#7826,#7827));
#1369=EDGE_LOOP('',(#7828,#7829,#7830,#7831));
#1370=EDGE_LOOP('',(#7832,#7833,#7834,#7835));
#1371=EDGE_LOOP('',(#7836,#7837,#7838,#7839));
#1372=EDGE_LOOP('',(#7840,#7841,#7842,#7843));
#1373=EDGE_LOOP('',(#7844,#7845,#7846,#7847));
#1374=EDGE_LOOP('',(#7848,#7849,#7850,#7851));
#1375=EDGE_LOOP('',(#7852,#7853,#7854,#7855));
#1376=EDGE_LOOP('',(#7856,#7857,#7858,#7859));
#1377=EDGE_LOOP('',(#7860,#7861,#7862,#7863));
#1378=EDGE_LOOP('',(#7864,#7865,#7866,#7867));
#1379=EDGE_LOOP('',(#7868,#7869,#7870,#7871));
#1380=EDGE_LOOP('',(#7872,#7873,#7874,#7875));
#1381=EDGE_LOOP('',(#7876,#7877,#7878,#7879));
#1382=EDGE_LOOP('',(#7880,#7881,#7882,#7883));
#1383=EDGE_LOOP('',(#7884,#7885,#7886,#7887));
#1384=EDGE_LOOP('',(#7888,#7889,#7890,#7891));
#1385=EDGE_LOOP('',(#7892,#7893,#7894,#7895));
#1386=EDGE_LOOP('',(#7896,#7897,#7898,#7899));
#1387=EDGE_LOOP('',(#7900,#7901,#7902,#7903));
#1388=EDGE_LOOP('',(#7904,#7905,#7906,#7907));
#1389=EDGE_LOOP('',(#7908,#7909,#7910,#7911));
#1390=EDGE_LOOP('',(#7912,#7913,#7914,#7915));
#1391=EDGE_LOOP('',(#7916,#7917,#7918,#7919));
#1392=EDGE_LOOP('',(#7920,#7921,#7922,#7923));
#1393=EDGE_LOOP('',(#7924,#7925,#7926,#7927));
#1394=EDGE_LOOP('',(#7928,#7929,#7930,#7931));
#1395=EDGE_LOOP('',(#7932,#7933,#7934,#7935));
#1396=EDGE_LOOP('',(#7936,#7937,#7938,#7939));
#1397=EDGE_LOOP('',(#7940,#7941,#7942,#7943));
#1398=EDGE_LOOP('',(#7944,#7945,#7946,#7947));
#1399=EDGE_LOOP('',(#7948,#7949,#7950,#7951));
#1400=EDGE_LOOP('',(#7952,#7953,#7954,#7955));
#1401=EDGE_LOOP('',(#7956,#7957,#7958,#7959));
#1402=EDGE_LOOP('',(#7960,#7961,#7962,#7963));
#1403=EDGE_LOOP('',(#7964,#7965,#7966,#7967));
#1404=EDGE_LOOP('',(#7968,#7969,#7970,#7971));
#1405=EDGE_LOOP('',(#7972,#7973,#7974,#7975));
#1406=EDGE_LOOP('',(#7976,#7977,#7978,#7979));
#1407=EDGE_LOOP('',(#7980,#7981,#7982,#7983));
#1408=EDGE_LOOP('',(#7984,#7985,#7986,#7987));
#1409=EDGE_LOOP('',(#7988,#7989,#7990,#7991));
#1410=EDGE_LOOP('',(#7992,#7993,#7994,#7995));
#1411=EDGE_LOOP('',(#7996,#7997,#7998,#7999));
#1412=EDGE_LOOP('',(#8000,#8001,#8002,#8003));
#1413=EDGE_LOOP('',(#8004,#8005,#8006,#8007));
#1414=EDGE_LOOP('',(#8008,#8009,#8010,#8011));
#1415=EDGE_LOOP('',(#8012,#8013,#8014,#8015));
#1416=EDGE_LOOP('',(#8016,#8017,#8018,#8019));
#1417=EDGE_LOOP('',(#8020,#8021,#8022,#8023));
#1418=EDGE_LOOP('',(#8024,#8025,#8026,#8027));
#1419=EDGE_LOOP('',(#8028,#8029,#8030,#8031));
#1420=EDGE_LOOP('',(#8032,#8033,#8034,#8035));
#1421=EDGE_LOOP('',(#8036,#8037,#8038,#8039));
#1422=EDGE_LOOP('',(#8040,#8041,#8042,#8043));
#1423=EDGE_LOOP('',(#8044,#8045,#8046,#8047));
#1424=EDGE_LOOP('',(#8048,#8049,#8050,#8051));
#1425=EDGE_LOOP('',(#8052,#8053,#8054,#8055));
#1426=EDGE_LOOP('',(#8056,#8057,#8058,#8059));
#1427=EDGE_LOOP('',(#8060,#8061,#8062,#8063));
#1428=EDGE_LOOP('',(#8064,#8065,#8066,#8067));
#1429=EDGE_LOOP('',(#8068,#8069,#8070,#8071));
#1430=EDGE_LOOP('',(#8072,#8073,#8074,#8075));
#1431=EDGE_LOOP('',(#8076,#8077,#8078,#8079));
#1432=EDGE_LOOP('',(#8080,#8081,#8082,#8083));
#1433=EDGE_LOOP('',(#8084,#8085,#8086,#8087));
#1434=EDGE_LOOP('',(#8088,#8089,#8090,#8091));
#1435=EDGE_LOOP('',(#8092,#8093,#8094,#8095));
#1436=EDGE_LOOP('',(#8096,#8097,#8098,#8099));
#1437=EDGE_LOOP('',(#8100,#8101,#8102,#8103));
#1438=EDGE_LOOP('',(#8104,#8105,#8106,#8107));
#1439=EDGE_LOOP('',(#8108,#8109,#8110,#8111));
#1440=EDGE_LOOP('',(#8112,#8113,#8114,#8115));
#1441=EDGE_LOOP('',(#8116,#8117,#8118,#8119));
#1442=EDGE_LOOP('',(#8120,#8121,#8122,#8123));
#1443=EDGE_LOOP('',(#8124,#8125,#8126,#8127));
#1444=EDGE_LOOP('',(#8128,#8129,#8130,#8131));
#1445=EDGE_LOOP('',(#8132,#8133,#8134,#8135));
#1446=EDGE_LOOP('',(#8136,#8137,#8138,#8139));
#1447=EDGE_LOOP('',(#8140,#8141,#8142,#8143));
#1448=EDGE_LOOP('',(#8144,#8145,#8146,#8147));
#1449=EDGE_LOOP('',(#8148,#8149,#8150,#8151));
#1450=EDGE_LOOP('',(#8152,#8153,#8154,#8155));
#1451=EDGE_LOOP('',(#8156,#8157,#8158,#8159));
#1452=EDGE_LOOP('',(#8160,#8161,#8162,#8163));
#1453=EDGE_LOOP('',(#8164,#8165,#8166,#8167));
#1454=EDGE_LOOP('',(#8168,#8169,#8170,#8171));
#1455=EDGE_LOOP('',(#8172,#8173,#8174,#8175));
#1456=EDGE_LOOP('',(#8176,#8177,#8178,#8179));
#1457=EDGE_LOOP('',(#8180,#8181,#8182,#8183));
#1458=EDGE_LOOP('',(#8184,#8185,#8186,#8187));
#1459=EDGE_LOOP('',(#8188,#8189,#8190,#8191));
#1460=EDGE_LOOP('',(#8192,#8193,#8194,#8195));
#1461=EDGE_LOOP('',(#8196,#8197,#8198,#8199));
#1462=EDGE_LOOP('',(#8200,#8201,#8202,#8203));
#1463=EDGE_LOOP('',(#8204,#8205,#8206,#8207));
#1464=EDGE_LOOP('',(#8208,#8209,#8210,#8211));
#1465=EDGE_LOOP('',(#8212,#8213,#8214,#8215));
#1466=EDGE_LOOP('',(#8216,#8217,#8218,#8219));
#1467=EDGE_LOOP('',(#8220,#8221,#8222,#8223));
#1468=EDGE_LOOP('',(#8224,#8225,#8226,#8227));
#1469=EDGE_LOOP('',(#8228,#8229,#8230,#8231));
#1470=EDGE_LOOP('',(#8232,#8233,#8234,#8235));
#1471=EDGE_LOOP('',(#8236,#8237,#8238,#8239));
#1472=EDGE_LOOP('',(#8240,#8241,#8242,#8243));
#1473=EDGE_LOOP('',(#8244,#8245,#8246,#8247));
#1474=EDGE_LOOP('',(#8248,#8249,#8250,#8251));
#1475=EDGE_LOOP('',(#8252,#8253,#8254,#8255));
#1476=EDGE_LOOP('',(#8256,#8257,#8258,#8259,#8260,#8261,#8262,#8263,#8264,
#8265,#8266,#8267));
#1477=EDGE_LOOP('',(#8268));
#1478=EDGE_LOOP('',(#8269));
#1479=EDGE_LOOP('',(#8270));
#1480=EDGE_LOOP('',(#8271));
#1481=EDGE_LOOP('',(#8272));
#1482=EDGE_LOOP('',(#8273));
#1483=EDGE_LOOP('',(#8274));
#1484=EDGE_LOOP('',(#8275));
#1485=EDGE_LOOP('',(#8276));
#1486=EDGE_LOOP('',(#8277));
#1487=EDGE_LOOP('',(#8278,#8279,#8280,#8281));
#1488=EDGE_LOOP('',(#8282,#8283,#8284,#8285));
#1489=EDGE_LOOP('',(#8286,#8287,#8288,#8289));
#1490=EDGE_LOOP('',(#8290,#8291,#8292,#8293));
#1491=EDGE_LOOP('',(#8294,#8295,#8296,#8297));
#1492=EDGE_LOOP('',(#8298,#8299,#8300,#8301));
#1493=EDGE_LOOP('',(#8302,#8303,#8304,#8305));
#1494=EDGE_LOOP('',(#8306,#8307,#8308,#8309));
#1495=EDGE_LOOP('',(#8310,#8311,#8312,#8313));
#1496=EDGE_LOOP('',(#8314,#8315,#8316,#8317));
#1497=EDGE_LOOP('',(#8318,#8319,#8320,#8321));
#1498=EDGE_LOOP('',(#8322,#8323,#8324,#8325));
#1499=EDGE_LOOP('',(#8326,#8327,#8328,#8329));
#1500=EDGE_LOOP('',(#8330,#8331,#8332,#8333));
#1501=EDGE_LOOP('',(#8334,#8335,#8336,#8337));
#1502=EDGE_LOOP('',(#8338,#8339,#8340,#8341));
#1503=EDGE_LOOP('',(#8342,#8343,#8344,#8345));
#1504=EDGE_LOOP('',(#8346,#8347,#8348,#8349));
#1505=EDGE_LOOP('',(#8350,#8351,#8352,#8353));
#1506=EDGE_LOOP('',(#8354,#8355,#8356,#8357,#8358,#8359,#8360,#8361));
#1507=EDGE_LOOP('',(#8362,#8363,#8364,#8365,#8366,#8367,#8368,#8369,#8370,
#8371,#8372,#8373));
#1508=EDGE_LOOP('',(#8374,#8375,#8376,#8377,#8378,#8379));
#1509=EDGE_LOOP('',(#8380,#8381,#8382,#8383));
#1510=EDGE_LOOP('',(#8384,#8385,#8386,#8387));
#1511=EDGE_LOOP('',(#8388,#8389,#8390,#8391));
#1512=EDGE_LOOP('',(#8392,#8393,#8394,#8395));
#1513=EDGE_LOOP('',(#8396,#8397,#8398,#8399));
#1514=EDGE_LOOP('',(#8400,#8401,#8402,#8403));
#1515=EDGE_LOOP('',(#8404,#8405,#8406,#8407));
#1516=EDGE_LOOP('',(#8408,#8409,#8410,#8411));
#1517=EDGE_LOOP('',(#8412,#8413,#8414,#8415));
#1518=EDGE_LOOP('',(#8416,#8417,#8418,#8419));
#1519=EDGE_LOOP('',(#8420,#8421,#8422,#8423));
#1520=EDGE_LOOP('',(#8424,#8425,#8426,#8427));
#1521=EDGE_LOOP('',(#8428,#8429,#8430,#8431));
#1522=EDGE_LOOP('',(#8432,#8433,#8434,#8435));
#1523=EDGE_LOOP('',(#8436,#8437,#8438,#8439));
#1524=EDGE_LOOP('',(#8440,#8441,#8442,#8443,#8444,#8445,#8446,#8447));
#1525=EDGE_LOOP('',(#8448,#8449,#8450,#8451));
#1526=EDGE_LOOP('',(#8452,#8453,#8454,#8455));
#1527=EDGE_LOOP('',(#8456,#8457,#8458,#8459));
#1528=EDGE_LOOP('',(#8460,#8461,#8462,#8463));
#1529=EDGE_LOOP('',(#8464,#8465,#8466,#8467));
#1530=EDGE_LOOP('',(#8468,#8469,#8470,#8471));
#1531=EDGE_LOOP('',(#8472,#8473,#8474,#8475));
#1532=EDGE_LOOP('',(#8476,#8477,#8478,#8479));
#1533=EDGE_LOOP('',(#8480,#8481,#8482,#8483));
#1534=EDGE_LOOP('',(#8484,#8485,#8486,#8487));
#1535=EDGE_LOOP('',(#8488,#8489,#8490,#8491));
#1536=EDGE_LOOP('',(#8492,#8493,#8494,#8495,#8496,#8497));
#1537=EDGE_LOOP('',(#8498));
#1538=EDGE_LOOP('',(#8499));
#1539=EDGE_LOOP('',(#8500));
#1540=EDGE_LOOP('',(#8501));
#1541=EDGE_LOOP('',(#8502));
#1542=EDGE_LOOP('',(#8503));
#1543=EDGE_LOOP('',(#8504));
#1544=EDGE_LOOP('',(#8505));
#1545=EDGE_LOOP('',(#8506));
#1546=EDGE_LOOP('',(#8507));
#1547=EDGE_LOOP('',(#8508,#8509,#8510,#8511));
#1548=EDGE_LOOP('',(#8512,#8513,#8514,#8515));
#1549=EDGE_LOOP('',(#8516,#8517,#8518,#8519));
#1550=EDGE_LOOP('',(#8520,#8521,#8522,#8523));
#1551=EDGE_LOOP('',(#8524,#8525,#8526,#8527));
#1552=EDGE_LOOP('',(#8528,#8529,#8530,#8531,#8532,#8533));
#1553=EDGE_LOOP('',(#8534));
#1554=EDGE_LOOP('',(#8535));
#1555=EDGE_LOOP('',(#8536,#8537,#8538,#8539));
#1556=EDGE_LOOP('',(#8540,#8541,#8542,#8543));
#1557=EDGE_LOOP('',(#8544,#8545,#8546,#8547));
#1558=EDGE_LOOP('',(#8548,#8549,#8550,#8551));
#1559=EDGE_LOOP('',(#8552,#8553,#8554,#8555));
#1560=EDGE_LOOP('',(#8556,#8557,#8558,#8559));
#1561=EDGE_LOOP('',(#8560,#8561,#8562,#8563,#8564,#8565));
#1562=EDGE_LOOP('',(#8566));
#1563=EDGE_LOOP('',(#8567));
#1564=EDGE_LOOP('',(#8568,#8569,#8570,#8571));
#1565=EDGE_LOOP('',(#8572,#8573,#8574,#8575));
#1566=EDGE_LOOP('',(#8576,#8577,#8578,#8579));
#1567=EDGE_LOOP('',(#8580,#8581,#8582,#8583));
#1568=EDGE_LOOP('',(#8584,#8585,#8586,#8587));
#1569=EDGE_LOOP('',(#8588,#8589,#8590,#8591));
#1570=EDGE_LOOP('',(#8592,#8593,#8594,#8595));
#1571=EDGE_LOOP('',(#8596,#8597,#8598,#8599));
#1572=EDGE_LOOP('',(#8600,#8601,#8602,#8603));
#1573=EDGE_LOOP('',(#8604,#8605,#8606,#8607));
#1574=EDGE_LOOP('',(#8608,#8609,#8610,#8611));
#1575=EDGE_LOOP('',(#8612,#8613,#8614,#8615));
#1576=EDGE_LOOP('',(#8616,#8617,#8618,#8619));
#1577=EDGE_LOOP('',(#8620,#8621,#8622,#8623));
#1578=EDGE_LOOP('',(#8624,#8625,#8626,#8627));
#1579=EDGE_LOOP('',(#8628,#8629,#8630,#8631));
#1580=EDGE_LOOP('',(#8632,#8633,#8634,#8635));
#1581=EDGE_LOOP('',(#8636,#8637,#8638,#8639));
#1582=EDGE_LOOP('',(#8640,#8641,#8642,#8643));
#1583=EDGE_LOOP('',(#8644,#8645,#8646,#8647));
#1584=EDGE_LOOP('',(#8648,#8649,#8650,#8651));
#1585=EDGE_LOOP('',(#8652,#8653,#8654,#8655));
#1586=EDGE_LOOP('',(#8656,#8657,#8658,#8659));
#1587=EDGE_LOOP('',(#8660,#8661,#8662,#8663));
#1588=EDGE_LOOP('',(#8664,#8665,#8666,#8667));
#1589=EDGE_LOOP('',(#8668,#8669,#8670,#8671));
#1590=EDGE_LOOP('',(#8672,#8673,#8674,#8675));
#1591=EDGE_LOOP('',(#8676,#8677,#8678,#8679));
#1592=EDGE_LOOP('',(#8680,#8681,#8682,#8683));
#1593=EDGE_LOOP('',(#8684,#8685,#8686,#8687));
#1594=EDGE_LOOP('',(#8688,#8689,#8690,#8691,#8692,#8693,#8694,#8695,#8696,
#8697,#8698,#8699,#8700,#8701,#8702,#8703,#8704,#8705,#8706,#8707));
#1595=EDGE_LOOP('',(#8708,#8709,#8710,#8711,#8712,#8713,#8714,#8715,#8716,
#8717,#8718,#8719,#8720,#8721,#8722,#8723,#8724,#8725,#8726,#8727));
#1596=EDGE_LOOP('',(#8728));
#1597=EDGE_LOOP('',(#8729,#8730,#8731,#8732));
#1598=EDGE_LOOP('',(#8733,#8734,#8735,#8736));
#1599=EDGE_LOOP('',(#8737,#8738,#8739,#8740));
#1600=EDGE_LOOP('',(#8741,#8742,#8743,#8744));
#1601=EDGE_LOOP('',(#8745,#8746,#8747,#8748));
#1602=EDGE_LOOP('',(#8749,#8750,#8751,#8752));
#1603=EDGE_LOOP('',(#8753,#8754,#8755,#8756));
#1604=EDGE_LOOP('',(#8757,#8758,#8759,#8760));
#1605=EDGE_LOOP('',(#8761,#8762,#8763,#8764));
#1606=EDGE_LOOP('',(#8765,#8766,#8767,#8768));
#1607=EDGE_LOOP('',(#8769,#8770,#8771,#8772));
#1608=EDGE_LOOP('',(#8773));
#1609=EDGE_LOOP('',(#8774,#8775));
#1610=EDGE_LOOP('',(#8776,#8777));
#1611=EDGE_LOOP('',(#8778,#8779,#8780,#8781));
#1612=EDGE_LOOP('',(#8782,#8783,#8784,#8785));
#1613=LINE('',#12664,#2786);
#1614=LINE('',#12666,#2787);
#1615=LINE('',#12668,#2788);
#1616=LINE('',#12669,#2789);
#1617=LINE('',#12672,#2790);
#1618=LINE('',#12674,#2791);
#1619=LINE('',#12675,#2792);
#1620=LINE('',#12678,#2793);
#1621=LINE('',#12680,#2794);
#1622=LINE('',#12682,#2795);
#1623=LINE('',#12684,#2796);
#1624=LINE('',#12688,#2797);
#1625=LINE('',#12691,#2798);
#1626=LINE('',#12694,#2799);
#1627=LINE('',#12696,#2800);
#1628=LINE('',#12698,#2801);
#1629=LINE('',#12699,#2802);
#1630=LINE('',#12702,#2803);
#1631=LINE('',#12704,#2804);
#1632=LINE('',#12706,#2805);
#1633=LINE('',#12707,#2806);
#1634=LINE('',#12714,#2807);
#1635=LINE('',#12716,#2808);
#1636=LINE('',#12718,#2809);
#1637=LINE('',#12719,#2810);
#1638=LINE('',#12724,#2811);
#1639=LINE('',#12726,#2812);
#1640=LINE('',#12728,#2813);
#1641=LINE('',#12729,#2814);
#1642=LINE('',#12732,#2815);
#1643=LINE('',#12734,#2816);
#1644=LINE('',#12736,#2817);
#1645=LINE('',#12737,#2818);
#1646=LINE('',#12740,#2819);
#1647=LINE('',#12742,#2820);
#1648=LINE('',#12744,#2821);
#1649=LINE('',#12745,#2822);
#1650=LINE('',#12748,#2823);
#1651=LINE('',#12750,#2824);
#1652=LINE('',#12752,#2825);
#1653=LINE('',#12753,#2826);
#1654=LINE('',#12756,#2827);
#1655=LINE('',#12758,#2828);
#1656=LINE('',#12760,#2829);
#1657=LINE('',#12761,#2830);
#1658=LINE('',#12764,#2831);
#1659=LINE('',#12766,#2832);
#1660=LINE('',#12768,#2833);
#1661=LINE('',#12769,#2834);
#1662=LINE('',#12772,#2835);
#1663=LINE('',#12774,#2836);
#1664=LINE('',#12776,#2837);
#1665=LINE('',#12777,#2838);
#1666=LINE('',#12780,#2839);
#1667=LINE('',#12782,#2840);
#1668=LINE('',#12784,#2841);
#1669=LINE('',#12785,#2842);
#1670=LINE('',#12788,#2843);
#1671=LINE('',#12790,#2844);
#1672=LINE('',#12792,#2845);
#1673=LINE('',#12793,#2846);
#1674=LINE('',#12798,#2847);
#1675=LINE('',#12800,#2848);
#1676=LINE('',#12802,#2849);
#1677=LINE('',#12803,#2850);
#1678=LINE('',#12806,#2851);
#1679=LINE('',#12808,#2852);
#1680=LINE('',#12810,#2853);
#1681=LINE('',#12811,#2854);
#1682=LINE('',#12814,#2855);
#1683=LINE('',#12816,#2856);
#1684=LINE('',#12818,#2857);
#1685=LINE('',#12819,#2858);
#1686=LINE('',#12822,#2859);
#1687=LINE('',#12824,#2860);
#1688=LINE('',#12826,#2861);
#1689=LINE('',#12827,#2862);
#1690=LINE('',#12830,#2863);
#1691=LINE('',#12832,#2864);
#1692=LINE('',#12834,#2865);
#1693=LINE('',#12835,#2866);
#1694=LINE('',#12840,#2867);
#1695=LINE('',#12842,#2868);
#1696=LINE('',#12844,#2869);
#1697=LINE('',#12845,#2870);
#1698=LINE('',#12848,#2871);
#1699=LINE('',#12850,#2872);
#1700=LINE('',#12852,#2873);
#1701=LINE('',#12853,#2874);
#1702=LINE('',#12856,#2875);
#1703=LINE('',#12858,#2876);
#1704=LINE('',#12860,#2877);
#1705=LINE('',#12861,#2878);
#1706=LINE('',#12864,#2879);
#1707=LINE('',#12866,#2880);
#1708=LINE('',#12868,#2881);
#1709=LINE('',#12869,#2882);
#1710=LINE('',#12874,#2883);
#1711=LINE('',#12876,#2884);
#1712=LINE('',#12878,#2885);
#1713=LINE('',#12879,#2886);
#1714=LINE('',#12884,#2887);
#1715=LINE('',#12886,#2888);
#1716=LINE('',#12888,#2889);
#1717=LINE('',#12889,#2890);
#1718=LINE('',#12894,#2891);
#1719=LINE('',#12896,#2892);
#1720=LINE('',#12898,#2893);
#1721=LINE('',#12899,#2894);
#1722=LINE('',#12902,#2895);
#1723=LINE('',#12904,#2896);
#1724=LINE('',#12906,#2897);
#1725=LINE('',#12907,#2898);
#1726=LINE('',#12910,#2899);
#1727=LINE('',#12912,#2900);
#1728=LINE('',#12914,#2901);
#1729=LINE('',#12915,#2902);
#1730=LINE('',#12920,#2903);
#1731=LINE('',#12922,#2904);
#1732=LINE('',#12924,#2905);
#1733=LINE('',#12925,#2906);
#1734=LINE('',#12928,#2907);
#1735=LINE('',#12930,#2908);
#1736=LINE('',#12932,#2909);
#1737=LINE('',#12933,#2910);
#1738=LINE('',#12938,#2911);
#1739=LINE('',#12940,#2912);
#1740=LINE('',#12942,#2913);
#1741=LINE('',#12943,#2914);
#1742=LINE('',#12946,#2915);
#1743=LINE('',#12948,#2916);
#1744=LINE('',#12950,#2917);
#1745=LINE('',#12951,#2918);
#1746=LINE('',#12954,#2919);
#1747=LINE('',#12956,#2920);
#1748=LINE('',#12958,#2921);
#1749=LINE('',#12959,#2922);
#1750=LINE('',#12962,#2923);
#1751=LINE('',#12964,#2924);
#1752=LINE('',#12966,#2925);
#1753=LINE('',#12967,#2926);
#1754=LINE('',#12970,#2927);
#1755=LINE('',#12972,#2928);
#1756=LINE('',#12974,#2929);
#1757=LINE('',#12975,#2930);
#1758=LINE('',#12978,#2931);
#1759=LINE('',#12980,#2932);
#1760=LINE('',#12982,#2933);
#1761=LINE('',#12983,#2934);
#1762=LINE('',#12986,#2935);
#1763=LINE('',#12988,#2936);
#1764=LINE('',#12990,#2937);
#1765=LINE('',#12991,#2938);
#1766=LINE('',#12994,#2939);
#1767=LINE('',#12996,#2940);
#1768=LINE('',#12998,#2941);
#1769=LINE('',#12999,#2942);
#1770=LINE('',#13002,#2943);
#1771=LINE('',#13004,#2944);
#1772=LINE('',#13006,#2945);
#1773=LINE('',#13007,#2946);
#1774=LINE('',#13010,#2947);
#1775=LINE('',#13012,#2948);
#1776=LINE('',#13014,#2949);
#1777=LINE('',#13015,#2950);
#1778=LINE('',#13018,#2951);
#1779=LINE('',#13020,#2952);
#1780=LINE('',#13022,#2953);
#1781=LINE('',#13023,#2954);
#1782=LINE('',#13026,#2955);
#1783=LINE('',#13028,#2956);
#1784=LINE('',#13030,#2957);
#1785=LINE('',#13031,#2958);
#1786=LINE('',#13034,#2959);
#1787=LINE('',#13036,#2960);
#1788=LINE('',#13038,#2961);
#1789=LINE('',#13039,#2962);
#1790=LINE('',#13042,#2963);
#1791=LINE('',#13044,#2964);
#1792=LINE('',#13046,#2965);
#1793=LINE('',#13047,#2966);
#1794=LINE('',#13050,#2967);
#1795=LINE('',#13052,#2968);
#1796=LINE('',#13054,#2969);
#1797=LINE('',#13055,#2970);
#1798=LINE('',#13058,#2971);
#1799=LINE('',#13060,#2972);
#1800=LINE('',#13062,#2973);
#1801=LINE('',#13063,#2974);
#1802=LINE('',#13066,#2975);
#1803=LINE('',#13068,#2976);
#1804=LINE('',#13070,#2977);
#1805=LINE('',#13071,#2978);
#1806=LINE('',#13074,#2979);
#1807=LINE('',#13076,#2980);
#1808=LINE('',#13078,#2981);
#1809=LINE('',#13079,#2982);
#1810=LINE('',#13082,#2983);
#1811=LINE('',#13084,#2984);
#1812=LINE('',#13086,#2985);
#1813=LINE('',#13087,#2986);
#1814=LINE('',#13090,#2987);
#1815=LINE('',#13092,#2988);
#1816=LINE('',#13094,#2989);
#1817=LINE('',#13095,#2990);
#1818=LINE('',#13098,#2991);
#1819=LINE('',#13100,#2992);
#1820=LINE('',#13102,#2993);
#1821=LINE('',#13103,#2994);
#1822=LINE('',#13106,#2995);
#1823=LINE('',#13108,#2996);
#1824=LINE('',#13110,#2997);
#1825=LINE('',#13111,#2998);
#1826=LINE('',#13114,#2999);
#1827=LINE('',#13116,#3000);
#1828=LINE('',#13118,#3001);
#1829=LINE('',#13119,#3002);
#1830=LINE('',#13122,#3003);
#1831=LINE('',#13124,#3004);
#1832=LINE('',#13126,#3005);
#1833=LINE('',#13127,#3006);
#1834=LINE('',#13130,#3007);
#1835=LINE('',#13132,#3008);
#1836=LINE('',#13134,#3009);
#1837=LINE('',#13135,#3010);
#1838=LINE('',#13138,#3011);
#1839=LINE('',#13140,#3012);
#1840=LINE('',#13142,#3013);
#1841=LINE('',#13143,#3014);
#1842=LINE('',#13146,#3015);
#1843=LINE('',#13148,#3016);
#1844=LINE('',#13150,#3017);
#1845=LINE('',#13151,#3018);
#1846=LINE('',#13154,#3019);
#1847=LINE('',#13156,#3020);
#1848=LINE('',#13158,#3021);
#1849=LINE('',#13159,#3022);
#1850=LINE('',#13162,#3023);
#1851=LINE('',#13164,#3024);
#1852=LINE('',#13166,#3025);
#1853=LINE('',#13167,#3026);
#1854=LINE('',#13170,#3027);
#1855=LINE('',#13172,#3028);
#1856=LINE('',#13174,#3029);
#1857=LINE('',#13175,#3030);
#1858=LINE('',#13178,#3031);
#1859=LINE('',#13180,#3032);
#1860=LINE('',#13182,#3033);
#1861=LINE('',#13183,#3034);
#1862=LINE('',#13186,#3035);
#1863=LINE('',#13188,#3036);
#1864=LINE('',#13190,#3037);
#1865=LINE('',#13191,#3038);
#1866=LINE('',#13194,#3039);
#1867=LINE('',#13196,#3040);
#1868=LINE('',#13198,#3041);
#1869=LINE('',#13199,#3042);
#1870=LINE('',#13202,#3043);
#1871=LINE('',#13204,#3044);
#1872=LINE('',#13206,#3045);
#1873=LINE('',#13207,#3046);
#1874=LINE('',#13210,#3047);
#1875=LINE('',#13212,#3048);
#1876=LINE('',#13214,#3049);
#1877=LINE('',#13215,#3050);
#1878=LINE('',#13218,#3051);
#1879=LINE('',#13220,#3052);
#1880=LINE('',#13222,#3053);
#1881=LINE('',#13223,#3054);
#1882=LINE('',#13226,#3055);
#1883=LINE('',#13228,#3056);
#1884=LINE('',#13230,#3057);
#1885=LINE('',#13231,#3058);
#1886=LINE('',#13234,#3059);
#1887=LINE('',#13236,#3060);
#1888=LINE('',#13238,#3061);
#1889=LINE('',#13239,#3062);
#1890=LINE('',#13242,#3063);
#1891=LINE('',#13244,#3064);
#1892=LINE('',#13246,#3065);
#1893=LINE('',#13247,#3066);
#1894=LINE('',#13250,#3067);
#1895=LINE('',#13252,#3068);
#1896=LINE('',#13254,#3069);
#1897=LINE('',#13255,#3070);
#1898=LINE('',#13258,#3071);
#1899=LINE('',#13260,#3072);
#1900=LINE('',#13262,#3073);
#1901=LINE('',#13263,#3074);
#1902=LINE('',#13266,#3075);
#1903=LINE('',#13268,#3076);
#1904=LINE('',#13270,#3077);
#1905=LINE('',#13271,#3078);
#1906=LINE('',#13274,#3079);
#1907=LINE('',#13276,#3080);
#1908=LINE('',#13278,#3081);
#1909=LINE('',#13279,#3082);
#1910=LINE('',#13282,#3083);
#1911=LINE('',#13284,#3084);
#1912=LINE('',#13286,#3085);
#1913=LINE('',#13287,#3086);
#1914=LINE('',#13290,#3087);
#1915=LINE('',#13292,#3088);
#1916=LINE('',#13294,#3089);
#1917=LINE('',#13295,#3090);
#1918=LINE('',#13298,#3091);
#1919=LINE('',#13300,#3092);
#1920=LINE('',#13302,#3093);
#1921=LINE('',#13303,#3094);
#1922=LINE('',#13306,#3095);
#1923=LINE('',#13308,#3096);
#1924=LINE('',#13310,#3097);
#1925=LINE('',#13311,#3098);
#1926=LINE('',#13314,#3099);
#1927=LINE('',#13316,#3100);
#1928=LINE('',#13318,#3101);
#1929=LINE('',#13319,#3102);
#1930=LINE('',#13322,#3103);
#1931=LINE('',#13324,#3104);
#1932=LINE('',#13326,#3105);
#1933=LINE('',#13327,#3106);
#1934=LINE('',#13330,#3107);
#1935=LINE('',#13332,#3108);
#1936=LINE('',#13334,#3109);
#1937=LINE('',#13335,#3110);
#1938=LINE('',#13338,#3111);
#1939=LINE('',#13340,#3112);
#1940=LINE('',#13342,#3113);
#1941=LINE('',#13343,#3114);
#1942=LINE('',#13346,#3115);
#1943=LINE('',#13348,#3116);
#1944=LINE('',#13350,#3117);
#1945=LINE('',#13351,#3118);
#1946=LINE('',#13354,#3119);
#1947=LINE('',#13355,#3120);
#1948=LINE('',#13360,#3121);
#1949=LINE('',#13361,#3122);
#1950=LINE('',#13364,#3123);
#1951=LINE('',#13367,#3124);
#1952=LINE('',#13369,#3125);
#1953=LINE('',#13371,#3126);
#1954=LINE('',#13372,#3127);
#1955=LINE('',#13375,#3128);
#1956=LINE('',#13377,#3129);
#1957=LINE('',#13379,#3130);
#1958=LINE('',#13380,#3131);
#1959=LINE('',#13383,#3132);
#1960=LINE('',#13385,#3133);
#1961=LINE('',#13387,#3134);
#1962=LINE('',#13388,#3135);
#1963=LINE('',#13395,#3136);
#1964=LINE('',#13397,#3137);
#1965=LINE('',#13399,#3138);
#1966=LINE('',#13400,#3139);
#1967=LINE('',#13405,#3140);
#1968=LINE('',#13407,#3141);
#1969=LINE('',#13409,#3142);
#1970=LINE('',#13410,#3143);
#1971=LINE('',#13413,#3144);
#1972=LINE('',#13415,#3145);
#1973=LINE('',#13417,#3146);
#1974=LINE('',#13418,#3147);
#1975=LINE('',#13421,#3148);
#1976=LINE('',#13423,#3149);
#1977=LINE('',#13425,#3150);
#1978=LINE('',#13426,#3151);
#1979=LINE('',#13429,#3152);
#1980=LINE('',#13431,#3153);
#1981=LINE('',#13433,#3154);
#1982=LINE('',#13434,#3155);
#1983=LINE('',#13437,#3156);
#1984=LINE('',#13439,#3157);
#1985=LINE('',#13441,#3158);
#1986=LINE('',#13442,#3159);
#1987=LINE('',#13445,#3160);
#1988=LINE('',#13447,#3161);
#1989=LINE('',#13449,#3162);
#1990=LINE('',#13450,#3163);
#1991=LINE('',#13453,#3164);
#1992=LINE('',#13455,#3165);
#1993=LINE('',#13457,#3166);
#1994=LINE('',#13458,#3167);
#1995=LINE('',#13461,#3168);
#1996=LINE('',#13463,#3169);
#1997=LINE('',#13465,#3170);
#1998=LINE('',#13466,#3171);
#1999=LINE('',#13469,#3172);
#2000=LINE('',#13471,#3173);
#2001=LINE('',#13473,#3174);
#2002=LINE('',#13474,#3175);
#2003=LINE('',#13479,#3176);
#2004=LINE('',#13481,#3177);
#2005=LINE('',#13483,#3178);
#2006=LINE('',#13484,#3179);
#2007=LINE('',#13487,#3180);
#2008=LINE('',#13489,#3181);
#2009=LINE('',#13491,#3182);
#2010=LINE('',#13492,#3183);
#2011=LINE('',#13495,#3184);
#2012=LINE('',#13497,#3185);
#2013=LINE('',#13499,#3186);
#2014=LINE('',#13500,#3187);
#2015=LINE('',#13503,#3188);
#2016=LINE('',#13505,#3189);
#2017=LINE('',#13507,#3190);
#2018=LINE('',#13508,#3191);
#2019=LINE('',#13511,#3192);
#2020=LINE('',#13513,#3193);
#2021=LINE('',#13515,#3194);
#2022=LINE('',#13516,#3195);
#2023=LINE('',#13521,#3196);
#2024=LINE('',#13523,#3197);
#2025=LINE('',#13525,#3198);
#2026=LINE('',#13526,#3199);
#2027=LINE('',#13529,#3200);
#2028=LINE('',#13531,#3201);
#2029=LINE('',#13533,#3202);
#2030=LINE('',#13534,#3203);
#2031=LINE('',#13537,#3204);
#2032=LINE('',#13539,#3205);
#2033=LINE('',#13541,#3206);
#2034=LINE('',#13542,#3207);
#2035=LINE('',#13545,#3208);
#2036=LINE('',#13547,#3209);
#2037=LINE('',#13549,#3210);
#2038=LINE('',#13550,#3211);
#2039=LINE('',#13555,#3212);
#2040=LINE('',#13557,#3213);
#2041=LINE('',#13559,#3214);
#2042=LINE('',#13560,#3215);
#2043=LINE('',#13565,#3216);
#2044=LINE('',#13567,#3217);
#2045=LINE('',#13569,#3218);
#2046=LINE('',#13570,#3219);
#2047=LINE('',#13575,#3220);
#2048=LINE('',#13577,#3221);
#2049=LINE('',#13579,#3222);
#2050=LINE('',#13580,#3223);
#2051=LINE('',#13583,#3224);
#2052=LINE('',#13585,#3225);
#2053=LINE('',#13587,#3226);
#2054=LINE('',#13588,#3227);
#2055=LINE('',#13591,#3228);
#2056=LINE('',#13593,#3229);
#2057=LINE('',#13595,#3230);
#2058=LINE('',#13596,#3231);
#2059=LINE('',#13601,#3232);
#2060=LINE('',#13603,#3233);
#2061=LINE('',#13605,#3234);
#2062=LINE('',#13606,#3235);
#2063=LINE('',#13609,#3236);
#2064=LINE('',#13611,#3237);
#2065=LINE('',#13613,#3238);
#2066=LINE('',#13614,#3239);
#2067=LINE('',#13619,#3240);
#2068=LINE('',#13621,#3241);
#2069=LINE('',#13623,#3242);
#2070=LINE('',#13624,#3243);
#2071=LINE('',#13627,#3244);
#2072=LINE('',#13629,#3245);
#2073=LINE('',#13631,#3246);
#2074=LINE('',#13632,#3247);
#2075=LINE('',#13635,#3248);
#2076=LINE('',#13637,#3249);
#2077=LINE('',#13639,#3250);
#2078=LINE('',#13640,#3251);
#2079=LINE('',#13643,#3252);
#2080=LINE('',#13645,#3253);
#2081=LINE('',#13647,#3254);
#2082=LINE('',#13648,#3255);
#2083=LINE('',#13651,#3256);
#2084=LINE('',#13653,#3257);
#2085=LINE('',#13655,#3258);
#2086=LINE('',#13656,#3259);
#2087=LINE('',#13659,#3260);
#2088=LINE('',#13661,#3261);
#2089=LINE('',#13663,#3262);
#2090=LINE('',#13664,#3263);
#2091=LINE('',#13667,#3264);
#2092=LINE('',#13669,#3265);
#2093=LINE('',#13671,#3266);
#2094=LINE('',#13672,#3267);
#2095=LINE('',#13675,#3268);
#2096=LINE('',#13677,#3269);
#2097=LINE('',#13679,#3270);
#2098=LINE('',#13680,#3271);
#2099=LINE('',#13683,#3272);
#2100=LINE('',#13685,#3273);
#2101=LINE('',#13687,#3274);
#2102=LINE('',#13688,#3275);
#2103=LINE('',#13691,#3276);
#2104=LINE('',#13693,#3277);
#2105=LINE('',#13695,#3278);
#2106=LINE('',#13696,#3279);
#2107=LINE('',#13699,#3280);
#2108=LINE('',#13701,#3281);
#2109=LINE('',#13703,#3282);
#2110=LINE('',#13704,#3283);
#2111=LINE('',#13707,#3284);
#2112=LINE('',#13709,#3285);
#2113=LINE('',#13711,#3286);
#2114=LINE('',#13712,#3287);
#2115=LINE('',#13715,#3288);
#2116=LINE('',#13717,#3289);
#2117=LINE('',#13719,#3290);
#2118=LINE('',#13720,#3291);
#2119=LINE('',#13723,#3292);
#2120=LINE('',#13725,#3293);
#2121=LINE('',#13727,#3294);
#2122=LINE('',#13728,#3295);
#2123=LINE('',#13731,#3296);
#2124=LINE('',#13733,#3297);
#2125=LINE('',#13735,#3298);
#2126=LINE('',#13736,#3299);
#2127=LINE('',#13739,#3300);
#2128=LINE('',#13741,#3301);
#2129=LINE('',#13743,#3302);
#2130=LINE('',#13744,#3303);
#2131=LINE('',#13747,#3304);
#2132=LINE('',#13749,#3305);
#2133=LINE('',#13751,#3306);
#2134=LINE('',#13752,#3307);
#2135=LINE('',#13755,#3308);
#2136=LINE('',#13757,#3309);
#2137=LINE('',#13759,#3310);
#2138=LINE('',#13760,#3311);
#2139=LINE('',#13763,#3312);
#2140=LINE('',#13765,#3313);
#2141=LINE('',#13767,#3314);
#2142=LINE('',#13768,#3315);
#2143=LINE('',#13771,#3316);
#2144=LINE('',#13773,#3317);
#2145=LINE('',#13775,#3318);
#2146=LINE('',#13776,#3319);
#2147=LINE('',#13779,#3320);
#2148=LINE('',#13781,#3321);
#2149=LINE('',#13783,#3322);
#2150=LINE('',#13784,#3323);
#2151=LINE('',#13787,#3324);
#2152=LINE('',#13789,#3325);
#2153=LINE('',#13791,#3326);
#2154=LINE('',#13792,#3327);
#2155=LINE('',#13795,#3328);
#2156=LINE('',#13797,#3329);
#2157=LINE('',#13799,#3330);
#2158=LINE('',#13800,#3331);
#2159=LINE('',#13803,#3332);
#2160=LINE('',#13805,#3333);
#2161=LINE('',#13807,#3334);
#2162=LINE('',#13808,#3335);
#2163=LINE('',#13811,#3336);
#2164=LINE('',#13813,#3337);
#2165=LINE('',#13815,#3338);
#2166=LINE('',#13816,#3339);
#2167=LINE('',#13819,#3340);
#2168=LINE('',#13821,#3341);
#2169=LINE('',#13823,#3342);
#2170=LINE('',#13824,#3343);
#2171=LINE('',#13827,#3344);
#2172=LINE('',#13829,#3345);
#2173=LINE('',#13831,#3346);
#2174=LINE('',#13832,#3347);
#2175=LINE('',#13835,#3348);
#2176=LINE('',#13837,#3349);
#2177=LINE('',#13839,#3350);
#2178=LINE('',#13840,#3351);
#2179=LINE('',#13843,#3352);
#2180=LINE('',#13845,#3353);
#2181=LINE('',#13847,#3354);
#2182=LINE('',#13848,#3355);
#2183=LINE('',#13851,#3356);
#2184=LINE('',#13853,#3357);
#2185=LINE('',#13855,#3358);
#2186=LINE('',#13856,#3359);
#2187=LINE('',#13859,#3360);
#2188=LINE('',#13861,#3361);
#2189=LINE('',#13863,#3362);
#2190=LINE('',#13864,#3363);
#2191=LINE('',#13867,#3364);
#2192=LINE('',#13869,#3365);
#2193=LINE('',#13871,#3366);
#2194=LINE('',#13872,#3367);
#2195=LINE('',#13875,#3368);
#2196=LINE('',#13877,#3369);
#2197=LINE('',#13879,#3370);
#2198=LINE('',#13880,#3371);
#2199=LINE('',#13883,#3372);
#2200=LINE('',#13885,#3373);
#2201=LINE('',#13887,#3374);
#2202=LINE('',#13888,#3375);
#2203=LINE('',#13891,#3376);
#2204=LINE('',#13893,#3377);
#2205=LINE('',#13895,#3378);
#2206=LINE('',#13896,#3379);
#2207=LINE('',#13899,#3380);
#2208=LINE('',#13901,#3381);
#2209=LINE('',#13903,#3382);
#2210=LINE('',#13904,#3383);
#2211=LINE('',#13907,#3384);
#2212=LINE('',#13909,#3385);
#2213=LINE('',#13911,#3386);
#2214=LINE('',#13912,#3387);
#2215=LINE('',#13915,#3388);
#2216=LINE('',#13917,#3389);
#2217=LINE('',#13919,#3390);
#2218=LINE('',#13920,#3391);
#2219=LINE('',#13923,#3392);
#2220=LINE('',#13925,#3393);
#2221=LINE('',#13927,#3394);
#2222=LINE('',#13928,#3395);
#2223=LINE('',#13931,#3396);
#2224=LINE('',#13933,#3397);
#2225=LINE('',#13935,#3398);
#2226=LINE('',#13936,#3399);
#2227=LINE('',#13939,#3400);
#2228=LINE('',#13941,#3401);
#2229=LINE('',#13943,#3402);
#2230=LINE('',#13944,#3403);
#2231=LINE('',#13947,#3404);
#2232=LINE('',#13949,#3405);
#2233=LINE('',#13951,#3406);
#2234=LINE('',#13952,#3407);
#2235=LINE('',#13955,#3408);
#2236=LINE('',#13957,#3409);
#2237=LINE('',#13959,#3410);
#2238=LINE('',#13960,#3411);
#2239=LINE('',#13963,#3412);
#2240=LINE('',#13965,#3413);
#2241=LINE('',#13967,#3414);
#2242=LINE('',#13968,#3415);
#2243=LINE('',#13971,#3416);
#2244=LINE('',#13973,#3417);
#2245=LINE('',#13975,#3418);
#2246=LINE('',#13976,#3419);
#2247=LINE('',#13979,#3420);
#2248=LINE('',#13981,#3421);
#2249=LINE('',#13983,#3422);
#2250=LINE('',#13984,#3423);
#2251=LINE('',#13987,#3424);
#2252=LINE('',#13989,#3425);
#2253=LINE('',#13991,#3426);
#2254=LINE('',#13992,#3427);
#2255=LINE('',#13995,#3428);
#2256=LINE('',#13997,#3429);
#2257=LINE('',#13999,#3430);
#2258=LINE('',#14000,#3431);
#2259=LINE('',#14003,#3432);
#2260=LINE('',#14005,#3433);
#2261=LINE('',#14007,#3434);
#2262=LINE('',#14008,#3435);
#2263=LINE('',#14011,#3436);
#2264=LINE('',#14013,#3437);
#2265=LINE('',#14015,#3438);
#2266=LINE('',#14016,#3439);
#2267=LINE('',#14019,#3440);
#2268=LINE('',#14021,#3441);
#2269=LINE('',#14023,#3442);
#2270=LINE('',#14024,#3443);
#2271=LINE('',#14027,#3444);
#2272=LINE('',#14029,#3445);
#2273=LINE('',#14031,#3446);
#2274=LINE('',#14032,#3447);
#2275=LINE('',#14034,#3448);
#2276=LINE('',#14036,#3449);
#2277=LINE('',#14037,#3450);
#2278=LINE('',#14040,#3451);
#2279=LINE('',#14042,#3452);
#2280=LINE('',#14043,#3453);
#2281=LINE('',#14045,#3454);
#2282=LINE('',#14047,#3455);
#2283=LINE('',#14050,#3456);
#2284=LINE('',#14051,#3457);
#2285=LINE('',#14053,#3458);
#2286=LINE('',#14055,#3459);
#2287=LINE('',#14058,#3460);
#2288=LINE('',#14060,#3461);
#2289=LINE('',#14062,#3462);
#2290=LINE('',#14063,#3463);
#2291=LINE('',#14065,#3464);
#2292=LINE('',#14067,#3465);
#2293=LINE('',#14070,#3466);
#2294=LINE('',#14072,#3467);
#2295=LINE('',#14073,#3468);
#2296=LINE('',#14075,#3469);
#2297=LINE('',#14077,#3470);
#2298=LINE('',#14080,#3471);
#2299=LINE('',#14081,#3472);
#2300=LINE('',#14083,#3473);
#2301=LINE('',#14085,#3474);
#2302=LINE('',#14088,#3475);
#2303=LINE('',#14089,#3476);
#2304=LINE('',#14091,#3477);
#2305=LINE('',#14093,#3478);
#2306=LINE('',#14096,#3479);
#2307=LINE('',#14097,#3480);
#2308=LINE('',#14099,#3481);
#2309=LINE('',#14101,#3482);
#2310=LINE('',#14104,#3483);
#2311=LINE('',#14105,#3484);
#2312=LINE('',#14107,#3485);
#2313=LINE('',#14109,#3486);
#2314=LINE('',#14112,#3487);
#2315=LINE('',#14113,#3488);
#2316=LINE('',#14115,#3489);
#2317=LINE('',#14117,#3490);
#2318=LINE('',#14120,#3491);
#2319=LINE('',#14121,#3492);
#2320=LINE('',#14123,#3493);
#2321=LINE('',#14125,#3494);
#2322=LINE('',#14128,#3495);
#2323=LINE('',#14129,#3496);
#2324=LINE('',#14131,#3497);
#2325=LINE('',#14133,#3498);
#2326=LINE('',#14136,#3499);
#2327=LINE('',#14137,#3500);
#2328=LINE('',#14139,#3501);
#2329=LINE('',#14141,#3502);
#2330=LINE('',#14144,#3503);
#2331=LINE('',#14146,#3504);
#2332=LINE('',#14147,#3505);
#2333=LINE('',#14149,#3506);
#2334=LINE('',#14151,#3507);
#2335=LINE('',#14154,#3508);
#2336=LINE('',#14155,#3509);
#2337=LINE('',#14157,#3510);
#2338=LINE('',#14159,#3511);
#2339=LINE('',#14162,#3512);
#2340=LINE('',#14163,#3513);
#2341=LINE('',#14165,#3514);
#2342=LINE('',#14167,#3515);
#2343=LINE('',#14170,#3516);
#2344=LINE('',#14171,#3517);
#2345=LINE('',#14173,#3518);
#2346=LINE('',#14175,#3519);
#2347=LINE('',#14178,#3520);
#2348=LINE('',#14179,#3521);
#2349=LINE('',#14181,#3522);
#2350=LINE('',#14183,#3523);
#2351=LINE('',#14186,#3524);
#2352=LINE('',#14188,#3525);
#2353=LINE('',#14189,#3526);
#2354=LINE('',#14191,#3527);
#2355=LINE('',#14193,#3528);
#2356=LINE('',#14196,#3529);
#2357=LINE('',#14197,#3530);
#2358=LINE('',#14199,#3531);
#2359=LINE('',#14201,#3532);
#2360=LINE('',#14204,#3533);
#2361=LINE('',#14205,#3534);
#2362=LINE('',#14207,#3535);
#2363=LINE('',#14209,#3536);
#2364=LINE('',#14212,#3537);
#2365=LINE('',#14213,#3538);
#2366=LINE('',#14215,#3539);
#2367=LINE('',#14217,#3540);
#2368=LINE('',#14220,#3541);
#2369=LINE('',#14222,#3542);
#2370=LINE('',#14223,#3543);
#2371=LINE('',#14225,#3544);
#2372=LINE('',#14227,#3545);
#2373=LINE('',#14230,#3546);
#2374=LINE('',#14232,#3547);
#2375=LINE('',#14233,#3548);
#2376=LINE('',#14235,#3549);
#2377=LINE('',#14237,#3550);
#2378=LINE('',#14240,#3551);
#2379=LINE('',#14242,#3552);
#2380=LINE('',#14243,#3553);
#2381=LINE('',#14245,#3554);
#2382=LINE('',#14247,#3555);
#2383=LINE('',#14250,#3556);
#2384=LINE('',#14251,#3557);
#2385=LINE('',#14253,#3558);
#2386=LINE('',#14255,#3559);
#2387=LINE('',#14258,#3560);
#2388=LINE('',#14259,#3561);
#2389=LINE('',#14261,#3562);
#2390=LINE('',#14263,#3563);
#2391=LINE('',#14266,#3564);
#2392=LINE('',#14268,#3565);
#2393=LINE('',#14269,#3566);
#2394=LINE('',#14271,#3567);
#2395=LINE('',#14273,#3568);
#2396=LINE('',#14276,#3569);
#2397=LINE('',#14277,#3570);
#2398=LINE('',#14279,#3571);
#2399=LINE('',#14281,#3572);
#2400=LINE('',#14284,#3573);
#2401=LINE('',#14286,#3574);
#2402=LINE('',#14287,#3575);
#2403=LINE('',#14289,#3576);
#2404=LINE('',#14291,#3577);
#2405=LINE('',#14294,#3578);
#2406=LINE('',#14295,#3579);
#2407=LINE('',#14297,#3580);
#2408=LINE('',#14299,#3581);
#2409=LINE('',#14302,#3582);
#2410=LINE('',#14303,#3583);
#2411=LINE('',#14305,#3584);
#2412=LINE('',#14307,#3585);
#2413=LINE('',#14310,#3586);
#2414=LINE('',#14311,#3587);
#2415=LINE('',#14313,#3588);
#2416=LINE('',#14315,#3589);
#2417=LINE('',#14318,#3590);
#2418=LINE('',#14319,#3591);
#2419=LINE('',#14321,#3592);
#2420=LINE('',#14323,#3593);
#2421=LINE('',#14326,#3594);
#2422=LINE('',#14327,#3595);
#2423=LINE('',#14329,#3596);
#2424=LINE('',#14331,#3597);
#2425=LINE('',#14334,#3598);
#2426=LINE('',#14335,#3599);
#2427=LINE('',#14337,#3600);
#2428=LINE('',#14339,#3601);
#2429=LINE('',#14342,#3602);
#2430=LINE('',#14343,#3603);
#2431=LINE('',#14345,#3604);
#2432=LINE('',#14347,#3605);
#2433=LINE('',#14350,#3606);
#2434=LINE('',#14351,#3607);
#2435=LINE('',#14353,#3608);
#2436=LINE('',#14355,#3609);
#2437=LINE('',#14358,#3610);
#2438=LINE('',#14359,#3611);
#2439=LINE('',#14361,#3612);
#2440=LINE('',#14363,#3613);
#2441=LINE('',#14366,#3614);
#2442=LINE('',#14367,#3615);
#2443=LINE('',#14369,#3616);
#2444=LINE('',#14371,#3617);
#2445=LINE('',#14374,#3618);
#2446=LINE('',#14375,#3619);
#2447=LINE('',#14377,#3620);
#2448=LINE('',#14379,#3621);
#2449=LINE('',#14382,#3622);
#2450=LINE('',#14383,#3623);
#2451=LINE('',#14385,#3624);
#2452=LINE('',#14387,#3625);
#2453=LINE('',#14390,#3626);
#2454=LINE('',#14391,#3627);
#2455=LINE('',#14393,#3628);
#2456=LINE('',#14395,#3629);
#2457=LINE('',#14398,#3630);
#2458=LINE('',#14399,#3631);
#2459=LINE('',#14401,#3632);
#2460=LINE('',#14403,#3633);
#2461=LINE('',#14406,#3634);
#2462=LINE('',#14407,#3635);
#2463=LINE('',#14409,#3636);
#2464=LINE('',#14411,#3637);
#2465=LINE('',#14414,#3638);
#2466=LINE('',#14415,#3639);
#2467=LINE('',#14417,#3640);
#2468=LINE('',#14419,#3641);
#2469=LINE('',#14422,#3642);
#2470=LINE('',#14423,#3643);
#2471=LINE('',#14425,#3644);
#2472=LINE('',#14427,#3645);
#2473=LINE('',#14430,#3646);
#2474=LINE('',#14431,#3647);
#2475=LINE('',#14433,#3648);
#2476=LINE('',#14435,#3649);
#2477=LINE('',#14438,#3650);
#2478=LINE('',#14439,#3651);
#2479=LINE('',#14441,#3652);
#2480=LINE('',#14443,#3653);
#2481=LINE('',#14446,#3654);
#2482=LINE('',#14447,#3655);
#2483=LINE('',#14449,#3656);
#2484=LINE('',#14451,#3657);
#2485=LINE('',#14454,#3658);
#2486=LINE('',#14455,#3659);
#2487=LINE('',#14457,#3660);
#2488=LINE('',#14459,#3661);
#2489=LINE('',#14462,#3662);
#2490=LINE('',#14463,#3663);
#2491=LINE('',#14465,#3664);
#2492=LINE('',#14467,#3665);
#2493=LINE('',#14470,#3666);
#2494=LINE('',#14471,#3667);
#2495=LINE('',#14473,#3668);
#2496=LINE('',#14475,#3669);
#2497=LINE('',#14478,#3670);
#2498=LINE('',#14479,#3671);
#2499=LINE('',#14481,#3672);
#2500=LINE('',#14483,#3673);
#2501=LINE('',#14486,#3674);
#2502=LINE('',#14487,#3675);
#2503=LINE('',#14489,#3676);
#2504=LINE('',#14491,#3677);
#2505=LINE('',#14494,#3678);
#2506=LINE('',#14495,#3679);
#2507=LINE('',#14497,#3680);
#2508=LINE('',#14499,#3681);
#2509=LINE('',#14502,#3682);
#2510=LINE('',#14503,#3683);
#2511=LINE('',#14505,#3684);
#2512=LINE('',#14507,#3685);
#2513=LINE('',#14510,#3686);
#2514=LINE('',#14511,#3687);
#2515=LINE('',#14513,#3688);
#2516=LINE('',#14515,#3689);
#2517=LINE('',#14518,#3690);
#2518=LINE('',#14519,#3691);
#2519=LINE('',#14521,#3692);
#2520=LINE('',#14523,#3693);
#2521=LINE('',#14526,#3694);
#2522=LINE('',#14527,#3695);
#2523=LINE('',#14529,#3696);
#2524=LINE('',#14531,#3697);
#2525=LINE('',#14534,#3698);
#2526=LINE('',#14535,#3699);
#2527=LINE('',#14537,#3700);
#2528=LINE('',#14539,#3701);
#2529=LINE('',#14542,#3702);
#2530=LINE('',#14543,#3703);
#2531=LINE('',#14545,#3704);
#2532=LINE('',#14547,#3705);
#2533=LINE('',#14550,#3706);
#2534=LINE('',#14551,#3707);
#2535=LINE('',#14553,#3708);
#2536=LINE('',#14555,#3709);
#2537=LINE('',#14558,#3710);
#2538=LINE('',#14559,#3711);
#2539=LINE('',#14561,#3712);
#2540=LINE('',#14563,#3713);
#2541=LINE('',#14566,#3714);
#2542=LINE('',#14567,#3715);
#2543=LINE('',#14569,#3716);
#2544=LINE('',#14571,#3717);
#2545=LINE('',#14574,#3718);
#2546=LINE('',#14575,#3719);
#2547=LINE('',#14577,#3720);
#2548=LINE('',#14579,#3721);
#2549=LINE('',#14582,#3722);
#2550=LINE('',#14583,#3723);
#2551=LINE('',#14585,#3724);
#2552=LINE('',#14587,#3725);
#2553=LINE('',#14590,#3726);
#2554=LINE('',#14591,#3727);
#2555=LINE('',#14593,#3728);
#2556=LINE('',#14595,#3729);
#2557=LINE('',#14598,#3730);
#2558=LINE('',#14599,#3731);
#2559=LINE('',#14601,#3732);
#2560=LINE('',#14603,#3733);
#2561=LINE('',#14606,#3734);
#2562=LINE('',#14607,#3735);
#2563=LINE('',#14609,#3736);
#2564=LINE('',#14611,#3737);
#2565=LINE('',#14614,#3738);
#2566=LINE('',#14615,#3739);
#2567=LINE('',#14617,#3740);
#2568=LINE('',#14619,#3741);
#2569=LINE('',#14622,#3742);
#2570=LINE('',#14623,#3743);
#2571=LINE('',#14625,#3744);
#2572=LINE('',#14627,#3745);
#2573=LINE('',#14630,#3746);
#2574=LINE('',#14631,#3747);
#2575=LINE('',#14633,#3748);
#2576=LINE('',#14635,#3749);
#2577=LINE('',#14638,#3750);
#2578=LINE('',#14639,#3751);
#2579=LINE('',#14641,#3752);
#2580=LINE('',#14643,#3753);
#2581=LINE('',#14646,#3754);
#2582=LINE('',#14647,#3755);
#2583=LINE('',#14649,#3756);
#2584=LINE('',#14651,#3757);
#2585=LINE('',#14654,#3758);
#2586=LINE('',#14655,#3759);
#2587=LINE('',#14657,#3760);
#2588=LINE('',#14659,#3761);
#2589=LINE('',#14662,#3762);
#2590=LINE('',#14663,#3763);
#2591=LINE('',#14665,#3764);
#2592=LINE('',#14667,#3765);
#2593=LINE('',#14670,#3766);
#2594=LINE('',#14671,#3767);
#2595=LINE('',#14673,#3768);
#2596=LINE('',#14675,#3769);
#2597=LINE('',#14678,#3770);
#2598=LINE('',#14679,#3771);
#2599=LINE('',#14681,#3772);
#2600=LINE('',#14683,#3773);
#2601=LINE('',#14686,#3774);
#2602=LINE('',#14687,#3775);
#2603=LINE('',#14689,#3776);
#2604=LINE('',#14691,#3777);
#2605=LINE('',#14694,#3778);
#2606=LINE('',#14695,#3779);
#2607=LINE('',#14697,#3780);
#2608=LINE('',#14699,#3781);
#2609=LINE('',#14706,#3782);
#2610=LINE('',#14710,#3783);
#2611=LINE('',#14714,#3784);
#2612=LINE('',#14716,#3785);
#2613=LINE('',#14717,#3786);
#2614=LINE('',#14721,#3787);
#2615=LINE('',#14726,#3788);
#2616=LINE('',#14728,#3789);
#2617=LINE('',#14729,#3790);
#2618=LINE('',#14733,#3791);
#2619=LINE('',#14738,#3792);
#2620=LINE('',#14740,#3793);
#2621=LINE('',#14741,#3794);
#2622=LINE('',#14745,#3795);
#2623=LINE('',#14750,#3796);
#2624=LINE('',#14752,#3797);
#2625=LINE('',#14753,#3798);
#2626=LINE('',#14757,#3799);
#2627=LINE('',#14762,#3800);
#2628=LINE('',#14764,#3801);
#2629=LINE('',#14765,#3802);
#2630=LINE('',#14769,#3803);
#2631=LINE('',#14773,#3804);
#2632=LINE('',#14774,#3805);
#2633=LINE('',#14777,#3806);
#2634=LINE('',#14779,#3807);
#2635=LINE('',#14780,#3808);
#2636=LINE('',#14783,#3809);
#2637=LINE('',#14787,#3810);
#2638=LINE('',#14788,#3811);
#2639=LINE('',#14791,#3812);
#2640=LINE('',#14795,#3813);
#2641=LINE('',#14796,#3814);
#2642=LINE('',#14799,#3815);
#2643=LINE('',#14824,#3816);
#2644=LINE('',#14828,#3817);
#2645=LINE('',#14832,#3818);
#2646=LINE('',#14836,#3819);
#2647=LINE('',#14840,#3820);
#2648=LINE('',#14844,#3821);
#2649=LINE('',#14848,#3822);
#2650=LINE('',#14852,#3823);
#2651=LINE('',#14856,#3824);
#2652=LINE('',#14860,#3825);
#2653=LINE('',#14865,#3826);
#2654=LINE('',#14867,#3827);
#2655=LINE('',#14869,#3828);
#2656=LINE('',#14870,#3829);
#2657=LINE('',#14873,#3830);
#2658=LINE('',#14875,#3831);
#2659=LINE('',#14876,#3832);
#2660=LINE('',#14879,#3833);
#2661=LINE('',#14881,#3834);
#2662=LINE('',#14882,#3835);
#2663=LINE('',#14885,#3836);
#2664=LINE('',#14887,#3837);
#2665=LINE('',#14888,#3838);
#2666=LINE('',#14891,#3839);
#2667=LINE('',#14893,#3840);
#2668=LINE('',#14894,#3841);
#2669=LINE('',#14896,#3842);
#2670=LINE('',#14897,#3843);
#2671=LINE('',#14900,#3844);
#2672=LINE('',#14902,#3845);
#2673=LINE('',#14903,#3846);
#2674=LINE('',#14906,#3847);
#2675=LINE('',#14907,#3848);
#2676=LINE('',#14910,#3849);
#2677=LINE('',#14911,#3850);
#2678=LINE('',#14914,#3851);
#2679=LINE('',#14918,#3852);
#2680=LINE('',#14922,#3853);
#2681=LINE('',#14926,#3854);
#2682=LINE('',#14933,#3855);
#2683=LINE('',#14937,#3856);
#2684=LINE('',#14941,#3857);
#2685=LINE('',#14945,#3858);
#2686=LINE('',#14949,#3859);
#2687=LINE('',#14952,#3860);
#2688=LINE('',#14954,#3861);
#2689=LINE('',#14955,#3862);
#2690=LINE('',#14957,#3863);
#2691=LINE('',#14959,#3864);
#2692=LINE('',#14961,#3865);
#2693=LINE('',#14963,#3866);
#2694=LINE('',#14965,#3867);
#2695=LINE('',#14968,#3868);
#2696=LINE('',#14972,#3869);
#2697=LINE('',#14973,#3870);
#2698=LINE('',#14976,#3871);
#2699=LINE('',#14980,#3872);
#2700=LINE('',#14981,#3873);
#2701=LINE('',#14984,#3874);
#2702=LINE('',#14987,#3875);
#2703=LINE('',#14989,#3876);
#2704=LINE('',#14990,#3877);
#2705=LINE('',#14992,#3878);
#2706=LINE('',#14994,#3879);
#2707=LINE('',#14997,#3880);
#2708=LINE('',#15001,#3881);
#2709=LINE('',#15005,#3882);
#2710=LINE('',#15009,#3883);
#2711=LINE('',#15012,#3884);
#2712=LINE('',#15015,#3885);
#2713=LINE('',#15016,#3886);
#2714=LINE('',#15018,#3887);
#2715=LINE('',#15020,#3888);
#2716=LINE('',#15022,#3889);
#2717=LINE('',#15024,#3890);
#2718=LINE('',#15026,#3891);
#2719=LINE('',#15028,#3892);
#2720=LINE('',#15033,#3893);
#2721=LINE('',#15035,#3894);
#2722=LINE('',#15036,#3895);
#2723=LINE('',#15038,#3896);
#2724=LINE('',#15040,#3897);
#2725=LINE('',#15047,#3898);
#2726=LINE('',#15050,#3899);
#2727=LINE('',#15053,#3900);
#2728=LINE('',#15055,#3901);
#2729=LINE('',#15056,#3902);
#2730=LINE('',#15059,#3903);
#2731=LINE('',#15061,#3904);
#2732=LINE('',#15063,#3905);
#2733=LINE('',#15072,#3906);
#2734=LINE('',#15076,#3907);
#2735=LINE('',#15080,#3908);
#2736=LINE('',#15083,#3909);
#2737=LINE('',#15085,#3910);
#2738=LINE('',#15086,#3911);
#2739=LINE('',#15088,#3912);
#2740=LINE('',#15090,#3913);
#2741=LINE('',#15095,#3914);
#2742=LINE('',#15099,#3915);
#2743=LINE('',#15105,#3916);
#2744=LINE('',#15110,#3917);
#2745=LINE('',#15117,#3918);
#2746=LINE('',#15122,#3919);
#2747=LINE('',#15129,#3920);
#2748=LINE('',#15134,#3921);
#2749=LINE('',#15141,#3922);
#2750=LINE('',#15146,#3923);
#2751=LINE('',#15153,#3924);
#2752=LINE('',#15158,#3925);
#2753=LINE('',#15165,#3926);
#2754=LINE('',#15170,#3927);
#2755=LINE('',#15177,#3928);
#2756=LINE('',#15182,#3929);
#2757=LINE('',#15189,#3930);
#2758=LINE('',#15194,#3931);
#2759=LINE('',#15201,#3932);
#2760=LINE('',#15206,#3933);
#2761=LINE('',#15214,#3934);
#2762=LINE('',#15217,#3935);
#2763=LINE('',#15220,#3936);
#2764=LINE('',#15224,#3937);
#2765=LINE('',#15228,#3938);
#2766=LINE('',#15232,#3939);
#2767=LINE('',#15236,#3940);
#2768=LINE('',#15240,#3941);
#2769=LINE('',#15244,#3942);
#2770=LINE('',#15248,#3943);
#2771=LINE('',#15252,#3944);
#2772=LINE('',#15278,#3945);
#2773=LINE('',#15280,#3946);
#2774=LINE('',#15282,#3947);
#2775=LINE('',#15284,#3948);
#2776=LINE('',#15285,#3949);
#2777=LINE('',#15287,#3950);
#2778=LINE('',#15289,#3951);
#2779=LINE('',#15291,#3952);
#2780=LINE('',#15293,#3953);
#2781=LINE('',#15297,#3954);
#2782=LINE('',#15303,#3955);
#2783=LINE('',#15309,#3956);
#2784=LINE('',#15311,#3957);
#2785=LINE('',#15312,#3958);
#2786=VECTOR('',#10257,10.);
#2787=VECTOR('',#10258,10.);
#2788=VECTOR('',#10259,10.);
#2789=VECTOR('',#10260,10.);
#2790=VECTOR('',#10263,10.);
#2791=VECTOR('',#10264,10.);
#2792=VECTOR('',#10265,10.);
#2793=VECTOR('',#10268,10.);
#2794=VECTOR('',#10269,10.);
#2795=VECTOR('',#10270,10.);
#2796=VECTOR('',#10271,10.);
#2797=VECTOR('',#10274,10.);
#2798=VECTOR('',#10277,10.);
#2799=VECTOR('',#10278,10.);
#2800=VECTOR('',#10279,10.);
#2801=VECTOR('',#10280,10.);
#2802=VECTOR('',#10281,10.);
#2803=VECTOR('',#10282,10.);
#2804=VECTOR('',#10283,10.);
#2805=VECTOR('',#10284,10.);
#2806=VECTOR('',#10285,10.);
#2807=VECTOR('',#10290,10.);
#2808=VECTOR('',#10291,10.);
#2809=VECTOR('',#10292,10.);
#2810=VECTOR('',#10293,10.);
#2811=VECTOR('',#10296,10.);
#2812=VECTOR('',#10297,10.);
#2813=VECTOR('',#10298,10.);
#2814=VECTOR('',#10299,10.);
#2815=VECTOR('',#10300,10.);
#2816=VECTOR('',#10301,10.);
#2817=VECTOR('',#10302,10.);
#2818=VECTOR('',#10303,10.);
#2819=VECTOR('',#10304,10.);
#2820=VECTOR('',#10305,10.);
#2821=VECTOR('',#10306,10.);
#2822=VECTOR('',#10307,10.);
#2823=VECTOR('',#10308,10.);
#2824=VECTOR('',#10309,10.);
#2825=VECTOR('',#10310,10.);
#2826=VECTOR('',#10311,10.);
#2827=VECTOR('',#10312,10.);
#2828=VECTOR('',#10313,10.);
#2829=VECTOR('',#10314,10.);
#2830=VECTOR('',#10315,10.);
#2831=VECTOR('',#10316,10.);
#2832=VECTOR('',#10317,10.);
#2833=VECTOR('',#10318,10.);
#2834=VECTOR('',#10319,10.);
#2835=VECTOR('',#10320,10.);
#2836=VECTOR('',#10321,10.);
#2837=VECTOR('',#10322,10.);
#2838=VECTOR('',#10323,10.);
#2839=VECTOR('',#10324,10.);
#2840=VECTOR('',#10325,10.);
#2841=VECTOR('',#10326,10.);
#2842=VECTOR('',#10327,10.);
#2843=VECTOR('',#10328,10.);
#2844=VECTOR('',#10329,10.);
#2845=VECTOR('',#10330,10.);
#2846=VECTOR('',#10331,10.);
#2847=VECTOR('',#10334,10.);
#2848=VECTOR('',#10335,10.);
#2849=VECTOR('',#10336,10.);
#2850=VECTOR('',#10337,10.);
#2851=VECTOR('',#10338,10.);
#2852=VECTOR('',#10339,10.);
#2853=VECTOR('',#10340,10.);
#2854=VECTOR('',#10341,10.);
#2855=VECTOR('',#10342,10.);
#2856=VECTOR('',#10343,10.);
#2857=VECTOR('',#10344,10.);
#2858=VECTOR('',#10345,10.);
#2859=VECTOR('',#10346,10.);
#2860=VECTOR('',#10347,10.);
#2861=VECTOR('',#10348,10.);
#2862=VECTOR('',#10349,10.);
#2863=VECTOR('',#10350,10.);
#2864=VECTOR('',#10351,10.);
#2865=VECTOR('',#10352,10.);
#2866=VECTOR('',#10353,10.);
#2867=VECTOR('',#10356,10.);
#2868=VECTOR('',#10357,10.);
#2869=VECTOR('',#10358,10.);
#2870=VECTOR('',#10359,10.);
#2871=VECTOR('',#10360,10.);
#2872=VECTOR('',#10361,10.);
#2873=VECTOR('',#10362,10.);
#2874=VECTOR('',#10363,10.);
#2875=VECTOR('',#10364,10.);
#2876=VECTOR('',#10365,10.);
#2877=VECTOR('',#10366,10.);
#2878=VECTOR('',#10367,10.);
#2879=VECTOR('',#10368,10.);
#2880=VECTOR('',#10369,10.);
#2881=VECTOR('',#10370,10.);
#2882=VECTOR('',#10371,10.);
#2883=VECTOR('',#10374,10.);
#2884=VECTOR('',#10375,10.);
#2885=VECTOR('',#10376,10.);
#2886=VECTOR('',#10377,10.);
#2887=VECTOR('',#10380,10.);
#2888=VECTOR('',#10381,10.);
#2889=VECTOR('',#10382,10.);
#2890=VECTOR('',#10383,10.);
#2891=VECTOR('',#10386,10.);
#2892=VECTOR('',#10387,10.);
#2893=VECTOR('',#10388,10.);
#2894=VECTOR('',#10389,10.);
#2895=VECTOR('',#10390,10.);
#2896=VECTOR('',#10391,10.);
#2897=VECTOR('',#10392,10.);
#2898=VECTOR('',#10393,10.);
#2899=VECTOR('',#10394,10.);
#2900=VECTOR('',#10395,10.);
#2901=VECTOR('',#10396,10.);
#2902=VECTOR('',#10397,10.);
#2903=VECTOR('',#10400,10.);
#2904=VECTOR('',#10401,10.);
#2905=VECTOR('',#10402,10.);
#2906=VECTOR('',#10403,10.);
#2907=VECTOR('',#10404,10.);
#2908=VECTOR('',#10405,10.);
#2909=VECTOR('',#10406,10.);
#2910=VECTOR('',#10407,10.);
#2911=VECTOR('',#10410,10.);
#2912=VECTOR('',#10411,10.);
#2913=VECTOR('',#10412,10.);
#2914=VECTOR('',#10413,10.);
#2915=VECTOR('',#10414,10.);
#2916=VECTOR('',#10415,10.);
#2917=VECTOR('',#10416,10.);
#2918=VECTOR('',#10417,10.);
#2919=VECTOR('',#10418,10.);
#2920=VECTOR('',#10419,10.);
#2921=VECTOR('',#10420,10.);
#2922=VECTOR('',#10421,10.);
#2923=VECTOR('',#10422,10.);
#2924=VECTOR('',#10423,10.);
#2925=VECTOR('',#10424,10.);
#2926=VECTOR('',#10425,10.);
#2927=VECTOR('',#10426,10.);
#2928=VECTOR('',#10427,10.);
#2929=VECTOR('',#10428,10.);
#2930=VECTOR('',#10429,10.);
#2931=VECTOR('',#10430,10.);
#2932=VECTOR('',#10431,10.);
#2933=VECTOR('',#10432,10.);
#2934=VECTOR('',#10433,10.);
#2935=VECTOR('',#10434,10.);
#2936=VECTOR('',#10435,10.);
#2937=VECTOR('',#10436,10.);
#2938=VECTOR('',#10437,10.);
#2939=VECTOR('',#10438,10.);
#2940=VECTOR('',#10439,10.);
#2941=VECTOR('',#10440,10.);
#2942=VECTOR('',#10441,10.);
#2943=VECTOR('',#10442,10.);
#2944=VECTOR('',#10443,10.);
#2945=VECTOR('',#10444,10.);
#2946=VECTOR('',#10445,10.);
#2947=VECTOR('',#10446,10.);
#2948=VECTOR('',#10447,10.);
#2949=VECTOR('',#10448,10.);
#2950=VECTOR('',#10449,10.);
#2951=VECTOR('',#10450,10.);
#2952=VECTOR('',#10451,10.);
#2953=VECTOR('',#10452,10.);
#2954=VECTOR('',#10453,10.);
#2955=VECTOR('',#10454,10.);
#2956=VECTOR('',#10455,10.);
#2957=VECTOR('',#10456,10.);
#2958=VECTOR('',#10457,10.);
#2959=VECTOR('',#10458,10.);
#2960=VECTOR('',#10459,10.);
#2961=VECTOR('',#10460,10.);
#2962=VECTOR('',#10461,10.);
#2963=VECTOR('',#10462,10.);
#2964=VECTOR('',#10463,10.);
#2965=VECTOR('',#10464,10.);
#2966=VECTOR('',#10465,10.);
#2967=VECTOR('',#10466,10.);
#2968=VECTOR('',#10467,10.);
#2969=VECTOR('',#10468,10.);
#2970=VECTOR('',#10469,10.);
#2971=VECTOR('',#10470,10.);
#2972=VECTOR('',#10471,10.);
#2973=VECTOR('',#10472,10.);
#2974=VECTOR('',#10473,10.);
#2975=VECTOR('',#10474,10.);
#2976=VECTOR('',#10475,10.);
#2977=VECTOR('',#10476,10.);
#2978=VECTOR('',#10477,10.);
#2979=VECTOR('',#10478,10.);
#2980=VECTOR('',#10479,10.);
#2981=VECTOR('',#10480,10.);
#2982=VECTOR('',#10481,10.);
#2983=VECTOR('',#10482,10.);
#2984=VECTOR('',#10483,10.);
#2985=VECTOR('',#10484,10.);
#2986=VECTOR('',#10485,10.);
#2987=VECTOR('',#10486,10.);
#2988=VECTOR('',#10487,10.);
#2989=VECTOR('',#10488,10.);
#2990=VECTOR('',#10489,10.);
#2991=VECTOR('',#10490,10.);
#2992=VECTOR('',#10491,10.);
#2993=VECTOR('',#10492,10.);
#2994=VECTOR('',#10493,10.);
#2995=VECTOR('',#10494,10.);
#2996=VECTOR('',#10495,10.);
#2997=VECTOR('',#10496,10.);
#2998=VECTOR('',#10497,10.);
#2999=VECTOR('',#10498,10.);
#3000=VECTOR('',#10499,10.);
#3001=VECTOR('',#10500,10.);
#3002=VECTOR('',#10501,10.);
#3003=VECTOR('',#10502,10.);
#3004=VECTOR('',#10503,10.);
#3005=VECTOR('',#10504,10.);
#3006=VECTOR('',#10505,10.);
#3007=VECTOR('',#10506,10.);
#3008=VECTOR('',#10507,10.);
#3009=VECTOR('',#10508,10.);
#3010=VECTOR('',#10509,10.);
#3011=VECTOR('',#10510,10.);
#3012=VECTOR('',#10511,10.);
#3013=VECTOR('',#10512,10.);
#3014=VECTOR('',#10513,10.);
#3015=VECTOR('',#10514,10.);
#3016=VECTOR('',#10515,10.);
#3017=VECTOR('',#10516,10.);
#3018=VECTOR('',#10517,10.);
#3019=VECTOR('',#10518,10.);
#3020=VECTOR('',#10519,10.);
#3021=VECTOR('',#10520,10.);
#3022=VECTOR('',#10521,10.);
#3023=VECTOR('',#10522,10.);
#3024=VECTOR('',#10523,10.);
#3025=VECTOR('',#10524,10.);
#3026=VECTOR('',#10525,10.);
#3027=VECTOR('',#10526,10.);
#3028=VECTOR('',#10527,10.);
#3029=VECTOR('',#10528,10.);
#3030=VECTOR('',#10529,10.);
#3031=VECTOR('',#10530,10.);
#3032=VECTOR('',#10531,10.);
#3033=VECTOR('',#10532,10.);
#3034=VECTOR('',#10533,10.);
#3035=VECTOR('',#10534,10.);
#3036=VECTOR('',#10535,10.);
#3037=VECTOR('',#10536,10.);
#3038=VECTOR('',#10537,10.);
#3039=VECTOR('',#10538,10.);
#3040=VECTOR('',#10539,10.);
#3041=VECTOR('',#10540,10.);
#3042=VECTOR('',#10541,10.);
#3043=VECTOR('',#10542,10.);
#3044=VECTOR('',#10543,10.);
#3045=VECTOR('',#10544,10.);
#3046=VECTOR('',#10545,10.);
#3047=VECTOR('',#10546,10.);
#3048=VECTOR('',#10547,10.);
#3049=VECTOR('',#10548,10.);
#3050=VECTOR('',#10549,10.);
#3051=VECTOR('',#10550,10.);
#3052=VECTOR('',#10551,10.);
#3053=VECTOR('',#10552,10.);
#3054=VECTOR('',#10553,10.);
#3055=VECTOR('',#10554,10.);
#3056=VECTOR('',#10555,10.);
#3057=VECTOR('',#10556,10.);
#3058=VECTOR('',#10557,10.);
#3059=VECTOR('',#10558,10.);
#3060=VECTOR('',#10559,10.);
#3061=VECTOR('',#10560,10.);
#3062=VECTOR('',#10561,10.);
#3063=VECTOR('',#10562,10.);
#3064=VECTOR('',#10563,10.);
#3065=VECTOR('',#10564,10.);
#3066=VECTOR('',#10565,10.);
#3067=VECTOR('',#10566,10.);
#3068=VECTOR('',#10567,10.);
#3069=VECTOR('',#10568,10.);
#3070=VECTOR('',#10569,10.);
#3071=VECTOR('',#10570,10.);
#3072=VECTOR('',#10571,10.);
#3073=VECTOR('',#10572,10.);
#3074=VECTOR('',#10573,10.);
#3075=VECTOR('',#10574,10.);
#3076=VECTOR('',#10575,10.);
#3077=VECTOR('',#10576,10.);
#3078=VECTOR('',#10577,10.);
#3079=VECTOR('',#10578,10.);
#3080=VECTOR('',#10579,10.);
#3081=VECTOR('',#10580,10.);
#3082=VECTOR('',#10581,10.);
#3083=VECTOR('',#10582,10.);
#3084=VECTOR('',#10583,10.);
#3085=VECTOR('',#10584,10.);
#3086=VECTOR('',#10585,10.);
#3087=VECTOR('',#10586,10.);
#3088=VECTOR('',#10587,10.);
#3089=VECTOR('',#10588,10.);
#3090=VECTOR('',#10589,10.);
#3091=VECTOR('',#10590,10.);
#3092=VECTOR('',#10591,10.);
#3093=VECTOR('',#10592,10.);
#3094=VECTOR('',#10593,10.);
#3095=VECTOR('',#10594,10.);
#3096=VECTOR('',#10595,10.);
#3097=VECTOR('',#10596,10.);
#3098=VECTOR('',#10597,10.);
#3099=VECTOR('',#10598,10.);
#3100=VECTOR('',#10599,10.);
#3101=VECTOR('',#10600,10.);
#3102=VECTOR('',#10601,10.);
#3103=VECTOR('',#10602,10.);
#3104=VECTOR('',#10603,10.);
#3105=VECTOR('',#10604,10.);
#3106=VECTOR('',#10605,10.);
#3107=VECTOR('',#10606,10.);
#3108=VECTOR('',#10607,10.);
#3109=VECTOR('',#10608,10.);
#3110=VECTOR('',#10609,10.);
#3111=VECTOR('',#10610,10.);
#3112=VECTOR('',#10611,10.);
#3113=VECTOR('',#10612,10.);
#3114=VECTOR('',#10613,10.);
#3115=VECTOR('',#10614,10.);
#3116=VECTOR('',#10615,10.);
#3117=VECTOR('',#10616,10.);
#3118=VECTOR('',#10617,10.);
#3119=VECTOR('',#10620,10.);
#3120=VECTOR('',#10621,10.);
#3121=VECTOR('',#10626,10.);
#3122=VECTOR('',#10627,10.);
#3123=VECTOR('',#10630,10.);
#3124=VECTOR('',#10633,10.);
#3125=VECTOR('',#10634,10.);
#3126=VECTOR('',#10635,10.);
#3127=VECTOR('',#10636,10.);
#3128=VECTOR('',#10637,10.);
#3129=VECTOR('',#10638,10.);
#3130=VECTOR('',#10639,10.);
#3131=VECTOR('',#10640,10.);
#3132=VECTOR('',#10641,10.);
#3133=VECTOR('',#10642,10.);
#3134=VECTOR('',#10643,10.);
#3135=VECTOR('',#10644,10.);
#3136=VECTOR('',#10649,10.);
#3137=VECTOR('',#10650,10.);
#3138=VECTOR('',#10651,10.);
#3139=VECTOR('',#10652,10.);
#3140=VECTOR('',#10655,10.);
#3141=VECTOR('',#10656,10.);
#3142=VECTOR('',#10657,10.);
#3143=VECTOR('',#10658,10.);
#3144=VECTOR('',#10659,10.);
#3145=VECTOR('',#10660,10.);
#3146=VECTOR('',#10661,10.);
#3147=VECTOR('',#10662,10.);
#3148=VECTOR('',#10663,10.);
#3149=VECTOR('',#10664,10.);
#3150=VECTOR('',#10665,10.);
#3151=VECTOR('',#10666,10.);
#3152=VECTOR('',#10667,10.);
#3153=VECTOR('',#10668,10.);
#3154=VECTOR('',#10669,10.);
#3155=VECTOR('',#10670,10.);
#3156=VECTOR('',#10671,10.);
#3157=VECTOR('',#10672,10.);
#3158=VECTOR('',#10673,10.);
#3159=VECTOR('',#10674,10.);
#3160=VECTOR('',#10675,10.);
#3161=VECTOR('',#10676,10.);
#3162=VECTOR('',#10677,10.);
#3163=VECTOR('',#10678,10.);
#3164=VECTOR('',#10679,10.);
#3165=VECTOR('',#10680,10.);
#3166=VECTOR('',#10681,10.);
#3167=VECTOR('',#10682,10.);
#3168=VECTOR('',#10683,10.);
#3169=VECTOR('',#10684,10.);
#3170=VECTOR('',#10685,10.);
#3171=VECTOR('',#10686,10.);
#3172=VECTOR('',#10687,10.);
#3173=VECTOR('',#10688,10.);
#3174=VECTOR('',#10689,10.);
#3175=VECTOR('',#10690,10.);
#3176=VECTOR('',#10693,10.);
#3177=VECTOR('',#10694,10.);
#3178=VECTOR('',#10695,10.);
#3179=VECTOR('',#10696,10.);
#3180=VECTOR('',#10697,10.);
#3181=VECTOR('',#10698,10.);
#3182=VECTOR('',#10699,10.);
#3183=VECTOR('',#10700,10.);
#3184=VECTOR('',#10701,10.);
#3185=VECTOR('',#10702,10.);
#3186=VECTOR('',#10703,10.);
#3187=VECTOR('',#10704,10.);
#3188=VECTOR('',#10705,10.);
#3189=VECTOR('',#10706,10.);
#3190=VECTOR('',#10707,10.);
#3191=VECTOR('',#10708,10.);
#3192=VECTOR('',#10709,10.);
#3193=VECTOR('',#10710,10.);
#3194=VECTOR('',#10711,10.);
#3195=VECTOR('',#10712,10.);
#3196=VECTOR('',#10715,10.);
#3197=VECTOR('',#10716,10.);
#3198=VECTOR('',#10717,10.);
#3199=VECTOR('',#10718,10.);
#3200=VECTOR('',#10719,10.);
#3201=VECTOR('',#10720,10.);
#3202=VECTOR('',#10721,10.);
#3203=VECTOR('',#10722,10.);
#3204=VECTOR('',#10723,10.);
#3205=VECTOR('',#10724,10.);
#3206=VECTOR('',#10725,10.);
#3207=VECTOR('',#10726,10.);
#3208=VECTOR('',#10727,10.);
#3209=VECTOR('',#10728,10.);
#3210=VECTOR('',#10729,10.);
#3211=VECTOR('',#10730,10.);
#3212=VECTOR('',#10733,10.);
#3213=VECTOR('',#10734,10.);
#3214=VECTOR('',#10735,10.);
#3215=VECTOR('',#10736,10.);
#3216=VECTOR('',#10739,10.);
#3217=VECTOR('',#10740,10.);
#3218=VECTOR('',#10741,10.);
#3219=VECTOR('',#10742,10.);
#3220=VECTOR('',#10745,10.);
#3221=VECTOR('',#10746,10.);
#3222=VECTOR('',#10747,10.);
#3223=VECTOR('',#10748,10.);
#3224=VECTOR('',#10749,10.);
#3225=VECTOR('',#10750,10.);
#3226=VECTOR('',#10751,10.);
#3227=VECTOR('',#10752,10.);
#3228=VECTOR('',#10753,10.);
#3229=VECTOR('',#10754,10.);
#3230=VECTOR('',#10755,10.);
#3231=VECTOR('',#10756,10.);
#3232=VECTOR('',#10759,10.);
#3233=VECTOR('',#10760,10.);
#3234=VECTOR('',#10761,10.);
#3235=VECTOR('',#10762,10.);
#3236=VECTOR('',#10763,10.);
#3237=VECTOR('',#10764,10.);
#3238=VECTOR('',#10765,10.);
#3239=VECTOR('',#10766,10.);
#3240=VECTOR('',#10769,10.);
#3241=VECTOR('',#10770,10.);
#3242=VECTOR('',#10771,10.);
#3243=VECTOR('',#10772,10.);
#3244=VECTOR('',#10773,10.);
#3245=VECTOR('',#10774,10.);
#3246=VECTOR('',#10775,10.);
#3247=VECTOR('',#10776,10.);
#3248=VECTOR('',#10777,10.);
#3249=VECTOR('',#10778,10.);
#3250=VECTOR('',#10779,10.);
#3251=VECTOR('',#10780,10.);
#3252=VECTOR('',#10781,10.);
#3253=VECTOR('',#10782,10.);
#3254=VECTOR('',#10783,10.);
#3255=VECTOR('',#10784,10.);
#3256=VECTOR('',#10785,10.);
#3257=VECTOR('',#10786,10.);
#3258=VECTOR('',#10787,10.);
#3259=VECTOR('',#10788,10.);
#3260=VECTOR('',#10789,10.);
#3261=VECTOR('',#10790,10.);
#3262=VECTOR('',#10791,10.);
#3263=VECTOR('',#10792,10.);
#3264=VECTOR('',#10793,10.);
#3265=VECTOR('',#10794,10.);
#3266=VECTOR('',#10795,10.);
#3267=VECTOR('',#10796,10.);
#3268=VECTOR('',#10797,10.);
#3269=VECTOR('',#10798,10.);
#3270=VECTOR('',#10799,10.);
#3271=VECTOR('',#10800,10.);
#3272=VECTOR('',#10801,10.);
#3273=VECTOR('',#10802,10.);
#3274=VECTOR('',#10803,10.);
#3275=VECTOR('',#10804,10.);
#3276=VECTOR('',#10805,10.);
#3277=VECTOR('',#10806,10.);
#3278=VECTOR('',#10807,10.);
#3279=VECTOR('',#10808,10.);
#3280=VECTOR('',#10809,10.);
#3281=VECTOR('',#10810,10.);
#3282=VECTOR('',#10811,10.);
#3283=VECTOR('',#10812,10.);
#3284=VECTOR('',#10813,10.);
#3285=VECTOR('',#10814,10.);
#3286=VECTOR('',#10815,10.);
#3287=VECTOR('',#10816,10.);
#3288=VECTOR('',#10817,10.);
#3289=VECTOR('',#10818,10.);
#3290=VECTOR('',#10819,10.);
#3291=VECTOR('',#10820,10.);
#3292=VECTOR('',#10821,10.);
#3293=VECTOR('',#10822,10.);
#3294=VECTOR('',#10823,10.);
#3295=VECTOR('',#10824,10.);
#3296=VECTOR('',#10825,10.);
#3297=VECTOR('',#10826,10.);
#3298=VECTOR('',#10827,10.);
#3299=VECTOR('',#10828,10.);
#3300=VECTOR('',#10829,10.);
#3301=VECTOR('',#10830,10.);
#3302=VECTOR('',#10831,10.);
#3303=VECTOR('',#10832,10.);
#3304=VECTOR('',#10833,10.);
#3305=VECTOR('',#10834,10.);
#3306=VECTOR('',#10835,10.);
#3307=VECTOR('',#10836,10.);
#3308=VECTOR('',#10837,10.);
#3309=VECTOR('',#10838,10.);
#3310=VECTOR('',#10839,10.);
#3311=VECTOR('',#10840,10.);
#3312=VECTOR('',#10841,10.);
#3313=VECTOR('',#10842,10.);
#3314=VECTOR('',#10843,10.);
#3315=VECTOR('',#10844,10.);
#3316=VECTOR('',#10845,10.);
#3317=VECTOR('',#10846,10.);
#3318=VECTOR('',#10847,10.);
#3319=VECTOR('',#10848,10.);
#3320=VECTOR('',#10849,10.);
#3321=VECTOR('',#10850,10.);
#3322=VECTOR('',#10851,10.);
#3323=VECTOR('',#10852,10.);
#3324=VECTOR('',#10853,10.);
#3325=VECTOR('',#10854,10.);
#3326=VECTOR('',#10855,10.);
#3327=VECTOR('',#10856,10.);
#3328=VECTOR('',#10857,10.);
#3329=VECTOR('',#10858,10.);
#3330=VECTOR('',#10859,10.);
#3331=VECTOR('',#10860,10.);
#3332=VECTOR('',#10861,10.);
#3333=VECTOR('',#10862,10.);
#3334=VECTOR('',#10863,10.);
#3335=VECTOR('',#10864,10.);
#3336=VECTOR('',#10865,10.);
#3337=VECTOR('',#10866,10.);
#3338=VECTOR('',#10867,10.);
#3339=VECTOR('',#10868,10.);
#3340=VECTOR('',#10869,10.);
#3341=VECTOR('',#10870,10.);
#3342=VECTOR('',#10871,10.);
#3343=VECTOR('',#10872,10.);
#3344=VECTOR('',#10873,10.);
#3345=VECTOR('',#10874,10.);
#3346=VECTOR('',#10875,10.);
#3347=VECTOR('',#10876,10.);
#3348=VECTOR('',#10877,10.);
#3349=VECTOR('',#10878,10.);
#3350=VECTOR('',#10879,10.);
#3351=VECTOR('',#10880,10.);
#3352=VECTOR('',#10881,10.);
#3353=VECTOR('',#10882,10.);
#3354=VECTOR('',#10883,10.);
#3355=VECTOR('',#10884,10.);
#3356=VECTOR('',#10885,10.);
#3357=VECTOR('',#10886,10.);
#3358=VECTOR('',#10887,10.);
#3359=VECTOR('',#10888,10.);
#3360=VECTOR('',#10889,10.);
#3361=VECTOR('',#10890,10.);
#3362=VECTOR('',#10891,10.);
#3363=VECTOR('',#10892,10.);
#3364=VECTOR('',#10893,10.);
#3365=VECTOR('',#10894,10.);
#3366=VECTOR('',#10895,10.);
#3367=VECTOR('',#10896,10.);
#3368=VECTOR('',#10897,10.);
#3369=VECTOR('',#10898,10.);
#3370=VECTOR('',#10899,10.);
#3371=VECTOR('',#10900,10.);
#3372=VECTOR('',#10901,10.);
#3373=VECTOR('',#10902,10.);
#3374=VECTOR('',#10903,10.);
#3375=VECTOR('',#10904,10.);
#3376=VECTOR('',#10905,10.);
#3377=VECTOR('',#10906,10.);
#3378=VECTOR('',#10907,10.);
#3379=VECTOR('',#10908,10.);
#3380=VECTOR('',#10909,10.);
#3381=VECTOR('',#10910,10.);
#3382=VECTOR('',#10911,10.);
#3383=VECTOR('',#10912,10.);
#3384=VECTOR('',#10913,10.);
#3385=VECTOR('',#10914,10.);
#3386=VECTOR('',#10915,10.);
#3387=VECTOR('',#10916,10.);
#3388=VECTOR('',#10917,10.);
#3389=VECTOR('',#10918,10.);
#3390=VECTOR('',#10919,10.);
#3391=VECTOR('',#10920,10.);
#3392=VECTOR('',#10921,10.);
#3393=VECTOR('',#10922,10.);
#3394=VECTOR('',#10923,10.);
#3395=VECTOR('',#10924,10.);
#3396=VECTOR('',#10925,10.);
#3397=VECTOR('',#10926,10.);
#3398=VECTOR('',#10927,10.);
#3399=VECTOR('',#10928,10.);
#3400=VECTOR('',#10929,10.);
#3401=VECTOR('',#10930,10.);
#3402=VECTOR('',#10931,10.);
#3403=VECTOR('',#10932,10.);
#3404=VECTOR('',#10933,10.);
#3405=VECTOR('',#10934,10.);
#3406=VECTOR('',#10935,10.);
#3407=VECTOR('',#10936,10.);
#3408=VECTOR('',#10937,10.);
#3409=VECTOR('',#10938,10.);
#3410=VECTOR('',#10939,10.);
#3411=VECTOR('',#10940,10.);
#3412=VECTOR('',#10941,10.);
#3413=VECTOR('',#10942,10.);
#3414=VECTOR('',#10943,10.);
#3415=VECTOR('',#10944,10.);
#3416=VECTOR('',#10945,10.);
#3417=VECTOR('',#10946,10.);
#3418=VECTOR('',#10947,10.);
#3419=VECTOR('',#10948,10.);
#3420=VECTOR('',#10949,10.);
#3421=VECTOR('',#10950,10.);
#3422=VECTOR('',#10951,10.);
#3423=VECTOR('',#10952,10.);
#3424=VECTOR('',#10953,10.);
#3425=VECTOR('',#10954,10.);
#3426=VECTOR('',#10955,10.);
#3427=VECTOR('',#10956,10.);
#3428=VECTOR('',#10957,10.);
#3429=VECTOR('',#10958,10.);
#3430=VECTOR('',#10959,10.);
#3431=VECTOR('',#10960,10.);
#3432=VECTOR('',#10961,10.);
#3433=VECTOR('',#10962,10.);
#3434=VECTOR('',#10963,10.);
#3435=VECTOR('',#10964,10.);
#3436=VECTOR('',#10965,10.);
#3437=VECTOR('',#10966,10.);
#3438=VECTOR('',#10967,10.);
#3439=VECTOR('',#10968,10.);
#3440=VECTOR('',#10969,10.);
#3441=VECTOR('',#10970,10.);
#3442=VECTOR('',#10971,10.);
#3443=VECTOR('',#10972,10.);
#3444=VECTOR('',#10973,10.);
#3445=VECTOR('',#10974,10.);
#3446=VECTOR('',#10975,10.);
#3447=VECTOR('',#10976,10.);
#3448=VECTOR('',#10979,10.);
#3449=VECTOR('',#10982,10.);
#3450=VECTOR('',#10983,10.);
#3451=VECTOR('',#10988,10.);
#3452=VECTOR('',#10991,10.);
#3453=VECTOR('',#10992,10.);
#3454=VECTOR('',#10995,10.);
#3455=VECTOR('',#10998,10.);
#3456=VECTOR('',#11003,10.);
#3457=VECTOR('',#11004,10.);
#3458=VECTOR('',#11007,10.);
#3459=VECTOR('',#11010,10.);
#3460=VECTOR('',#11015,1.1);
#3461=VECTOR('',#11018,1.09999999999999);
#3462=VECTOR('',#11021,10.);
#3463=VECTOR('',#11022,10.);
#3464=VECTOR('',#11025,10.);
#3465=VECTOR('',#11028,10.);
#3466=VECTOR('',#11033,1.1);
#3467=VECTOR('',#11036,10.);
#3468=VECTOR('',#11037,10.);
#3469=VECTOR('',#11040,10.);
#3470=VECTOR('',#11043,10.);
#3471=VECTOR('',#11048,10.);
#3472=VECTOR('',#11049,10.);
#3473=VECTOR('',#11052,10.);
#3474=VECTOR('',#11055,10.);
#3475=VECTOR('',#11060,10.);
#3476=VECTOR('',#11061,10.);
#3477=VECTOR('',#11064,10.);
#3478=VECTOR('',#11067,10.);
#3479=VECTOR('',#11072,10.);
#3480=VECTOR('',#11073,10.);
#3481=VECTOR('',#11076,10.);
#3482=VECTOR('',#11079,10.);
#3483=VECTOR('',#11084,10.);
#3484=VECTOR('',#11085,10.);
#3485=VECTOR('',#11088,10.);
#3486=VECTOR('',#11091,10.);
#3487=VECTOR('',#11096,10.);
#3488=VECTOR('',#11097,10.);
#3489=VECTOR('',#11100,10.);
#3490=VECTOR('',#11103,10.);
#3491=VECTOR('',#11108,10.);
#3492=VECTOR('',#11109,10.);
#3493=VECTOR('',#11112,10.);
#3494=VECTOR('',#11115,10.);
#3495=VECTOR('',#11120,10.);
#3496=VECTOR('',#11121,10.);
#3497=VECTOR('',#11124,10.);
#3498=VECTOR('',#11127,10.);
#3499=VECTOR('',#11132,10.);
#3500=VECTOR('',#11133,10.);
#3501=VECTOR('',#11136,10.);
#3502=VECTOR('',#11139,10.);
#3503=VECTOR('',#11144,1.09999999999999);
#3504=VECTOR('',#11147,10.);
#3505=VECTOR('',#11148,10.);
#3506=VECTOR('',#11151,10.);
#3507=VECTOR('',#11154,10.);
#3508=VECTOR('',#11159,10.);
#3509=VECTOR('',#11160,10.);
#3510=VECTOR('',#11163,10.);
#3511=VECTOR('',#11166,10.);
#3512=VECTOR('',#11171,10.);
#3513=VECTOR('',#11172,10.);
#3514=VECTOR('',#11175,10.);
#3515=VECTOR('',#11178,10.);
#3516=VECTOR('',#11183,10.);
#3517=VECTOR('',#11184,10.);
#3518=VECTOR('',#11187,10.);
#3519=VECTOR('',#11190,10.);
#3520=VECTOR('',#11195,10.);
#3521=VECTOR('',#11196,10.);
#3522=VECTOR('',#11199,10.);
#3523=VECTOR('',#11202,10.);
#3524=VECTOR('',#11207,1.09999999999999);
#3525=VECTOR('',#11210,10.);
#3526=VECTOR('',#11211,10.);
#3527=VECTOR('',#11214,10.);
#3528=VECTOR('',#11217,10.);
#3529=VECTOR('',#11222,10.);
#3530=VECTOR('',#11223,10.);
#3531=VECTOR('',#11226,10.);
#3532=VECTOR('',#11229,10.);
#3533=VECTOR('',#11234,10.);
#3534=VECTOR('',#11235,10.);
#3535=VECTOR('',#11238,10.);
#3536=VECTOR('',#11241,10.);
#3537=VECTOR('',#11246,10.);
#3538=VECTOR('',#11247,10.);
#3539=VECTOR('',#11250,10.);
#3540=VECTOR('',#11253,10.);
#3541=VECTOR('',#11258,1.1);
#3542=VECTOR('',#11261,10.);
#3543=VECTOR('',#11262,10.);
#3544=VECTOR('',#11265,10.);
#3545=VECTOR('',#11268,10.);
#3546=VECTOR('',#11273,1.09999999999999);
#3547=VECTOR('',#11276,10.);
#3548=VECTOR('',#11277,10.);
#3549=VECTOR('',#11280,10.);
#3550=VECTOR('',#11283,10.);
#3551=VECTOR('',#11288,1.1);
#3552=VECTOR('',#11291,10.);
#3553=VECTOR('',#11292,10.);
#3554=VECTOR('',#11295,10.);
#3555=VECTOR('',#11298,10.);
#3556=VECTOR('',#11303,10.);
#3557=VECTOR('',#11304,10.);
#3558=VECTOR('',#11307,10.);
#3559=VECTOR('',#11310,10.);
#3560=VECTOR('',#11315,10.);
#3561=VECTOR('',#11316,10.);
#3562=VECTOR('',#11319,10.);
#3563=VECTOR('',#11322,10.);
#3564=VECTOR('',#11327,1.09999999999999);
#3565=VECTOR('',#11330,10.);
#3566=VECTOR('',#11331,10.);
#3567=VECTOR('',#11334,10.);
#3568=VECTOR('',#11337,10.);
#3569=VECTOR('',#11342,10.);
#3570=VECTOR('',#11343,10.);
#3571=VECTOR('',#11346,10.);
#3572=VECTOR('',#11349,10.);
#3573=VECTOR('',#11354,1.09999999999999);
#3574=VECTOR('',#11357,10.);
#3575=VECTOR('',#11358,10.);
#3576=VECTOR('',#11361,10.);
#3577=VECTOR('',#11364,10.);
#3578=VECTOR('',#11369,10.);
#3579=VECTOR('',#11370,10.);
#3580=VECTOR('',#11373,10.);
#3581=VECTOR('',#11376,10.);
#3582=VECTOR('',#11381,10.);
#3583=VECTOR('',#11382,10.);
#3584=VECTOR('',#11385,10.);
#3585=VECTOR('',#11388,10.);
#3586=VECTOR('',#11393,10.);
#3587=VECTOR('',#11394,10.);
#3588=VECTOR('',#11397,10.);
#3589=VECTOR('',#11400,10.);
#3590=VECTOR('',#11405,10.);
#3591=VECTOR('',#11406,10.);
#3592=VECTOR('',#11409,10.);
#3593=VECTOR('',#11412,10.);
#3594=VECTOR('',#11417,10.);
#3595=VECTOR('',#11418,10.);
#3596=VECTOR('',#11421,10.);
#3597=VECTOR('',#11424,10.);
#3598=VECTOR('',#11429,10.);
#3599=VECTOR('',#11430,10.);
#3600=VECTOR('',#11433,10.);
#3601=VECTOR('',#11436,10.);
#3602=VECTOR('',#11441,10.);
#3603=VECTOR('',#11442,10.);
#3604=VECTOR('',#11445,10.);
#3605=VECTOR('',#11448,10.);
#3606=VECTOR('',#11453,10.);
#3607=VECTOR('',#11454,10.);
#3608=VECTOR('',#11457,10.);
#3609=VECTOR('',#11460,10.);
#3610=VECTOR('',#11465,10.);
#3611=VECTOR('',#11466,10.);
#3612=VECTOR('',#11469,10.);
#3613=VECTOR('',#11472,10.);
#3614=VECTOR('',#11477,10.);
#3615=VECTOR('',#11478,10.);
#3616=VECTOR('',#11481,10.);
#3617=VECTOR('',#11484,10.);
#3618=VECTOR('',#11489,10.);
#3619=VECTOR('',#11490,10.);
#3620=VECTOR('',#11493,10.);
#3621=VECTOR('',#11496,10.);
#3622=VECTOR('',#11501,10.);
#3623=VECTOR('',#11502,10.);
#3624=VECTOR('',#11505,10.);
#3625=VECTOR('',#11508,10.);
#3626=VECTOR('',#11513,10.);
#3627=VECTOR('',#11514,10.);
#3628=VECTOR('',#11517,10.);
#3629=VECTOR('',#11520,10.);
#3630=VECTOR('',#11525,10.);
#3631=VECTOR('',#11526,10.);
#3632=VECTOR('',#11529,10.);
#3633=VECTOR('',#11532,10.);
#3634=VECTOR('',#11537,10.);
#3635=VECTOR('',#11538,10.);
#3636=VECTOR('',#11541,10.);
#3637=VECTOR('',#11544,10.);
#3638=VECTOR('',#11549,10.);
#3639=VECTOR('',#11550,10.);
#3640=VECTOR('',#11553,10.);
#3641=VECTOR('',#11556,10.);
#3642=VECTOR('',#11561,10.);
#3643=VECTOR('',#11562,10.);
#3644=VECTOR('',#11565,10.);
#3645=VECTOR('',#11568,10.);
#3646=VECTOR('',#11573,10.);
#3647=VECTOR('',#11574,10.);
#3648=VECTOR('',#11577,10.);
#3649=VECTOR('',#11580,10.);
#3650=VECTOR('',#11585,10.);
#3651=VECTOR('',#11586,10.);
#3652=VECTOR('',#11589,10.);
#3653=VECTOR('',#11592,10.);
#3654=VECTOR('',#11597,10.);
#3655=VECTOR('',#11598,10.);
#3656=VECTOR('',#11601,10.);
#3657=VECTOR('',#11604,10.);
#3658=VECTOR('',#11609,10.);
#3659=VECTOR('',#11610,10.);
#3660=VECTOR('',#11613,10.);
#3661=VECTOR('',#11616,10.);
#3662=VECTOR('',#11621,10.);
#3663=VECTOR('',#11622,10.);
#3664=VECTOR('',#11625,10.);
#3665=VECTOR('',#11628,10.);
#3666=VECTOR('',#11633,10.);
#3667=VECTOR('',#11634,10.);
#3668=VECTOR('',#11637,10.);
#3669=VECTOR('',#11640,10.);
#3670=VECTOR('',#11645,10.);
#3671=VECTOR('',#11646,10.);
#3672=VECTOR('',#11649,10.);
#3673=VECTOR('',#11652,10.);
#3674=VECTOR('',#11657,10.);
#3675=VECTOR('',#11658,10.);
#3676=VECTOR('',#11661,10.);
#3677=VECTOR('',#11664,10.);
#3678=VECTOR('',#11669,10.);
#3679=VECTOR('',#11670,10.);
#3680=VECTOR('',#11673,10.);
#3681=VECTOR('',#11676,10.);
#3682=VECTOR('',#11681,10.);
#3683=VECTOR('',#11682,10.);
#3684=VECTOR('',#11685,10.);
#3685=VECTOR('',#11688,10.);
#3686=VECTOR('',#11693,10.);
#3687=VECTOR('',#11694,10.);
#3688=VECTOR('',#11697,10.);
#3689=VECTOR('',#11700,10.);
#3690=VECTOR('',#11705,10.);
#3691=VECTOR('',#11706,10.);
#3692=VECTOR('',#11709,10.);
#3693=VECTOR('',#11712,10.);
#3694=VECTOR('',#11717,10.);
#3695=VECTOR('',#11718,10.);
#3696=VECTOR('',#11721,10.);
#3697=VECTOR('',#11724,10.);
#3698=VECTOR('',#11729,10.);
#3699=VECTOR('',#11730,10.);
#3700=VECTOR('',#11733,10.);
#3701=VECTOR('',#11736,10.);
#3702=VECTOR('',#11741,10.);
#3703=VECTOR('',#11742,10.);
#3704=VECTOR('',#11745,10.);
#3705=VECTOR('',#11748,10.);
#3706=VECTOR('',#11753,10.);
#3707=VECTOR('',#11754,10.);
#3708=VECTOR('',#11757,10.);
#3709=VECTOR('',#11760,10.);
#3710=VECTOR('',#11765,10.);
#3711=VECTOR('',#11766,10.);
#3712=VECTOR('',#11769,10.);
#3713=VECTOR('',#11772,10.);
#3714=VECTOR('',#11777,10.);
#3715=VECTOR('',#11778,10.);
#3716=VECTOR('',#11781,10.);
#3717=VECTOR('',#11784,10.);
#3718=VECTOR('',#11789,10.);
#3719=VECTOR('',#11790,10.);
#3720=VECTOR('',#11793,10.);
#3721=VECTOR('',#11796,10.);
#3722=VECTOR('',#11801,10.);
#3723=VECTOR('',#11802,10.);
#3724=VECTOR('',#11805,10.);
#3725=VECTOR('',#11808,10.);
#3726=VECTOR('',#11813,10.);
#3727=VECTOR('',#11814,10.);
#3728=VECTOR('',#11817,10.);
#3729=VECTOR('',#11820,10.);
#3730=VECTOR('',#11825,10.);
#3731=VECTOR('',#11826,10.);
#3732=VECTOR('',#11829,10.);
#3733=VECTOR('',#11832,10.);
#3734=VECTOR('',#11837,10.);
#3735=VECTOR('',#11838,10.);
#3736=VECTOR('',#11841,10.);
#3737=VECTOR('',#11844,10.);
#3738=VECTOR('',#11849,10.);
#3739=VECTOR('',#11850,10.);
#3740=VECTOR('',#11853,10.);
#3741=VECTOR('',#11856,10.);
#3742=VECTOR('',#11861,10.);
#3743=VECTOR('',#11862,10.);
#3744=VECTOR('',#11865,10.);
#3745=VECTOR('',#11868,10.);
#3746=VECTOR('',#11873,10.);
#3747=VECTOR('',#11874,10.);
#3748=VECTOR('',#11877,10.);
#3749=VECTOR('',#11880,10.);
#3750=VECTOR('',#11885,10.);
#3751=VECTOR('',#11886,10.);
#3752=VECTOR('',#11889,10.);
#3753=VECTOR('',#11892,10.);
#3754=VECTOR('',#11897,10.);
#3755=VECTOR('',#11898,10.);
#3756=VECTOR('',#11901,10.);
#3757=VECTOR('',#11904,10.);
#3758=VECTOR('',#11909,10.);
#3759=VECTOR('',#11910,10.);
#3760=VECTOR('',#11913,10.);
#3761=VECTOR('',#11916,10.);
#3762=VECTOR('',#11921,10.);
#3763=VECTOR('',#11922,10.);
#3764=VECTOR('',#11925,10.);
#3765=VECTOR('',#11928,10.);
#3766=VECTOR('',#11933,10.);
#3767=VECTOR('',#11934,10.);
#3768=VECTOR('',#11937,10.);
#3769=VECTOR('',#11940,10.);
#3770=VECTOR('',#11945,10.);
#3771=VECTOR('',#11946,10.);
#3772=VECTOR('',#11949,10.);
#3773=VECTOR('',#11952,10.);
#3774=VECTOR('',#11957,10.);
#3775=VECTOR('',#11958,10.);
#3776=VECTOR('',#11961,10.);
#3777=VECTOR('',#11964,10.);
#3778=VECTOR('',#11969,10.);
#3779=VECTOR('',#11970,10.);
#3780=VECTOR('',#11973,10.);
#3781=VECTOR('',#11976,10.);
#3782=VECTOR('',#11985,10.);
#3783=VECTOR('',#11988,10.);
#3784=VECTOR('',#11993,10.);
#3785=VECTOR('',#11994,10.);
#3786=VECTOR('',#11995,10.);
#3787=VECTOR('',#11998,10.);
#3788=VECTOR('',#12005,10.);
#3789=VECTOR('',#12006,10.);
#3790=VECTOR('',#12007,10.);
#3791=VECTOR('',#12010,10.);
#3792=VECTOR('',#12017,10.);
#3793=VECTOR('',#12018,10.);
#3794=VECTOR('',#12019,10.);
#3795=VECTOR('',#12022,10.);
#3796=VECTOR('',#12029,10.);
#3797=VECTOR('',#12030,10.);
#3798=VECTOR('',#12031,10.);
#3799=VECTOR('',#12034,10.);
#3800=VECTOR('',#12041,10.);
#3801=VECTOR('',#12042,10.);
#3802=VECTOR('',#12043,10.);
#3803=VECTOR('',#12046,10.);
#3804=VECTOR('',#12053,10.);
#3805=VECTOR('',#12054,10.);
#3806=VECTOR('',#12057,10.);
#3807=VECTOR('',#12058,10.);
#3808=VECTOR('',#12059,10.);
#3809=VECTOR('',#12062,10.);
#3810=VECTOR('',#12067,10.);
#3811=VECTOR('',#12068,10.);
#3812=VECTOR('',#12071,10.);
#3813=VECTOR('',#12076,10.);
#3814=VECTOR('',#12077,10.);
#3815=VECTOR('',#12080,10.);
#3816=VECTOR('',#12107,1.6);
#3817=VECTOR('',#12112,1.59999999999999);
#3818=VECTOR('',#12117,1.6);
#3819=VECTOR('',#12122,1.59999999999999);
#3820=VECTOR('',#12127,1.59999999999999);
#3821=VECTOR('',#12132,1.6);
#3822=VECTOR('',#12137,1.59999999999999);
#3823=VECTOR('',#12142,1.6);
#3824=VECTOR('',#12147,1.59999999999999);
#3825=VECTOR('',#12152,1.59999999999999);
#3826=VECTOR('',#12157,10.);
#3827=VECTOR('',#12158,10.);
#3828=VECTOR('',#12159,10.);
#3829=VECTOR('',#12160,10.);
#3830=VECTOR('',#12163,10.);
#3831=VECTOR('',#12164,10.);
#3832=VECTOR('',#12165,10.);
#3833=VECTOR('',#12168,10.);
#3834=VECTOR('',#12169,10.);
#3835=VECTOR('',#12170,10.);
#3836=VECTOR('',#12173,10.);
#3837=VECTOR('',#12174,10.);
#3838=VECTOR('',#12175,10.);
#3839=VECTOR('',#12178,10.);
#3840=VECTOR('',#12179,10.);
#3841=VECTOR('',#12180,10.);
#3842=VECTOR('',#12183,10.);
#3843=VECTOR('',#12184,10.);
#3844=VECTOR('',#12187,10.);
#3845=VECTOR('',#12188,10.);
#3846=VECTOR('',#12189,10.);
#3847=VECTOR('',#12192,10.);
#3848=VECTOR('',#12193,10.);
#3849=VECTOR('',#12196,10.);
#3850=VECTOR('',#12197,10.);
#3851=VECTOR('',#12198,10.);
#3852=VECTOR('',#12201,10.);
#3853=VECTOR('',#12204,10.);
#3854=VECTOR('',#12207,10.);
#3855=VECTOR('',#12214,10.);
#3856=VECTOR('',#12217,10.);
#3857=VECTOR('',#12220,10.);
#3858=VECTOR('',#12223,10.);
#3859=VECTOR('',#12226,10.);
#3860=VECTOR('',#12229,10.);
#3861=VECTOR('',#12232,10.);
#3862=VECTOR('',#12233,10.);
#3863=VECTOR('',#12236,10.);
#3864=VECTOR('',#12239,10.);
#3865=VECTOR('',#12242,10.);
#3866=VECTOR('',#12245,10.);
#3867=VECTOR('',#12248,10.);
#3868=VECTOR('',#12251,10.);
#3869=VECTOR('',#12256,10.);
#3870=VECTOR('',#12257,10.);
#3871=VECTOR('',#12260,10.);
#3872=VECTOR('',#12265,10.);
#3873=VECTOR('',#12266,10.);
#3874=VECTOR('',#12269,10.);
#3875=VECTOR('',#12274,10.);
#3876=VECTOR('',#12277,10.);
#3877=VECTOR('',#12278,10.);
#3878=VECTOR('',#12281,10.);
#3879=VECTOR('',#12284,10.);
#3880=VECTOR('',#12285,10.);
#3881=VECTOR('',#12288,10.);
#3882=VECTOR('',#12291,10.);
#3883=VECTOR('',#12294,10.);
#3884=VECTOR('',#12299,10.);
#3885=VECTOR('',#12304,10.);
#3886=VECTOR('',#12305,10.);
#3887=VECTOR('',#12308,10.);
#3888=VECTOR('',#12311,10.);
#3889=VECTOR('',#12314,10.);
#3890=VECTOR('',#12317,10.);
#3891=VECTOR('',#12320,10.);
#3892=VECTOR('',#12323,10.);
#3893=VECTOR('',#12330,10.);
#3894=VECTOR('',#12331,10.);
#3895=VECTOR('',#12332,10.);
#3896=VECTOR('',#12335,10.);
#3897=VECTOR('',#12338,10.);
#3898=VECTOR('',#12345,10.);
#3899=VECTOR('',#12348,10.);
#3900=VECTOR('',#12351,10.);
#3901=VECTOR('',#12352,10.);
#3902=VECTOR('',#12353,10.);
#3903=VECTOR('',#12356,10.);
#3904=VECTOR('',#12357,10.);
#3905=VECTOR('',#12358,10.);
#3906=VECTOR('',#12369,10.);
#3907=VECTOR('',#12374,1.09999999999999);
#3908=VECTOR('',#12379,1.09999999999999);
#3909=VECTOR('',#12382,10.);
#3910=VECTOR('',#12383,10.);
#3911=VECTOR('',#12384,10.);
#3912=VECTOR('',#12387,10.);
#3913=VECTOR('',#12390,10.);
#3914=VECTOR('',#12395,10.);
#3915=VECTOR('',#12398,10.);
#3916=VECTOR('',#12405,10.);
#3917=VECTOR('',#12410,10.);
#3918=VECTOR('',#12419,10.);
#3919=VECTOR('',#12424,10.);
#3920=VECTOR('',#12433,10.);
#3921=VECTOR('',#12438,10.);
#3922=VECTOR('',#12447,10.);
#3923=VECTOR('',#12452,10.);
#3924=VECTOR('',#12461,10.);
#3925=VECTOR('',#12466,10.);
#3926=VECTOR('',#12475,10.);
#3927=VECTOR('',#12480,10.);
#3928=VECTOR('',#12489,10.);
#3929=VECTOR('',#12494,10.);
#3930=VECTOR('',#12503,10.);
#3931=VECTOR('',#12508,10.);
#3932=VECTOR('',#12517,10.);
#3933=VECTOR('',#12522,10.);
#3934=VECTOR('',#12535,1.7);
#3935=VECTOR('',#12538,1.69999999999998);
#3936=VECTOR('',#12541,1.7);
#3937=VECTOR('',#12546,1.7);
#3938=VECTOR('',#12551,1.7);
#3939=VECTOR('',#12556,1.7);
#3940=VECTOR('',#12561,1.7);
#3941=VECTOR('',#12566,1.7);
#3942=VECTOR('',#12571,1.7);
#3943=VECTOR('',#12576,1.69999999999998);
#3944=VECTOR('',#12581,1.69999999999998);
#3945=VECTOR('',#12612,1.69999999999998);
#3946=VECTOR('',#12615,1.7);
#3947=VECTOR('',#12618,1.7);
#3948=VECTOR('',#12621,1.7);
#3949=VECTOR('',#12622,1.7);
#3950=VECTOR('',#12625,1.69999999999999);
#3951=VECTOR('',#12628,1.69999999999999);
#3952=VECTOR('',#12631,1.7);
#3953=VECTOR('',#12634,1.7);
#3954=VECTOR('',#12639,4.60977052107051);
#3955=VECTOR('',#12646,10.);
#3956=VECTOR('',#12653,10.);
#3957=VECTOR('',#12656,10.);
#3958=VECTOR('',#12657,10.);
#3959=VERTEX_POINT('',#12662);
#3960=VERTEX_POINT('',#12663);
#3961=VERTEX_POINT('',#12665);
#3962=VERTEX_POINT('',#12667);
#3963=VERTEX_POINT('',#12671);
#3964=VERTEX_POINT('',#12673);
#3965=VERTEX_POINT('',#12677);
#3966=VERTEX_POINT('',#12679);
#3967=VERTEX_POINT('',#12681);
#3968=VERTEX_POINT('',#12683);
#3969=VERTEX_POINT('',#12685);
#3970=VERTEX_POINT('',#12687);
#3971=VERTEX_POINT('',#12689);
#3972=VERTEX_POINT('',#12692);
#3973=VERTEX_POINT('',#12693);
#3974=VERTEX_POINT('',#12695);
#3975=VERTEX_POINT('',#12697);
#3976=VERTEX_POINT('',#12700);
#3977=VERTEX_POINT('',#12701);
#3978=VERTEX_POINT('',#12703);
#3979=VERTEX_POINT('',#12705);
#3980=VERTEX_POINT('',#12708);
#3981=VERTEX_POINT('',#12710);
#3982=VERTEX_POINT('',#12712);
#3983=VERTEX_POINT('',#12713);
#3984=VERTEX_POINT('',#12715);
#3985=VERTEX_POINT('',#12717);
#3986=VERTEX_POINT('',#12720);
#3987=VERTEX_POINT('',#12722);
#3988=VERTEX_POINT('',#12723);
#3989=VERTEX_POINT('',#12725);
#3990=VERTEX_POINT('',#12727);
#3991=VERTEX_POINT('',#12730);
#3992=VERTEX_POINT('',#12731);
#3993=VERTEX_POINT('',#12733);
#3994=VERTEX_POINT('',#12735);
#3995=VERTEX_POINT('',#12738);
#3996=VERTEX_POINT('',#12739);
#3997=VERTEX_POINT('',#12741);
#3998=VERTEX_POINT('',#12743);
#3999=VERTEX_POINT('',#12746);
#4000=VERTEX_POINT('',#12747);
#4001=VERTEX_POINT('',#12749);
#4002=VERTEX_POINT('',#12751);
#4003=VERTEX_POINT('',#12754);
#4004=VERTEX_POINT('',#12755);
#4005=VERTEX_POINT('',#12757);
#4006=VERTEX_POINT('',#12759);
#4007=VERTEX_POINT('',#12762);
#4008=VERTEX_POINT('',#12763);
#4009=VERTEX_POINT('',#12765);
#4010=VERTEX_POINT('',#12767);
#4011=VERTEX_POINT('',#12770);
#4012=VERTEX_POINT('',#12771);
#4013=VERTEX_POINT('',#12773);
#4014=VERTEX_POINT('',#12775);
#4015=VERTEX_POINT('',#12778);
#4016=VERTEX_POINT('',#12779);
#4017=VERTEX_POINT('',#12781);
#4018=VERTEX_POINT('',#12783);
#4019=VERTEX_POINT('',#12786);
#4020=VERTEX_POINT('',#12787);
#4021=VERTEX_POINT('',#12789);
#4022=VERTEX_POINT('',#12791);
#4023=VERTEX_POINT('',#12794);
#4024=VERTEX_POINT('',#12796);
#4025=VERTEX_POINT('',#12797);
#4026=VERTEX_POINT('',#12799);
#4027=VERTEX_POINT('',#12801);
#4028=VERTEX_POINT('',#12804);
#4029=VERTEX_POINT('',#12805);
#4030=VERTEX_POINT('',#12807);
#4031=VERTEX_POINT('',#12809);
#4032=VERTEX_POINT('',#12812);
#4033=VERTEX_POINT('',#12813);
#4034=VERTEX_POINT('',#12815);
#4035=VERTEX_POINT('',#12817);
#4036=VERTEX_POINT('',#12820);
#4037=VERTEX_POINT('',#12821);
#4038=VERTEX_POINT('',#12823);
#4039=VERTEX_POINT('',#12825);
#4040=VERTEX_POINT('',#12828);
#4041=VERTEX_POINT('',#12829);
#4042=VERTEX_POINT('',#12831);
#4043=VERTEX_POINT('',#12833);
#4044=VERTEX_POINT('',#12836);
#4045=VERTEX_POINT('',#12838);
#4046=VERTEX_POINT('',#12839);
#4047=VERTEX_POINT('',#12841);
#4048=VERTEX_POINT('',#12843);
#4049=VERTEX_POINT('',#12846);
#4050=VERTEX_POINT('',#12847);
#4051=VERTEX_POINT('',#12849);
#4052=VERTEX_POINT('',#12851);
#4053=VERTEX_POINT('',#12854);
#4054=VERTEX_POINT('',#12855);
#4055=VERTEX_POINT('',#12857);
#4056=VERTEX_POINT('',#12859);
#4057=VERTEX_POINT('',#12862);
#4058=VERTEX_POINT('',#12863);
#4059=VERTEX_POINT('',#12865);
#4060=VERTEX_POINT('',#12867);
#4061=VERTEX_POINT('',#12870);
#4062=VERTEX_POINT('',#12872);
#4063=VERTEX_POINT('',#12873);
#4064=VERTEX_POINT('',#12875);
#4065=VERTEX_POINT('',#12877);
#4066=VERTEX_POINT('',#12880);
#4067=VERTEX_POINT('',#12882);
#4068=VERTEX_POINT('',#12883);
#4069=VERTEX_POINT('',#12885);
#4070=VERTEX_POINT('',#12887);
#4071=VERTEX_POINT('',#12890);
#4072=VERTEX_POINT('',#12892);
#4073=VERTEX_POINT('',#12893);
#4074=VERTEX_POINT('',#12895);
#4075=VERTEX_POINT('',#12897);
#4076=VERTEX_POINT('',#12900);
#4077=VERTEX_POINT('',#12901);
#4078=VERTEX_POINT('',#12903);
#4079=VERTEX_POINT('',#12905);
#4080=VERTEX_POINT('',#12908);
#4081=VERTEX_POINT('',#12909);
#4082=VERTEX_POINT('',#12911);
#4083=VERTEX_POINT('',#12913);
#4084=VERTEX_POINT('',#12916);
#4085=VERTEX_POINT('',#12918);
#4086=VERTEX_POINT('',#12919);
#4087=VERTEX_POINT('',#12921);
#4088=VERTEX_POINT('',#12923);
#4089=VERTEX_POINT('',#12926);
#4090=VERTEX_POINT('',#12927);
#4091=VERTEX_POINT('',#12929);
#4092=VERTEX_POINT('',#12931);
#4093=VERTEX_POINT('',#12934);
#4094=VERTEX_POINT('',#12936);
#4095=VERTEX_POINT('',#12937);
#4096=VERTEX_POINT('',#12939);
#4097=VERTEX_POINT('',#12941);
#4098=VERTEX_POINT('',#12944);
#4099=VERTEX_POINT('',#12945);
#4100=VERTEX_POINT('',#12947);
#4101=VERTEX_POINT('',#12949);
#4102=VERTEX_POINT('',#12952);
#4103=VERTEX_POINT('',#12953);
#4104=VERTEX_POINT('',#12955);
#4105=VERTEX_POINT('',#12957);
#4106=VERTEX_POINT('',#12960);
#4107=VERTEX_POINT('',#12961);
#4108=VERTEX_POINT('',#12963);
#4109=VERTEX_POINT('',#12965);
#4110=VERTEX_POINT('',#12968);
#4111=VERTEX_POINT('',#12969);
#4112=VERTEX_POINT('',#12971);
#4113=VERTEX_POINT('',#12973);
#4114=VERTEX_POINT('',#12976);
#4115=VERTEX_POINT('',#12977);
#4116=VERTEX_POINT('',#12979);
#4117=VERTEX_POINT('',#12981);
#4118=VERTEX_POINT('',#12984);
#4119=VERTEX_POINT('',#12985);
#4120=VERTEX_POINT('',#12987);
#4121=VERTEX_POINT('',#12989);
#4122=VERTEX_POINT('',#12992);
#4123=VERTEX_POINT('',#12993);
#4124=VERTEX_POINT('',#12995);
#4125=VERTEX_POINT('',#12997);
#4126=VERTEX_POINT('',#13000);
#4127=VERTEX_POINT('',#13001);
#4128=VERTEX_POINT('',#13003);
#4129=VERTEX_POINT('',#13005);
#4130=VERTEX_POINT('',#13008);
#4131=VERTEX_POINT('',#13009);
#4132=VERTEX_POINT('',#13011);
#4133=VERTEX_POINT('',#13013);
#4134=VERTEX_POINT('',#13016);
#4135=VERTEX_POINT('',#13017);
#4136=VERTEX_POINT('',#13019);
#4137=VERTEX_POINT('',#13021);
#4138=VERTEX_POINT('',#13024);
#4139=VERTEX_POINT('',#13025);
#4140=VERTEX_POINT('',#13027);
#4141=VERTEX_POINT('',#13029);
#4142=VERTEX_POINT('',#13032);
#4143=VERTEX_POINT('',#13033);
#4144=VERTEX_POINT('',#13035);
#4145=VERTEX_POINT('',#13037);
#4146=VERTEX_POINT('',#13040);
#4147=VERTEX_POINT('',#13041);
#4148=VERTEX_POINT('',#13043);
#4149=VERTEX_POINT('',#13045);
#4150=VERTEX_POINT('',#13048);
#4151=VERTEX_POINT('',#13049);
#4152=VERTEX_POINT('',#13051);
#4153=VERTEX_POINT('',#13053);
#4154=VERTEX_POINT('',#13056);
#4155=VERTEX_POINT('',#13057);
#4156=VERTEX_POINT('',#13059);
#4157=VERTEX_POINT('',#13061);
#4158=VERTEX_POINT('',#13064);
#4159=VERTEX_POINT('',#13065);
#4160=VERTEX_POINT('',#13067);
#4161=VERTEX_POINT('',#13069);
#4162=VERTEX_POINT('',#13072);
#4163=VERTEX_POINT('',#13073);
#4164=VERTEX_POINT('',#13075);
#4165=VERTEX_POINT('',#13077);
#4166=VERTEX_POINT('',#13080);
#4167=VERTEX_POINT('',#13081);
#4168=VERTEX_POINT('',#13083);
#4169=VERTEX_POINT('',#13085);
#4170=VERTEX_POINT('',#13088);
#4171=VERTEX_POINT('',#13089);
#4172=VERTEX_POINT('',#13091);
#4173=VERTEX_POINT('',#13093);
#4174=VERTEX_POINT('',#13096);
#4175=VERTEX_POINT('',#13097);
#4176=VERTEX_POINT('',#13099);
#4177=VERTEX_POINT('',#13101);
#4178=VERTEX_POINT('',#13104);
#4179=VERTEX_POINT('',#13105);
#4180=VERTEX_POINT('',#13107);
#4181=VERTEX_POINT('',#13109);
#4182=VERTEX_POINT('',#13112);
#4183=VERTEX_POINT('',#13113);
#4184=VERTEX_POINT('',#13115);
#4185=VERTEX_POINT('',#13117);
#4186=VERTEX_POINT('',#13120);
#4187=VERTEX_POINT('',#13121);
#4188=VERTEX_POINT('',#13123);
#4189=VERTEX_POINT('',#13125);
#4190=VERTEX_POINT('',#13128);
#4191=VERTEX_POINT('',#13129);
#4192=VERTEX_POINT('',#13131);
#4193=VERTEX_POINT('',#13133);
#4194=VERTEX_POINT('',#13136);
#4195=VERTEX_POINT('',#13137);
#4196=VERTEX_POINT('',#13139);
#4197=VERTEX_POINT('',#13141);
#4198=VERTEX_POINT('',#13144);
#4199=VERTEX_POINT('',#13145);
#4200=VERTEX_POINT('',#13147);
#4201=VERTEX_POINT('',#13149);
#4202=VERTEX_POINT('',#13152);
#4203=VERTEX_POINT('',#13153);
#4204=VERTEX_POINT('',#13155);
#4205=VERTEX_POINT('',#13157);
#4206=VERTEX_POINT('',#13160);
#4207=VERTEX_POINT('',#13161);
#4208=VERTEX_POINT('',#13163);
#4209=VERTEX_POINT('',#13165);
#4210=VERTEX_POINT('',#13168);
#4211=VERTEX_POINT('',#13169);
#4212=VERTEX_POINT('',#13171);
#4213=VERTEX_POINT('',#13173);
#4214=VERTEX_POINT('',#13176);
#4215=VERTEX_POINT('',#13177);
#4216=VERTEX_POINT('',#13179);
#4217=VERTEX_POINT('',#13181);
#4218=VERTEX_POINT('',#13184);
#4219=VERTEX_POINT('',#13185);
#4220=VERTEX_POINT('',#13187);
#4221=VERTEX_POINT('',#13189);
#4222=VERTEX_POINT('',#13192);
#4223=VERTEX_POINT('',#13193);
#4224=VERTEX_POINT('',#13195);
#4225=VERTEX_POINT('',#13197);
#4226=VERTEX_POINT('',#13200);
#4227=VERTEX_POINT('',#13201);
#4228=VERTEX_POINT('',#13203);
#4229=VERTEX_POINT('',#13205);
#4230=VERTEX_POINT('',#13208);
#4231=VERTEX_POINT('',#13209);
#4232=VERTEX_POINT('',#13211);
#4233=VERTEX_POINT('',#13213);
#4234=VERTEX_POINT('',#13216);
#4235=VERTEX_POINT('',#13217);
#4236=VERTEX_POINT('',#13219);
#4237=VERTEX_POINT('',#13221);
#4238=VERTEX_POINT('',#13224);
#4239=VERTEX_POINT('',#13225);
#4240=VERTEX_POINT('',#13227);
#4241=VERTEX_POINT('',#13229);
#4242=VERTEX_POINT('',#13232);
#4243=VERTEX_POINT('',#13233);
#4244=VERTEX_POINT('',#13235);
#4245=VERTEX_POINT('',#13237);
#4246=VERTEX_POINT('',#13240);
#4247=VERTEX_POINT('',#13241);
#4248=VERTEX_POINT('',#13243);
#4249=VERTEX_POINT('',#13245);
#4250=VERTEX_POINT('',#13248);
#4251=VERTEX_POINT('',#13249);
#4252=VERTEX_POINT('',#13251);
#4253=VERTEX_POINT('',#13253);
#4254=VERTEX_POINT('',#13256);
#4255=VERTEX_POINT('',#13257);
#4256=VERTEX_POINT('',#13259);
#4257=VERTEX_POINT('',#13261);
#4258=VERTEX_POINT('',#13264);
#4259=VERTEX_POINT('',#13265);
#4260=VERTEX_POINT('',#13267);
#4261=VERTEX_POINT('',#13269);
#4262=VERTEX_POINT('',#13272);
#4263=VERTEX_POINT('',#13273);
#4264=VERTEX_POINT('',#13275);
#4265=VERTEX_POINT('',#13277);
#4266=VERTEX_POINT('',#13280);
#4267=VERTEX_POINT('',#13281);
#4268=VERTEX_POINT('',#13283);
#4269=VERTEX_POINT('',#13285);
#4270=VERTEX_POINT('',#13288);
#4271=VERTEX_POINT('',#13289);
#4272=VERTEX_POINT('',#13291);
#4273=VERTEX_POINT('',#13293);
#4274=VERTEX_POINT('',#13296);
#4275=VERTEX_POINT('',#13297);
#4276=VERTEX_POINT('',#13299);
#4277=VERTEX_POINT('',#13301);
#4278=VERTEX_POINT('',#13304);
#4279=VERTEX_POINT('',#13305);
#4280=VERTEX_POINT('',#13307);
#4281=VERTEX_POINT('',#13309);
#4282=VERTEX_POINT('',#13312);
#4283=VERTEX_POINT('',#13313);
#4284=VERTEX_POINT('',#13315);
#4285=VERTEX_POINT('',#13317);
#4286=VERTEX_POINT('',#13320);
#4287=VERTEX_POINT('',#13321);
#4288=VERTEX_POINT('',#13323);
#4289=VERTEX_POINT('',#13325);
#4290=VERTEX_POINT('',#13328);
#4291=VERTEX_POINT('',#13329);
#4292=VERTEX_POINT('',#13331);
#4293=VERTEX_POINT('',#13333);
#4294=VERTEX_POINT('',#13336);
#4295=VERTEX_POINT('',#13337);
#4296=VERTEX_POINT('',#13339);
#4297=VERTEX_POINT('',#13341);
#4298=VERTEX_POINT('',#13344);
#4299=VERTEX_POINT('',#13345);
#4300=VERTEX_POINT('',#13347);
#4301=VERTEX_POINT('',#13349);
#4302=VERTEX_POINT('',#13353);
#4303=VERTEX_POINT('',#13357);
#4304=VERTEX_POINT('',#13358);
#4305=VERTEX_POINT('',#13363);
#4306=VERTEX_POINT('',#13365);
#4307=VERTEX_POINT('',#13368);
#4308=VERTEX_POINT('',#13370);
#4309=VERTEX_POINT('',#13373);
#4310=VERTEX_POINT('',#13374);
#4311=VERTEX_POINT('',#13376);
#4312=VERTEX_POINT('',#13378);
#4313=VERTEX_POINT('',#13381);
#4314=VERTEX_POINT('',#13382);
#4315=VERTEX_POINT('',#13384);
#4316=VERTEX_POINT('',#13386);
#4317=VERTEX_POINT('',#13389);
#4318=VERTEX_POINT('',#13391);
#4319=VERTEX_POINT('',#13393);
#4320=VERTEX_POINT('',#13394);
#4321=VERTEX_POINT('',#13396);
#4322=VERTEX_POINT('',#13398);
#4323=VERTEX_POINT('',#13401);
#4324=VERTEX_POINT('',#13403);
#4325=VERTEX_POINT('',#13404);
#4326=VERTEX_POINT('',#13406);
#4327=VERTEX_POINT('',#13408);
#4328=VERTEX_POINT('',#13411);
#4329=VERTEX_POINT('',#13412);
#4330=VERTEX_POINT('',#13414);
#4331=VERTEX_POINT('',#13416);
#4332=VERTEX_POINT('',#13419);
#4333=VERTEX_POINT('',#13420);
#4334=VERTEX_POINT('',#13422);
#4335=VERTEX_POINT('',#13424);
#4336=VERTEX_POINT('',#13427);
#4337=VERTEX_POINT('',#13428);
#4338=VERTEX_POINT('',#13430);
#4339=VERTEX_POINT('',#13432);
#4340=VERTEX_POINT('',#13435);
#4341=VERTEX_POINT('',#13436);
#4342=VERTEX_POINT('',#13438);
#4343=VERTEX_POINT('',#13440);
#4344=VERTEX_POINT('',#13443);
#4345=VERTEX_POINT('',#13444);
#4346=VERTEX_POINT('',#13446);
#4347=VERTEX_POINT('',#13448);
#4348=VERTEX_POINT('',#13451);
#4349=VERTEX_POINT('',#13452);
#4350=VERTEX_POINT('',#13454);
#4351=VERTEX_POINT('',#13456);
#4352=VERTEX_POINT('',#13459);
#4353=VERTEX_POINT('',#13460);
#4354=VERTEX_POINT('',#13462);
#4355=VERTEX_POINT('',#13464);
#4356=VERTEX_POINT('',#13467);
#4357=VERTEX_POINT('',#13468);
#4358=VERTEX_POINT('',#13470);
#4359=VERTEX_POINT('',#13472);
#4360=VERTEX_POINT('',#13475);
#4361=VERTEX_POINT('',#13477);
#4362=VERTEX_POINT('',#13478);
#4363=VERTEX_POINT('',#13480);
#4364=VERTEX_POINT('',#13482);
#4365=VERTEX_POINT('',#13485);
#4366=VERTEX_POINT('',#13486);
#4367=VERTEX_POINT('',#13488);
#4368=VERTEX_POINT('',#13490);
#4369=VERTEX_POINT('',#13493);
#4370=VERTEX_POINT('',#13494);
#4371=VERTEX_POINT('',#13496);
#4372=VERTEX_POINT('',#13498);
#4373=VERTEX_POINT('',#13501);
#4374=VERTEX_POINT('',#13502);
#4375=VERTEX_POINT('',#13504);
#4376=VERTEX_POINT('',#13506);
#4377=VERTEX_POINT('',#13509);
#4378=VERTEX_POINT('',#13510);
#4379=VERTEX_POINT('',#13512);
#4380=VERTEX_POINT('',#13514);
#4381=VERTEX_POINT('',#13517);
#4382=VERTEX_POINT('',#13519);
#4383=VERTEX_POINT('',#13520);
#4384=VERTEX_POINT('',#13522);
#4385=VERTEX_POINT('',#13524);
#4386=VERTEX_POINT('',#13527);
#4387=VERTEX_POINT('',#13528);
#4388=VERTEX_POINT('',#13530);
#4389=VERTEX_POINT('',#13532);
#4390=VERTEX_POINT('',#13535);
#4391=VERTEX_POINT('',#13536);
#4392=VERTEX_POINT('',#13538);
#4393=VERTEX_POINT('',#13540);
#4394=VERTEX_POINT('',#13543);
#4395=VERTEX_POINT('',#13544);
#4396=VERTEX_POINT('',#13546);
#4397=VERTEX_POINT('',#13548);
#4398=VERTEX_POINT('',#13551);
#4399=VERTEX_POINT('',#13553);
#4400=VERTEX_POINT('',#13554);
#4401=VERTEX_POINT('',#13556);
#4402=VERTEX_POINT('',#13558);
#4403=VERTEX_POINT('',#13561);
#4404=VERTEX_POINT('',#13563);
#4405=VERTEX_POINT('',#13564);
#4406=VERTEX_POINT('',#13566);
#4407=VERTEX_POINT('',#13568);
#4408=VERTEX_POINT('',#13571);
#4409=VERTEX_POINT('',#13573);
#4410=VERTEX_POINT('',#13574);
#4411=VERTEX_POINT('',#13576);
#4412=VERTEX_POINT('',#13578);
#4413=VERTEX_POINT('',#13581);
#4414=VERTEX_POINT('',#13582);
#4415=VERTEX_POINT('',#13584);
#4416=VERTEX_POINT('',#13586);
#4417=VERTEX_POINT('',#13589);
#4418=VERTEX_POINT('',#13590);
#4419=VERTEX_POINT('',#13592);
#4420=VERTEX_POINT('',#13594);
#4421=VERTEX_POINT('',#13597);
#4422=VERTEX_POINT('',#13599);
#4423=VERTEX_POINT('',#13600);
#4424=VERTEX_POINT('',#13602);
#4425=VERTEX_POINT('',#13604);
#4426=VERTEX_POINT('',#13607);
#4427=VERTEX_POINT('',#13608);
#4428=VERTEX_POINT('',#13610);
#4429=VERTEX_POINT('',#13612);
#4430=VERTEX_POINT('',#13615);
#4431=VERTEX_POINT('',#13617);
#4432=VERTEX_POINT('',#13618);
#4433=VERTEX_POINT('',#13620);
#4434=VERTEX_POINT('',#13622);
#4435=VERTEX_POINT('',#13625);
#4436=VERTEX_POINT('',#13626);
#4437=VERTEX_POINT('',#13628);
#4438=VERTEX_POINT('',#13630);
#4439=VERTEX_POINT('',#13633);
#4440=VERTEX_POINT('',#13634);
#4441=VERTEX_POINT('',#13636);
#4442=VERTEX_POINT('',#13638);
#4443=VERTEX_POINT('',#13641);
#4444=VERTEX_POINT('',#13642);
#4445=VERTEX_POINT('',#13644);
#4446=VERTEX_POINT('',#13646);
#4447=VERTEX_POINT('',#13649);
#4448=VERTEX_POINT('',#13650);
#4449=VERTEX_POINT('',#13652);
#4450=VERTEX_POINT('',#13654);
#4451=VERTEX_POINT('',#13657);
#4452=VERTEX_POINT('',#13658);
#4453=VERTEX_POINT('',#13660);
#4454=VERTEX_POINT('',#13662);
#4455=VERTEX_POINT('',#13665);
#4456=VERTEX_POINT('',#13666);
#4457=VERTEX_POINT('',#13668);
#4458=VERTEX_POINT('',#13670);
#4459=VERTEX_POINT('',#13673);
#4460=VERTEX_POINT('',#13674);
#4461=VERTEX_POINT('',#13676);
#4462=VERTEX_POINT('',#13678);
#4463=VERTEX_POINT('',#13681);
#4464=VERTEX_POINT('',#13682);
#4465=VERTEX_POINT('',#13684);
#4466=VERTEX_POINT('',#13686);
#4467=VERTEX_POINT('',#13689);
#4468=VERTEX_POINT('',#13690);
#4469=VERTEX_POINT('',#13692);
#4470=VERTEX_POINT('',#13694);
#4471=VERTEX_POINT('',#13697);
#4472=VERTEX_POINT('',#13698);
#4473=VERTEX_POINT('',#13700);
#4474=VERTEX_POINT('',#13702);
#4475=VERTEX_POINT('',#13705);
#4476=VERTEX_POINT('',#13706);
#4477=VERTEX_POINT('',#13708);
#4478=VERTEX_POINT('',#13710);
#4479=VERTEX_POINT('',#13713);
#4480=VERTEX_POINT('',#13714);
#4481=VERTEX_POINT('',#13716);
#4482=VERTEX_POINT('',#13718);
#4483=VERTEX_POINT('',#13721);
#4484=VERTEX_POINT('',#13722);
#4485=VERTEX_POINT('',#13724);
#4486=VERTEX_POINT('',#13726);
#4487=VERTEX_POINT('',#13729);
#4488=VERTEX_POINT('',#13730);
#4489=VERTEX_POINT('',#13732);
#4490=VERTEX_POINT('',#13734);
#4491=VERTEX_POINT('',#13737);
#4492=VERTEX_POINT('',#13738);
#4493=VERTEX_POINT('',#13740);
#4494=VERTEX_POINT('',#13742);
#4495=VERTEX_POINT('',#13745);
#4496=VERTEX_POINT('',#13746);
#4497=VERTEX_POINT('',#13748);
#4498=VERTEX_POINT('',#13750);
#4499=VERTEX_POINT('',#13753);
#4500=VERTEX_POINT('',#13754);
#4501=VERTEX_POINT('',#13756);
#4502=VERTEX_POINT('',#13758);
#4503=VERTEX_POINT('',#13761);
#4504=VERTEX_POINT('',#13762);
#4505=VERTEX_POINT('',#13764);
#4506=VERTEX_POINT('',#13766);
#4507=VERTEX_POINT('',#13769);
#4508=VERTEX_POINT('',#13770);
#4509=VERTEX_POINT('',#13772);
#4510=VERTEX_POINT('',#13774);
#4511=VERTEX_POINT('',#13777);
#4512=VERTEX_POINT('',#13778);
#4513=VERTEX_POINT('',#13780);
#4514=VERTEX_POINT('',#13782);
#4515=VERTEX_POINT('',#13785);
#4516=VERTEX_POINT('',#13786);
#4517=VERTEX_POINT('',#13788);
#4518=VERTEX_POINT('',#13790);
#4519=VERTEX_POINT('',#13793);
#4520=VERTEX_POINT('',#13794);
#4521=VERTEX_POINT('',#13796);
#4522=VERTEX_POINT('',#13798);
#4523=VERTEX_POINT('',#13801);
#4524=VERTEX_POINT('',#13802);
#4525=VERTEX_POINT('',#13804);
#4526=VERTEX_POINT('',#13806);
#4527=VERTEX_POINT('',#13809);
#4528=VERTEX_POINT('',#13810);
#4529=VERTEX_POINT('',#13812);
#4530=VERTEX_POINT('',#13814);
#4531=VERTEX_POINT('',#13817);
#4532=VERTEX_POINT('',#13818);
#4533=VERTEX_POINT('',#13820);
#4534=VERTEX_POINT('',#13822);
#4535=VERTEX_POINT('',#13825);
#4536=VERTEX_POINT('',#13826);
#4537=VERTEX_POINT('',#13828);
#4538=VERTEX_POINT('',#13830);
#4539=VERTEX_POINT('',#13833);
#4540=VERTEX_POINT('',#13834);
#4541=VERTEX_POINT('',#13836);
#4542=VERTEX_POINT('',#13838);
#4543=VERTEX_POINT('',#13841);
#4544=VERTEX_POINT('',#13842);
#4545=VERTEX_POINT('',#13844);
#4546=VERTEX_POINT('',#13846);
#4547=VERTEX_POINT('',#13849);
#4548=VERTEX_POINT('',#13850);
#4549=VERTEX_POINT('',#13852);
#4550=VERTEX_POINT('',#13854);
#4551=VERTEX_POINT('',#13857);
#4552=VERTEX_POINT('',#13858);
#4553=VERTEX_POINT('',#13860);
#4554=VERTEX_POINT('',#13862);
#4555=VERTEX_POINT('',#13865);
#4556=VERTEX_POINT('',#13866);
#4557=VERTEX_POINT('',#13868);
#4558=VERTEX_POINT('',#13870);
#4559=VERTEX_POINT('',#13873);
#4560=VERTEX_POINT('',#13874);
#4561=VERTEX_POINT('',#13876);
#4562=VERTEX_POINT('',#13878);
#4563=VERTEX_POINT('',#13881);
#4564=VERTEX_POINT('',#13882);
#4565=VERTEX_POINT('',#13884);
#4566=VERTEX_POINT('',#13886);
#4567=VERTEX_POINT('',#13889);
#4568=VERTEX_POINT('',#13890);
#4569=VERTEX_POINT('',#13892);
#4570=VERTEX_POINT('',#13894);
#4571=VERTEX_POINT('',#13897);
#4572=VERTEX_POINT('',#13898);
#4573=VERTEX_POINT('',#13900);
#4574=VERTEX_POINT('',#13902);
#4575=VERTEX_POINT('',#13905);
#4576=VERTEX_POINT('',#13906);
#4577=VERTEX_POINT('',#13908);
#4578=VERTEX_POINT('',#13910);
#4579=VERTEX_POINT('',#13913);
#4580=VERTEX_POINT('',#13914);
#4581=VERTEX_POINT('',#13916);
#4582=VERTEX_POINT('',#13918);
#4583=VERTEX_POINT('',#13921);
#4584=VERTEX_POINT('',#13922);
#4585=VERTEX_POINT('',#13924);
#4586=VERTEX_POINT('',#13926);
#4587=VERTEX_POINT('',#13929);
#4588=VERTEX_POINT('',#13930);
#4589=VERTEX_POINT('',#13932);
#4590=VERTEX_POINT('',#13934);
#4591=VERTEX_POINT('',#13937);
#4592=VERTEX_POINT('',#13938);
#4593=VERTEX_POINT('',#13940);
#4594=VERTEX_POINT('',#13942);
#4595=VERTEX_POINT('',#13945);
#4596=VERTEX_POINT('',#13946);
#4597=VERTEX_POINT('',#13948);
#4598=VERTEX_POINT('',#13950);
#4599=VERTEX_POINT('',#13953);
#4600=VERTEX_POINT('',#13954);
#4601=VERTEX_POINT('',#13956);
#4602=VERTEX_POINT('',#13958);
#4603=VERTEX_POINT('',#13961);
#4604=VERTEX_POINT('',#13962);
#4605=VERTEX_POINT('',#13964);
#4606=VERTEX_POINT('',#13966);
#4607=VERTEX_POINT('',#13969);
#4608=VERTEX_POINT('',#13970);
#4609=VERTEX_POINT('',#13972);
#4610=VERTEX_POINT('',#13974);
#4611=VERTEX_POINT('',#13977);
#4612=VERTEX_POINT('',#13978);
#4613=VERTEX_POINT('',#13980);
#4614=VERTEX_POINT('',#13982);
#4615=VERTEX_POINT('',#13985);
#4616=VERTEX_POINT('',#13986);
#4617=VERTEX_POINT('',#13988);
#4618=VERTEX_POINT('',#13990);
#4619=VERTEX_POINT('',#13993);
#4620=VERTEX_POINT('',#13994);
#4621=VERTEX_POINT('',#13996);
#4622=VERTEX_POINT('',#13998);
#4623=VERTEX_POINT('',#14001);
#4624=VERTEX_POINT('',#14002);
#4625=VERTEX_POINT('',#14004);
#4626=VERTEX_POINT('',#14006);
#4627=VERTEX_POINT('',#14009);
#4628=VERTEX_POINT('',#14010);
#4629=VERTEX_POINT('',#14012);
#4630=VERTEX_POINT('',#14014);
#4631=VERTEX_POINT('',#14017);
#4632=VERTEX_POINT('',#14018);
#4633=VERTEX_POINT('',#14020);
#4634=VERTEX_POINT('',#14022);
#4635=VERTEX_POINT('',#14025);
#4636=VERTEX_POINT('',#14026);
#4637=VERTEX_POINT('',#14028);
#4638=VERTEX_POINT('',#14030);
#4639=VERTEX_POINT('',#14704);
#4640=VERTEX_POINT('',#14705);
#4641=VERTEX_POINT('',#14707);
#4642=VERTEX_POINT('',#14709);
#4643=VERTEX_POINT('',#14713);
#4644=VERTEX_POINT('',#14715);
#4645=VERTEX_POINT('',#14719);
#4646=VERTEX_POINT('',#14720);
#4647=VERTEX_POINT('',#14725);
#4648=VERTEX_POINT('',#14727);
#4649=VERTEX_POINT('',#14731);
#4650=VERTEX_POINT('',#14732);
#4651=VERTEX_POINT('',#14737);
#4652=VERTEX_POINT('',#14739);
#4653=VERTEX_POINT('',#14743);
#4654=VERTEX_POINT('',#14744);
#4655=VERTEX_POINT('',#14749);
#4656=VERTEX_POINT('',#14751);
#4657=VERTEX_POINT('',#14755);
#4658=VERTEX_POINT('',#14756);
#4659=VERTEX_POINT('',#14761);
#4660=VERTEX_POINT('',#14763);
#4661=VERTEX_POINT('',#14767);
#4662=VERTEX_POINT('',#14768);
#4663=VERTEX_POINT('',#14776);
#4664=VERTEX_POINT('',#14778);
#4665=VERTEX_POINT('',#14782);
#4666=VERTEX_POINT('',#14786);
#4667=VERTEX_POINT('',#14790);
#4668=VERTEX_POINT('',#14794);
#4669=VERTEX_POINT('',#14798);
#4670=VERTEX_POINT('',#14802);
#4671=VERTEX_POINT('',#14804);
#4672=VERTEX_POINT('',#14806);
#4673=VERTEX_POINT('',#14808);
#4674=VERTEX_POINT('',#14810);
#4675=VERTEX_POINT('',#14812);
#4676=VERTEX_POINT('',#14814);
#4677=VERTEX_POINT('',#14816);
#4678=VERTEX_POINT('',#14818);
#4679=VERTEX_POINT('',#14820);
#4680=VERTEX_POINT('',#14823);
#4681=VERTEX_POINT('',#14827);
#4682=VERTEX_POINT('',#14831);
#4683=VERTEX_POINT('',#14835);
#4684=VERTEX_POINT('',#14839);
#4685=VERTEX_POINT('',#14843);
#4686=VERTEX_POINT('',#14847);
#4687=VERTEX_POINT('',#14851);
#4688=VERTEX_POINT('',#14855);
#4689=VERTEX_POINT('',#14859);
#4690=VERTEX_POINT('',#14863);
#4691=VERTEX_POINT('',#14864);
#4692=VERTEX_POINT('',#14866);
#4693=VERTEX_POINT('',#14868);
#4694=VERTEX_POINT('',#14872);
#4695=VERTEX_POINT('',#14874);
#4696=VERTEX_POINT('',#14878);
#4697=VERTEX_POINT('',#14880);
#4698=VERTEX_POINT('',#14884);
#4699=VERTEX_POINT('',#14886);
#4700=VERTEX_POINT('',#14890);
#4701=VERTEX_POINT('',#14892);
#4702=VERTEX_POINT('',#14899);
#4703=VERTEX_POINT('',#14901);
#4704=VERTEX_POINT('',#14905);
#4705=VERTEX_POINT('',#14909);
#4706=VERTEX_POINT('',#14912);
#4707=VERTEX_POINT('',#14913);
#4708=VERTEX_POINT('',#14915);
#4709=VERTEX_POINT('',#14917);
#4710=VERTEX_POINT('',#14919);
#4711=VERTEX_POINT('',#14921);
#4712=VERTEX_POINT('',#14923);
#4713=VERTEX_POINT('',#14925);
#4714=VERTEX_POINT('',#14929);
#4715=VERTEX_POINT('',#14930);
#4716=VERTEX_POINT('',#14932);
#4717=VERTEX_POINT('',#14934);
#4718=VERTEX_POINT('',#14936);
#4719=VERTEX_POINT('',#14938);
#4720=VERTEX_POINT('',#14940);
#4721=VERTEX_POINT('',#14942);
#4722=VERTEX_POINT('',#14944);
#4723=VERTEX_POINT('',#14946);
#4724=VERTEX_POINT('',#14948);
#4725=VERTEX_POINT('',#14950);
#4726=VERTEX_POINT('',#14967);
#4727=VERTEX_POINT('',#14971);
#4728=VERTEX_POINT('',#14975);
#4729=VERTEX_POINT('',#14979);
#4730=VERTEX_POINT('',#14983);
#4731=VERTEX_POINT('',#14995);
#4732=VERTEX_POINT('',#14996);
#4733=VERTEX_POINT('',#14998);
#4734=VERTEX_POINT('',#15000);
#4735=VERTEX_POINT('',#15002);
#4736=VERTEX_POINT('',#15004);
#4737=VERTEX_POINT('',#15006);
#4738=VERTEX_POINT('',#15008);
#4739=VERTEX_POINT('',#15032);
#4740=VERTEX_POINT('',#15034);
#4741=VERTEX_POINT('',#15043);
#4742=VERTEX_POINT('',#15044);
#4743=VERTEX_POINT('',#15046);
#4744=VERTEX_POINT('',#15048);
#4745=VERTEX_POINT('',#15052);
#4746=VERTEX_POINT('',#15054);
#4747=VERTEX_POINT('',#15058);
#4748=VERTEX_POINT('',#15060);
#4749=VERTEX_POINT('',#15062);
#4750=VERTEX_POINT('',#15065);
#4751=VERTEX_POINT('',#15067);
#4752=VERTEX_POINT('',#15070);
#4753=VERTEX_POINT('',#15074);
#4754=VERTEX_POINT('',#15078);
#4755=VERTEX_POINT('',#15082);
#4756=VERTEX_POINT('',#15084);
#4757=VERTEX_POINT('',#15093);
#4758=VERTEX_POINT('',#15094);
#4759=VERTEX_POINT('',#15096);
#4760=VERTEX_POINT('',#15098);
#4761=VERTEX_POINT('',#15102);
#4762=VERTEX_POINT('',#15104);
#4763=VERTEX_POINT('',#15108);
#4764=VERTEX_POINT('',#15109);
#4765=VERTEX_POINT('',#15114);
#4766=VERTEX_POINT('',#15116);
#4767=VERTEX_POINT('',#15120);
#4768=VERTEX_POINT('',#15121);
#4769=VERTEX_POINT('',#15126);
#4770=VERTEX_POINT('',#15128);
#4771=VERTEX_POINT('',#15132);
#4772=VERTEX_POINT('',#15133);
#4773=VERTEX_POINT('',#15138);
#4774=VERTEX_POINT('',#15140);
#4775=VERTEX_POINT('',#15144);
#4776=VERTEX_POINT('',#15145);
#4777=VERTEX_POINT('',#15150);
#4778=VERTEX_POINT('',#15152);
#4779=VERTEX_POINT('',#15156);
#4780=VERTEX_POINT('',#15157);
#4781=VERTEX_POINT('',#15162);
#4782=VERTEX_POINT('',#15164);
#4783=VERTEX_POINT('',#15168);
#4784=VERTEX_POINT('',#15169);
#4785=VERTEX_POINT('',#15174);
#4786=VERTEX_POINT('',#15176);
#4787=VERTEX_POINT('',#15180);
#4788=VERTEX_POINT('',#15181);
#4789=VERTEX_POINT('',#15186);
#4790=VERTEX_POINT('',#15188);
#4791=VERTEX_POINT('',#15192);
#4792=VERTEX_POINT('',#15193);
#4793=VERTEX_POINT('',#15198);
#4794=VERTEX_POINT('',#15200);
#4795=VERTEX_POINT('',#15204);
#4796=VERTEX_POINT('',#15205);
#4797=VERTEX_POINT('',#15213);
#4798=VERTEX_POINT('',#15215);
#4799=VERTEX_POINT('',#15219);
#4800=VERTEX_POINT('',#15223);
#4801=VERTEX_POINT('',#15227);
#4802=VERTEX_POINT('',#15231);
#4803=VERTEX_POINT('',#15235);
#4804=VERTEX_POINT('',#15239);
#4805=VERTEX_POINT('',#15243);
#4806=VERTEX_POINT('',#15247);
#4807=VERTEX_POINT('',#15251);
#4808=VERTEX_POINT('',#15256);
#4809=VERTEX_POINT('',#15258);
#4810=VERTEX_POINT('',#15260);
#4811=VERTEX_POINT('',#15262);
#4812=VERTEX_POINT('',#15264);
#4813=VERTEX_POINT('',#15266);
#4814=VERTEX_POINT('',#15268);
#4815=VERTEX_POINT('',#15270);
#4816=VERTEX_POINT('',#15272);
#4817=VERTEX_POINT('',#15275);
#4818=VERTEX_POINT('',#15296);
#4819=VERTEX_POINT('',#15301);
#4820=VERTEX_POINT('',#15302);
#4821=VERTEX_POINT('',#15306);
#4822=VERTEX_POINT('',#15307);
#4823=EDGE_CURVE('',#3959,#3960,#1613,.T.);
#4824=EDGE_CURVE('',#3959,#3961,#1614,.T.);
#4825=EDGE_CURVE('',#3962,#3961,#1615,.T.);
#4826=EDGE_CURVE('',#3960,#3962,#1616,.T.);
#4827=EDGE_CURVE('',#3963,#3959,#1617,.T.);
#4828=EDGE_CURVE('',#3964,#3963,#1618,.T.);
#4829=EDGE_CURVE('',#3961,#3964,#1619,.T.);
#4830=EDGE_CURVE('',#3960,#3965,#1620,.T.);
#4831=EDGE_CURVE('',#3965,#3966,#1621,.T.);
#4832=EDGE_CURVE('',#3966,#3967,#1622,.T.);
#4833=EDGE_CURVE('',#3967,#3968,#1623,.T.);
#4834=EDGE_CURVE('',#3969,#3968,#320,.T.);
#4835=EDGE_CURVE('',#3969,#3970,#1624,.T.);
#4836=EDGE_CURVE('',#3971,#3970,#321,.T.);
#4837=EDGE_CURVE('',#3963,#3971,#1625,.T.);
#4838=EDGE_CURVE('',#3972,#3973,#1626,.T.);
#4839=EDGE_CURVE('',#3973,#3974,#1627,.T.);
#4840=EDGE_CURVE('',#3974,#3975,#1628,.T.);
#4841=EDGE_CURVE('',#3975,#3972,#1629,.T.);
#4842=EDGE_CURVE('',#3976,#3977,#1630,.T.);
#4843=EDGE_CURVE('',#3977,#3978,#1631,.T.);
#4844=EDGE_CURVE('',#3978,#3979,#1632,.T.);
#4845=EDGE_CURVE('',#3979,#3976,#1633,.T.);
#4846=EDGE_CURVE('',#3980,#3980,#322,.T.);
#4847=EDGE_CURVE('',#3981,#3981,#323,.T.);
#4848=EDGE_CURVE('',#3982,#3983,#1634,.T.);
#4849=EDGE_CURVE('',#3983,#3984,#1635,.T.);
#4850=EDGE_CURVE('',#3984,#3985,#1636,.T.);
#4851=EDGE_CURVE('',#3985,#3982,#1637,.T.);
#4852=EDGE_CURVE('',#3986,#3986,#324,.T.);
#4853=EDGE_CURVE('',#3987,#3988,#1638,.T.);
#4854=EDGE_CURVE('',#3988,#3989,#1639,.T.);
#4855=EDGE_CURVE('',#3989,#3990,#1640,.T.);
#4856=EDGE_CURVE('',#3990,#3987,#1641,.T.);
#4857=EDGE_CURVE('',#3991,#3992,#1642,.T.);
#4858=EDGE_CURVE('',#3992,#3993,#1643,.T.);
#4859=EDGE_CURVE('',#3993,#3994,#1644,.T.);
#4860=EDGE_CURVE('',#3994,#3991,#1645,.T.);
#4861=EDGE_CURVE('',#3995,#3996,#1646,.T.);
#4862=EDGE_CURVE('',#3996,#3997,#1647,.T.);
#4863=EDGE_CURVE('',#3997,#3998,#1648,.T.);
#4864=EDGE_CURVE('',#3998,#3995,#1649,.T.);
#4865=EDGE_CURVE('',#3999,#4000,#1650,.T.);
#4866=EDGE_CURVE('',#4000,#4001,#1651,.T.);
#4867=EDGE_CURVE('',#4001,#4002,#1652,.T.);
#4868=EDGE_CURVE('',#4002,#3999,#1653,.T.);
#4869=EDGE_CURVE('',#4003,#4004,#1654,.T.);
#4870=EDGE_CURVE('',#4004,#4005,#1655,.T.);
#4871=EDGE_CURVE('',#4005,#4006,#1656,.T.);
#4872=EDGE_CURVE('',#4006,#4003,#1657,.T.);
#4873=EDGE_CURVE('',#4007,#4008,#1658,.T.);
#4874=EDGE_CURVE('',#4008,#4009,#1659,.T.);
#4875=EDGE_CURVE('',#4009,#4010,#1660,.T.);
#4876=EDGE_CURVE('',#4010,#4007,#1661,.T.);
#4877=EDGE_CURVE('',#4011,#4012,#1662,.T.);
#4878=EDGE_CURVE('',#4012,#4013,#1663,.T.);
#4879=EDGE_CURVE('',#4013,#4014,#1664,.T.);
#4880=EDGE_CURVE('',#4014,#4011,#1665,.T.);
#4881=EDGE_CURVE('',#4015,#4016,#1666,.T.);
#4882=EDGE_CURVE('',#4016,#4017,#1667,.T.);
#4883=EDGE_CURVE('',#4017,#4018,#1668,.T.);
#4884=EDGE_CURVE('',#4018,#4015,#1669,.T.);
#4885=EDGE_CURVE('',#4019,#4020,#1670,.T.);
#4886=EDGE_CURVE('',#4020,#4021,#1671,.T.);
#4887=EDGE_CURVE('',#4021,#4022,#1672,.T.);
#4888=EDGE_CURVE('',#4022,#4019,#1673,.T.);
#4889=EDGE_CURVE('',#4023,#4023,#325,.T.);
#4890=EDGE_CURVE('',#4024,#4025,#1674,.T.);
#4891=EDGE_CURVE('',#4025,#4026,#1675,.T.);
#4892=EDGE_CURVE('',#4026,#4027,#1676,.T.);
#4893=EDGE_CURVE('',#4027,#4024,#1677,.T.);
#4894=EDGE_CURVE('',#4028,#4029,#1678,.T.);
#4895=EDGE_CURVE('',#4029,#4030,#1679,.T.);
#4896=EDGE_CURVE('',#4030,#4031,#1680,.T.);
#4897=EDGE_CURVE('',#4031,#4028,#1681,.T.);
#4898=EDGE_CURVE('',#4032,#4033,#1682,.T.);
#4899=EDGE_CURVE('',#4033,#4034,#1683,.T.);
#4900=EDGE_CURVE('',#4034,#4035,#1684,.T.);
#4901=EDGE_CURVE('',#4035,#4032,#1685,.T.);
#4902=EDGE_CURVE('',#4036,#4037,#1686,.T.);
#4903=EDGE_CURVE('',#4037,#4038,#1687,.T.);
#4904=EDGE_CURVE('',#4038,#4039,#1688,.T.);
#4905=EDGE_CURVE('',#4039,#4036,#1689,.T.);
#4906=EDGE_CURVE('',#4040,#4041,#1690,.T.);
#4907=EDGE_CURVE('',#4041,#4042,#1691,.T.);
#4908=EDGE_CURVE('',#4042,#4043,#1692,.T.);
#4909=EDGE_CURVE('',#4043,#4040,#1693,.T.);
#4910=EDGE_CURVE('',#4044,#4044,#326,.T.);
#4911=EDGE_CURVE('',#4045,#4046,#1694,.T.);
#4912=EDGE_CURVE('',#4046,#4047,#1695,.T.);
#4913=EDGE_CURVE('',#4047,#4048,#1696,.T.);
#4914=EDGE_CURVE('',#4048,#4045,#1697,.T.);
#4915=EDGE_CURVE('',#4049,#4050,#1698,.T.);
#4916=EDGE_CURVE('',#4050,#4051,#1699,.T.);
#4917=EDGE_CURVE('',#4051,#4052,#1700,.T.);
#4918=EDGE_CURVE('',#4052,#4049,#1701,.T.);
#4919=EDGE_CURVE('',#4053,#4054,#1702,.T.);
#4920=EDGE_CURVE('',#4054,#4055,#1703,.T.);
#4921=EDGE_CURVE('',#4055,#4056,#1704,.T.);
#4922=EDGE_CURVE('',#4056,#4053,#1705,.T.);
#4923=EDGE_CURVE('',#4057,#4058,#1706,.T.);
#4924=EDGE_CURVE('',#4058,#4059,#1707,.T.);
#4925=EDGE_CURVE('',#4059,#4060,#1708,.T.);
#4926=EDGE_CURVE('',#4060,#4057,#1709,.T.);
#4927=EDGE_CURVE('',#4061,#4061,#327,.T.);
#4928=EDGE_CURVE('',#4062,#4063,#1710,.T.);
#4929=EDGE_CURVE('',#4063,#4064,#1711,.T.);
#4930=EDGE_CURVE('',#4064,#4065,#1712,.T.);
#4931=EDGE_CURVE('',#4065,#4062,#1713,.T.);
#4932=EDGE_CURVE('',#4066,#4066,#328,.T.);
#4933=EDGE_CURVE('',#4067,#4068,#1714,.T.);
#4934=EDGE_CURVE('',#4068,#4069,#1715,.T.);
#4935=EDGE_CURVE('',#4069,#4070,#1716,.T.);
#4936=EDGE_CURVE('',#4070,#4067,#1717,.T.);
#4937=EDGE_CURVE('',#4071,#4071,#329,.T.);
#4938=EDGE_CURVE('',#4072,#4073,#1718,.T.);
#4939=EDGE_CURVE('',#4073,#4074,#1719,.T.);
#4940=EDGE_CURVE('',#4074,#4075,#1720,.T.);
#4941=EDGE_CURVE('',#4075,#4072,#1721,.T.);
#4942=EDGE_CURVE('',#4076,#4077,#1722,.T.);
#4943=EDGE_CURVE('',#4077,#4078,#1723,.T.);
#4944=EDGE_CURVE('',#4078,#4079,#1724,.T.);
#4945=EDGE_CURVE('',#4079,#4076,#1725,.T.);
#4946=EDGE_CURVE('',#4080,#4081,#1726,.T.);
#4947=EDGE_CURVE('',#4081,#4082,#1727,.T.);
#4948=EDGE_CURVE('',#4082,#4083,#1728,.T.);
#4949=EDGE_CURVE('',#4083,#4080,#1729,.T.);
#4950=EDGE_CURVE('',#4084,#4084,#330,.T.);
#4951=EDGE_CURVE('',#4085,#4086,#1730,.T.);
#4952=EDGE_CURVE('',#4086,#4087,#1731,.T.);
#4953=EDGE_CURVE('',#4087,#4088,#1732,.T.);
#4954=EDGE_CURVE('',#4088,#4085,#1733,.T.);
#4955=EDGE_CURVE('',#4089,#4090,#1734,.T.);
#4956=EDGE_CURVE('',#4090,#4091,#1735,.T.);
#4957=EDGE_CURVE('',#4091,#4092,#1736,.T.);
#4958=EDGE_CURVE('',#4092,#4089,#1737,.T.);
#4959=EDGE_CURVE('',#4093,#4093,#331,.T.);
#4960=EDGE_CURVE('',#4094,#4095,#1738,.T.);
#4961=EDGE_CURVE('',#4095,#4096,#1739,.T.);
#4962=EDGE_CURVE('',#4096,#4097,#1740,.T.);
#4963=EDGE_CURVE('',#4097,#4094,#1741,.T.);
#4964=EDGE_CURVE('',#4098,#4099,#1742,.T.);
#4965=EDGE_CURVE('',#4099,#4100,#1743,.T.);
#4966=EDGE_CURVE('',#4100,#4101,#1744,.T.);
#4967=EDGE_CURVE('',#4101,#4098,#1745,.T.);
#4968=EDGE_CURVE('',#4102,#4103,#1746,.T.);
#4969=EDGE_CURVE('',#4103,#4104,#1747,.T.);
#4970=EDGE_CURVE('',#4104,#4105,#1748,.T.);
#4971=EDGE_CURVE('',#4105,#4102,#1749,.T.);
#4972=EDGE_CURVE('',#4106,#4107,#1750,.T.);
#4973=EDGE_CURVE('',#4107,#4108,#1751,.T.);
#4974=EDGE_CURVE('',#4108,#4109,#1752,.T.);
#4975=EDGE_CURVE('',#4109,#4106,#1753,.T.);
#4976=EDGE_CURVE('',#4110,#4111,#1754,.T.);
#4977=EDGE_CURVE('',#4111,#4112,#1755,.T.);
#4978=EDGE_CURVE('',#4112,#4113,#1756,.T.);
#4979=EDGE_CURVE('',#4113,#4110,#1757,.T.);
#4980=EDGE_CURVE('',#4114,#4115,#1758,.T.);
#4981=EDGE_CURVE('',#4115,#4116,#1759,.T.);
#4982=EDGE_CURVE('',#4116,#4117,#1760,.T.);
#4983=EDGE_CURVE('',#4117,#4114,#1761,.T.);
#4984=EDGE_CURVE('',#4118,#4119,#1762,.T.);
#4985=EDGE_CURVE('',#4119,#4120,#1763,.T.);
#4986=EDGE_CURVE('',#4120,#4121,#1764,.T.);
#4987=EDGE_CURVE('',#4121,#4118,#1765,.T.);
#4988=EDGE_CURVE('',#4122,#4123,#1766,.T.);
#4989=EDGE_CURVE('',#4123,#4124,#1767,.T.);
#4990=EDGE_CURVE('',#4124,#4125,#1768,.T.);
#4991=EDGE_CURVE('',#4125,#4122,#1769,.T.);
#4992=EDGE_CURVE('',#4126,#4127,#1770,.T.);
#4993=EDGE_CURVE('',#4127,#4128,#1771,.T.);
#4994=EDGE_CURVE('',#4128,#4129,#1772,.T.);
#4995=EDGE_CURVE('',#4129,#4126,#1773,.T.);
#4996=EDGE_CURVE('',#4130,#4131,#1774,.T.);
#4997=EDGE_CURVE('',#4131,#4132,#1775,.T.);
#4998=EDGE_CURVE('',#4132,#4133,#1776,.T.);
#4999=EDGE_CURVE('',#4133,#4130,#1777,.T.);
#5000=EDGE_CURVE('',#4134,#4135,#1778,.T.);
#5001=EDGE_CURVE('',#4135,#4136,#1779,.T.);
#5002=EDGE_CURVE('',#4136,#4137,#1780,.T.);
#5003=EDGE_CURVE('',#4137,#4134,#1781,.T.);
#5004=EDGE_CURVE('',#4138,#4139,#1782,.T.);
#5005=EDGE_CURVE('',#4139,#4140,#1783,.T.);
#5006=EDGE_CURVE('',#4140,#4141,#1784,.T.);
#5007=EDGE_CURVE('',#4141,#4138,#1785,.T.);
#5008=EDGE_CURVE('',#4142,#4143,#1786,.T.);
#5009=EDGE_CURVE('',#4143,#4144,#1787,.T.);
#5010=EDGE_CURVE('',#4144,#4145,#1788,.T.);
#5011=EDGE_CURVE('',#4145,#4142,#1789,.T.);
#5012=EDGE_CURVE('',#4146,#4147,#1790,.T.);
#5013=EDGE_CURVE('',#4147,#4148,#1791,.T.);
#5014=EDGE_CURVE('',#4148,#4149,#1792,.T.);
#5015=EDGE_CURVE('',#4149,#4146,#1793,.T.);
#5016=EDGE_CURVE('',#4150,#4151,#1794,.T.);
#5017=EDGE_CURVE('',#4151,#4152,#1795,.T.);
#5018=EDGE_CURVE('',#4152,#4153,#1796,.T.);
#5019=EDGE_CURVE('',#4153,#4150,#1797,.T.);
#5020=EDGE_CURVE('',#4154,#4155,#1798,.T.);
#5021=EDGE_CURVE('',#4155,#4156,#1799,.T.);
#5022=EDGE_CURVE('',#4156,#4157,#1800,.T.);
#5023=EDGE_CURVE('',#4157,#4154,#1801,.T.);
#5024=EDGE_CURVE('',#4158,#4159,#1802,.T.);
#5025=EDGE_CURVE('',#4159,#4160,#1803,.T.);
#5026=EDGE_CURVE('',#4160,#4161,#1804,.T.);
#5027=EDGE_CURVE('',#4161,#4158,#1805,.T.);
#5028=EDGE_CURVE('',#4162,#4163,#1806,.T.);
#5029=EDGE_CURVE('',#4163,#4164,#1807,.T.);
#5030=EDGE_CURVE('',#4164,#4165,#1808,.T.);
#5031=EDGE_CURVE('',#4165,#4162,#1809,.T.);
#5032=EDGE_CURVE('',#4166,#4167,#1810,.T.);
#5033=EDGE_CURVE('',#4167,#4168,#1811,.T.);
#5034=EDGE_CURVE('',#4168,#4169,#1812,.T.);
#5035=EDGE_CURVE('',#4169,#4166,#1813,.T.);
#5036=EDGE_CURVE('',#4170,#4171,#1814,.T.);
#5037=EDGE_CURVE('',#4171,#4172,#1815,.T.);
#5038=EDGE_CURVE('',#4172,#4173,#1816,.T.);
#5039=EDGE_CURVE('',#4173,#4170,#1817,.T.);
#5040=EDGE_CURVE('',#4174,#4175,#1818,.T.);
#5041=EDGE_CURVE('',#4175,#4176,#1819,.T.);
#5042=EDGE_CURVE('',#4176,#4177,#1820,.T.);
#5043=EDGE_CURVE('',#4177,#4174,#1821,.T.);
#5044=EDGE_CURVE('',#4178,#4179,#1822,.T.);
#5045=EDGE_CURVE('',#4179,#4180,#1823,.T.);
#5046=EDGE_CURVE('',#4180,#4181,#1824,.T.);
#5047=EDGE_CURVE('',#4181,#4178,#1825,.T.);
#5048=EDGE_CURVE('',#4182,#4183,#1826,.T.);
#5049=EDGE_CURVE('',#4183,#4184,#1827,.T.);
#5050=EDGE_CURVE('',#4184,#4185,#1828,.T.);
#5051=EDGE_CURVE('',#4185,#4182,#1829,.T.);
#5052=EDGE_CURVE('',#4186,#4187,#1830,.T.);
#5053=EDGE_CURVE('',#4187,#4188,#1831,.T.);
#5054=EDGE_CURVE('',#4188,#4189,#1832,.T.);
#5055=EDGE_CURVE('',#4189,#4186,#1833,.T.);
#5056=EDGE_CURVE('',#4190,#4191,#1834,.T.);
#5057=EDGE_CURVE('',#4191,#4192,#1835,.T.);
#5058=EDGE_CURVE('',#4192,#4193,#1836,.T.);
#5059=EDGE_CURVE('',#4193,#4190,#1837,.T.);
#5060=EDGE_CURVE('',#4194,#4195,#1838,.T.);
#5061=EDGE_CURVE('',#4195,#4196,#1839,.T.);
#5062=EDGE_CURVE('',#4196,#4197,#1840,.T.);
#5063=EDGE_CURVE('',#4197,#4194,#1841,.T.);
#5064=EDGE_CURVE('',#4198,#4199,#1842,.T.);
#5065=EDGE_CURVE('',#4199,#4200,#1843,.T.);
#5066=EDGE_CURVE('',#4200,#4201,#1844,.T.);
#5067=EDGE_CURVE('',#4201,#4198,#1845,.T.);
#5068=EDGE_CURVE('',#4202,#4203,#1846,.T.);
#5069=EDGE_CURVE('',#4203,#4204,#1847,.T.);
#5070=EDGE_CURVE('',#4204,#4205,#1848,.T.);
#5071=EDGE_CURVE('',#4205,#4202,#1849,.T.);
#5072=EDGE_CURVE('',#4206,#4207,#1850,.T.);
#5073=EDGE_CURVE('',#4207,#4208,#1851,.T.);
#5074=EDGE_CURVE('',#4208,#4209,#1852,.T.);
#5075=EDGE_CURVE('',#4209,#4206,#1853,.T.);
#5076=EDGE_CURVE('',#4210,#4211,#1854,.T.);
#5077=EDGE_CURVE('',#4211,#4212,#1855,.T.);
#5078=EDGE_CURVE('',#4212,#4213,#1856,.T.);
#5079=EDGE_CURVE('',#4213,#4210,#1857,.T.);
#5080=EDGE_CURVE('',#4214,#4215,#1858,.T.);
#5081=EDGE_CURVE('',#4215,#4216,#1859,.T.);
#5082=EDGE_CURVE('',#4216,#4217,#1860,.T.);
#5083=EDGE_CURVE('',#4217,#4214,#1861,.T.);
#5084=EDGE_CURVE('',#4218,#4219,#1862,.T.);
#5085=EDGE_CURVE('',#4219,#4220,#1863,.T.);
#5086=EDGE_CURVE('',#4220,#4221,#1864,.T.);
#5087=EDGE_CURVE('',#4221,#4218,#1865,.T.);
#5088=EDGE_CURVE('',#4222,#4223,#1866,.T.);
#5089=EDGE_CURVE('',#4223,#4224,#1867,.T.);
#5090=EDGE_CURVE('',#4224,#4225,#1868,.T.);
#5091=EDGE_CURVE('',#4225,#4222,#1869,.T.);
#5092=EDGE_CURVE('',#4226,#4227,#1870,.T.);
#5093=EDGE_CURVE('',#4227,#4228,#1871,.T.);
#5094=EDGE_CURVE('',#4228,#4229,#1872,.T.);
#5095=EDGE_CURVE('',#4229,#4226,#1873,.T.);
#5096=EDGE_CURVE('',#4230,#4231,#1874,.T.);
#5097=EDGE_CURVE('',#4231,#4232,#1875,.T.);
#5098=EDGE_CURVE('',#4232,#4233,#1876,.T.);
#5099=EDGE_CURVE('',#4233,#4230,#1877,.T.);
#5100=EDGE_CURVE('',#4234,#4235,#1878,.T.);
#5101=EDGE_CURVE('',#4235,#4236,#1879,.T.);
#5102=EDGE_CURVE('',#4236,#4237,#1880,.T.);
#5103=EDGE_CURVE('',#4237,#4234,#1881,.T.);
#5104=EDGE_CURVE('',#4238,#4239,#1882,.T.);
#5105=EDGE_CURVE('',#4239,#4240,#1883,.T.);
#5106=EDGE_CURVE('',#4240,#4241,#1884,.T.);
#5107=EDGE_CURVE('',#4241,#4238,#1885,.T.);
#5108=EDGE_CURVE('',#4242,#4243,#1886,.T.);
#5109=EDGE_CURVE('',#4243,#4244,#1887,.T.);
#5110=EDGE_CURVE('',#4244,#4245,#1888,.T.);
#5111=EDGE_CURVE('',#4245,#4242,#1889,.T.);
#5112=EDGE_CURVE('',#4246,#4247,#1890,.T.);
#5113=EDGE_CURVE('',#4247,#4248,#1891,.T.);
#5114=EDGE_CURVE('',#4248,#4249,#1892,.T.);
#5115=EDGE_CURVE('',#4249,#4246,#1893,.T.);
#5116=EDGE_CURVE('',#4250,#4251,#1894,.T.);
#5117=EDGE_CURVE('',#4251,#4252,#1895,.T.);
#5118=EDGE_CURVE('',#4252,#4253,#1896,.T.);
#5119=EDGE_CURVE('',#4253,#4250,#1897,.T.);
#5120=EDGE_CURVE('',#4254,#4255,#1898,.T.);
#5121=EDGE_CURVE('',#4255,#4256,#1899,.T.);
#5122=EDGE_CURVE('',#4256,#4257,#1900,.T.);
#5123=EDGE_CURVE('',#4257,#4254,#1901,.T.);
#5124=EDGE_CURVE('',#4258,#4259,#1902,.T.);
#5125=EDGE_CURVE('',#4259,#4260,#1903,.T.);
#5126=EDGE_CURVE('',#4260,#4261,#1904,.T.);
#5127=EDGE_CURVE('',#4261,#4258,#1905,.T.);
#5128=EDGE_CURVE('',#4262,#4263,#1906,.T.);
#5129=EDGE_CURVE('',#4263,#4264,#1907,.T.);
#5130=EDGE_CURVE('',#4264,#4265,#1908,.T.);
#5131=EDGE_CURVE('',#4265,#4262,#1909,.T.);
#5132=EDGE_CURVE('',#4266,#4267,#1910,.T.);
#5133=EDGE_CURVE('',#4267,#4268,#1911,.T.);
#5134=EDGE_CURVE('',#4268,#4269,#1912,.T.);
#5135=EDGE_CURVE('',#4269,#4266,#1913,.T.);
#5136=EDGE_CURVE('',#4270,#4271,#1914,.T.);
#5137=EDGE_CURVE('',#4271,#4272,#1915,.T.);
#5138=EDGE_CURVE('',#4272,#4273,#1916,.T.);
#5139=EDGE_CURVE('',#4273,#4270,#1917,.T.);
#5140=EDGE_CURVE('',#4274,#4275,#1918,.T.);
#5141=EDGE_CURVE('',#4275,#4276,#1919,.T.);
#5142=EDGE_CURVE('',#4276,#4277,#1920,.T.);
#5143=EDGE_CURVE('',#4277,#4274,#1921,.T.);
#5144=EDGE_CURVE('',#4278,#4279,#1922,.T.);
#5145=EDGE_CURVE('',#4279,#4280,#1923,.T.);
#5146=EDGE_CURVE('',#4280,#4281,#1924,.T.);
#5147=EDGE_CURVE('',#4281,#4278,#1925,.T.);
#5148=EDGE_CURVE('',#4282,#4283,#1926,.T.);
#5149=EDGE_CURVE('',#4283,#4284,#1927,.T.);
#5150=EDGE_CURVE('',#4284,#4285,#1928,.T.);
#5151=EDGE_CURVE('',#4285,#4282,#1929,.T.);
#5152=EDGE_CURVE('',#4286,#4287,#1930,.T.);
#5153=EDGE_CURVE('',#4287,#4288,#1931,.T.);
#5154=EDGE_CURVE('',#4288,#4289,#1932,.T.);
#5155=EDGE_CURVE('',#4289,#4286,#1933,.T.);
#5156=EDGE_CURVE('',#4290,#4291,#1934,.T.);
#5157=EDGE_CURVE('',#4291,#4292,#1935,.T.);
#5158=EDGE_CURVE('',#4292,#4293,#1936,.T.);
#5159=EDGE_CURVE('',#4293,#4290,#1937,.T.);
#5160=EDGE_CURVE('',#4294,#4295,#1938,.T.);
#5161=EDGE_CURVE('',#4295,#4296,#1939,.T.);
#5162=EDGE_CURVE('',#4296,#4297,#1940,.T.);
#5163=EDGE_CURVE('',#4297,#4294,#1941,.T.);
#5164=EDGE_CURVE('',#4298,#4299,#1942,.T.);
#5165=EDGE_CURVE('',#4299,#4300,#1943,.T.);
#5166=EDGE_CURVE('',#4300,#4301,#1944,.T.);
#5167=EDGE_CURVE('',#4301,#4298,#1945,.T.);
#5168=EDGE_CURVE('',#4302,#3962,#1946,.T.);
#5169=EDGE_CURVE('',#4302,#3965,#1947,.T.);
#5170=EDGE_CURVE('',#4303,#4304,#332,.T.);
#5171=EDGE_CURVE('',#4304,#3969,#1948,.T.);
#5172=EDGE_CURVE('',#3968,#4303,#1949,.T.);
#5173=EDGE_CURVE('',#3964,#4305,#1950,.T.);
#5174=EDGE_CURVE('',#4306,#4305,#333,.T.);
#5175=EDGE_CURVE('',#4306,#4304,#1951,.T.);
#5176=EDGE_CURVE('',#4303,#4307,#1952,.T.);
#5177=EDGE_CURVE('',#4308,#4307,#1953,.T.);
#5178=EDGE_CURVE('',#4308,#4302,#1954,.T.);
#5179=EDGE_CURVE('',#4309,#4310,#1955,.T.);
#5180=EDGE_CURVE('',#4311,#4309,#1956,.T.);
#5181=EDGE_CURVE('',#4312,#4311,#1957,.T.);
#5182=EDGE_CURVE('',#4310,#4312,#1958,.T.);
#5183=EDGE_CURVE('',#4313,#4314,#1959,.T.);
#5184=EDGE_CURVE('',#4315,#4313,#1960,.T.);
#5185=EDGE_CURVE('',#4316,#4315,#1961,.T.);
#5186=EDGE_CURVE('',#4314,#4316,#1962,.T.);
#5187=EDGE_CURVE('',#4317,#4317,#334,.T.);
#5188=EDGE_CURVE('',#4318,#4318,#335,.T.);
#5189=EDGE_CURVE('',#4319,#4320,#1963,.T.);
#5190=EDGE_CURVE('',#4321,#4319,#1964,.T.);
#5191=EDGE_CURVE('',#4322,#4321,#1965,.T.);
#5192=EDGE_CURVE('',#4320,#4322,#1966,.T.);
#5193=EDGE_CURVE('',#4323,#4323,#336,.T.);
#5194=EDGE_CURVE('',#4324,#4325,#1967,.T.);
#5195=EDGE_CURVE('',#4326,#4324,#1968,.T.);
#5196=EDGE_CURVE('',#4327,#4326,#1969,.T.);
#5197=EDGE_CURVE('',#4325,#4327,#1970,.T.);
#5198=EDGE_CURVE('',#4328,#4329,#1971,.T.);
#5199=EDGE_CURVE('',#4330,#4328,#1972,.T.);
#5200=EDGE_CURVE('',#4331,#4330,#1973,.T.);
#5201=EDGE_CURVE('',#4329,#4331,#1974,.T.);
#5202=EDGE_CURVE('',#4332,#4333,#1975,.T.);
#5203=EDGE_CURVE('',#4334,#4332,#1976,.T.);
#5204=EDGE_CURVE('',#4335,#4334,#1977,.T.);
#5205=EDGE_CURVE('',#4333,#4335,#1978,.T.);
#5206=EDGE_CURVE('',#4336,#4337,#1979,.T.);
#5207=EDGE_CURVE('',#4338,#4336,#1980,.T.);
#5208=EDGE_CURVE('',#4339,#4338,#1981,.T.);
#5209=EDGE_CURVE('',#4337,#4339,#1982,.T.);
#5210=EDGE_CURVE('',#4340,#4341,#1983,.T.);
#5211=EDGE_CURVE('',#4342,#4340,#1984,.T.);
#5212=EDGE_CURVE('',#4343,#4342,#1985,.T.);
#5213=EDGE_CURVE('',#4341,#4343,#1986,.T.);
#5214=EDGE_CURVE('',#4344,#4345,#1987,.T.);
#5215=EDGE_CURVE('',#4346,#4344,#1988,.T.);
#5216=EDGE_CURVE('',#4347,#4346,#1989,.T.);
#5217=EDGE_CURVE('',#4345,#4347,#1990,.T.);
#5218=EDGE_CURVE('',#4348,#4349,#1991,.T.);
#5219=EDGE_CURVE('',#4350,#4348,#1992,.T.);
#5220=EDGE_CURVE('',#4351,#4350,#1993,.T.);
#5221=EDGE_CURVE('',#4349,#4351,#1994,.T.);
#5222=EDGE_CURVE('',#4352,#4353,#1995,.T.);
#5223=EDGE_CURVE('',#4354,#4352,#1996,.T.);
#5224=EDGE_CURVE('',#4355,#4354,#1997,.T.);
#5225=EDGE_CURVE('',#4353,#4355,#1998,.T.);
#5226=EDGE_CURVE('',#4356,#4357,#1999,.T.);
#5227=EDGE_CURVE('',#4358,#4356,#2000,.T.);
#5228=EDGE_CURVE('',#4359,#4358,#2001,.T.);
#5229=EDGE_CURVE('',#4357,#4359,#2002,.T.);
#5230=EDGE_CURVE('',#4360,#4360,#337,.T.);
#5231=EDGE_CURVE('',#4361,#4362,#2003,.T.);
#5232=EDGE_CURVE('',#4363,#4361,#2004,.T.);
#5233=EDGE_CURVE('',#4364,#4363,#2005,.T.);
#5234=EDGE_CURVE('',#4362,#4364,#2006,.T.);
#5235=EDGE_CURVE('',#4365,#4366,#2007,.T.);
#5236=EDGE_CURVE('',#4367,#4365,#2008,.T.);
#5237=EDGE_CURVE('',#4368,#4367,#2009,.T.);
#5238=EDGE_CURVE('',#4366,#4368,#2010,.T.);
#5239=EDGE_CURVE('',#4369,#4370,#2011,.T.);
#5240=EDGE_CURVE('',#4371,#4369,#2012,.T.);
#5241=EDGE_CURVE('',#4372,#4371,#2013,.T.);
#5242=EDGE_CURVE('',#4370,#4372,#2014,.T.);
#5243=EDGE_CURVE('',#4373,#4374,#2015,.T.);
#5244=EDGE_CURVE('',#4375,#4373,#2016,.T.);
#5245=EDGE_CURVE('',#4376,#4375,#2017,.T.);
#5246=EDGE_CURVE('',#4374,#4376,#2018,.T.);
#5247=EDGE_CURVE('',#4377,#4378,#2019,.T.);
#5248=EDGE_CURVE('',#4379,#4377,#2020,.T.);
#5249=EDGE_CURVE('',#4380,#4379,#2021,.T.);
#5250=EDGE_CURVE('',#4378,#4380,#2022,.T.);
#5251=EDGE_CURVE('',#4381,#4381,#338,.T.);
#5252=EDGE_CURVE('',#4382,#4383,#2023,.T.);
#5253=EDGE_CURVE('',#4384,#4382,#2024,.T.);
#5254=EDGE_CURVE('',#4385,#4384,#2025,.T.);
#5255=EDGE_CURVE('',#4383,#4385,#2026,.T.);
#5256=EDGE_CURVE('',#4386,#4387,#2027,.T.);
#5257=EDGE_CURVE('',#4388,#4386,#2028,.T.);
#5258=EDGE_CURVE('',#4389,#4388,#2029,.T.);
#5259=EDGE_CURVE('',#4387,#4389,#2030,.T.);
#5260=EDGE_CURVE('',#4390,#4391,#2031,.T.);
#5261=EDGE_CURVE('',#4392,#4390,#2032,.T.);
#5262=EDGE_CURVE('',#4393,#4392,#2033,.T.);
#5263=EDGE_CURVE('',#4391,#4393,#2034,.T.);
#5264=EDGE_CURVE('',#4394,#4395,#2035,.T.);
#5265=EDGE_CURVE('',#4396,#4394,#2036,.T.);
#5266=EDGE_CURVE('',#4397,#4396,#2037,.T.);
#5267=EDGE_CURVE('',#4395,#4397,#2038,.T.);
#5268=EDGE_CURVE('',#4398,#4398,#339,.T.);
#5269=EDGE_CURVE('',#4399,#4400,#2039,.T.);
#5270=EDGE_CURVE('',#4401,#4399,#2040,.T.);
#5271=EDGE_CURVE('',#4402,#4401,#2041,.T.);
#5272=EDGE_CURVE('',#4400,#4402,#2042,.T.);
#5273=EDGE_CURVE('',#4403,#4403,#340,.T.);
#5274=EDGE_CURVE('',#4404,#4405,#2043,.T.);
#5275=EDGE_CURVE('',#4406,#4404,#2044,.T.);
#5276=EDGE_CURVE('',#4407,#4406,#2045,.T.);
#5277=EDGE_CURVE('',#4405,#4407,#2046,.T.);
#5278=EDGE_CURVE('',#4408,#4408,#341,.T.);
#5279=EDGE_CURVE('',#4409,#4410,#2047,.T.);
#5280=EDGE_CURVE('',#4411,#4409,#2048,.T.);
#5281=EDGE_CURVE('',#4412,#4411,#2049,.T.);
#5282=EDGE_CURVE('',#4410,#4412,#2050,.T.);
#5283=EDGE_CURVE('',#4413,#4414,#2051,.T.);
#5284=EDGE_CURVE('',#4415,#4413,#2052,.T.);
#5285=EDGE_CURVE('',#4416,#4415,#2053,.T.);
#5286=EDGE_CURVE('',#4414,#4416,#2054,.T.);
#5287=EDGE_CURVE('',#4417,#4418,#2055,.T.);
#5288=EDGE_CURVE('',#4419,#4417,#2056,.T.);
#5289=EDGE_CURVE('',#4420,#4419,#2057,.T.);
#5290=EDGE_CURVE('',#4418,#4420,#2058,.T.);
#5291=EDGE_CURVE('',#4421,#4421,#342,.T.);
#5292=EDGE_CURVE('',#4422,#4423,#2059,.T.);
#5293=EDGE_CURVE('',#4424,#4422,#2060,.T.);
#5294=EDGE_CURVE('',#4425,#4424,#2061,.T.);
#5295=EDGE_CURVE('',#4423,#4425,#2062,.T.);
#5296=EDGE_CURVE('',#4426,#4427,#2063,.T.);
#5297=EDGE_CURVE('',#4428,#4426,#2064,.T.);
#5298=EDGE_CURVE('',#4429,#4428,#2065,.T.);
#5299=EDGE_CURVE('',#4427,#4429,#2066,.T.);
#5300=EDGE_CURVE('',#4430,#4430,#343,.T.);
#5301=EDGE_CURVE('',#4431,#4432,#2067,.T.);
#5302=EDGE_CURVE('',#4433,#4431,#2068,.T.);
#5303=EDGE_CURVE('',#4434,#4433,#2069,.T.);
#5304=EDGE_CURVE('',#4432,#4434,#2070,.T.);
#5305=EDGE_CURVE('',#4435,#4436,#2071,.T.);
#5306=EDGE_CURVE('',#4437,#4435,#2072,.T.);
#5307=EDGE_CURVE('',#4438,#4437,#2073,.T.);
#5308=EDGE_CURVE('',#4436,#4438,#2074,.T.);
#5309=EDGE_CURVE('',#4439,#4440,#2075,.T.);
#5310=EDGE_CURVE('',#4441,#4439,#2076,.T.);
#5311=EDGE_CURVE('',#4442,#4441,#2077,.T.);
#5312=EDGE_CURVE('',#4440,#4442,#2078,.T.);
#5313=EDGE_CURVE('',#4443,#4444,#2079,.T.);
#5314=EDGE_CURVE('',#4445,#4443,#2080,.T.);
#5315=EDGE_CURVE('',#4446,#4445,#2081,.T.);
#5316=EDGE_CURVE('',#4444,#4446,#2082,.T.);
#5317=EDGE_CURVE('',#4447,#4448,#2083,.T.);
#5318=EDGE_CURVE('',#4449,#4447,#2084,.T.);
#5319=EDGE_CURVE('',#4450,#4449,#2085,.T.);
#5320=EDGE_CURVE('',#4448,#4450,#2086,.T.);
#5321=EDGE_CURVE('',#4451,#4452,#2087,.T.);
#5322=EDGE_CURVE('',#4453,#4451,#2088,.T.);
#5323=EDGE_CURVE('',#4454,#4453,#2089,.T.);
#5324=EDGE_CURVE('',#4452,#4454,#2090,.T.);
#5325=EDGE_CURVE('',#4455,#4456,#2091,.T.);
#5326=EDGE_CURVE('',#4457,#4455,#2092,.T.);
#5327=EDGE_CURVE('',#4458,#4457,#2093,.T.);
#5328=EDGE_CURVE('',#4456,#4458,#2094,.T.);
#5329=EDGE_CURVE('',#4459,#4460,#2095,.T.);
#5330=EDGE_CURVE('',#4461,#4459,#2096,.T.);
#5331=EDGE_CURVE('',#4462,#4461,#2097,.T.);
#5332=EDGE_CURVE('',#4460,#4462,#2098,.T.);
#5333=EDGE_CURVE('',#4463,#4464,#2099,.T.);
#5334=EDGE_CURVE('',#4465,#4463,#2100,.T.);
#5335=EDGE_CURVE('',#4466,#4465,#2101,.T.);
#5336=EDGE_CURVE('',#4464,#4466,#2102,.T.);
#5337=EDGE_CURVE('',#4467,#4468,#2103,.T.);
#5338=EDGE_CURVE('',#4469,#4467,#2104,.T.);
#5339=EDGE_CURVE('',#4470,#4469,#2105,.T.);
#5340=EDGE_CURVE('',#4468,#4470,#2106,.T.);
#5341=EDGE_CURVE('',#4471,#4472,#2107,.T.);
#5342=EDGE_CURVE('',#4473,#4471,#2108,.T.);
#5343=EDGE_CURVE('',#4474,#4473,#2109,.T.);
#5344=EDGE_CURVE('',#4472,#4474,#2110,.T.);
#5345=EDGE_CURVE('',#4475,#4476,#2111,.T.);
#5346=EDGE_CURVE('',#4477,#4475,#2112,.T.);
#5347=EDGE_CURVE('',#4478,#4477,#2113,.T.);
#5348=EDGE_CURVE('',#4476,#4478,#2114,.T.);
#5349=EDGE_CURVE('',#4479,#4480,#2115,.T.);
#5350=EDGE_CURVE('',#4481,#4479,#2116,.T.);
#5351=EDGE_CURVE('',#4482,#4481,#2117,.T.);
#5352=EDGE_CURVE('',#4480,#4482,#2118,.T.);
#5353=EDGE_CURVE('',#4483,#4484,#2119,.T.);
#5354=EDGE_CURVE('',#4485,#4483,#2120,.T.);
#5355=EDGE_CURVE('',#4486,#4485,#2121,.T.);
#5356=EDGE_CURVE('',#4484,#4486,#2122,.T.);
#5357=EDGE_CURVE('',#4487,#4488,#2123,.T.);
#5358=EDGE_CURVE('',#4489,#4487,#2124,.T.);
#5359=EDGE_CURVE('',#4490,#4489,#2125,.T.);
#5360=EDGE_CURVE('',#4488,#4490,#2126,.T.);
#5361=EDGE_CURVE('',#4491,#4492,#2127,.T.);
#5362=EDGE_CURVE('',#4493,#4491,#2128,.T.);
#5363=EDGE_CURVE('',#4494,#4493,#2129,.T.);
#5364=EDGE_CURVE('',#4492,#4494,#2130,.T.);
#5365=EDGE_CURVE('',#4495,#4496,#2131,.T.);
#5366=EDGE_CURVE('',#4497,#4495,#2132,.T.);
#5367=EDGE_CURVE('',#4498,#4497,#2133,.T.);
#5368=EDGE_CURVE('',#4496,#4498,#2134,.T.);
#5369=EDGE_CURVE('',#4499,#4500,#2135,.T.);
#5370=EDGE_CURVE('',#4501,#4499,#2136,.T.);
#5371=EDGE_CURVE('',#4502,#4501,#2137,.T.);
#5372=EDGE_CURVE('',#4500,#4502,#2138,.T.);
#5373=EDGE_CURVE('',#4503,#4504,#2139,.T.);
#5374=EDGE_CURVE('',#4505,#4503,#2140,.T.);
#5375=EDGE_CURVE('',#4506,#4505,#2141,.T.);
#5376=EDGE_CURVE('',#4504,#4506,#2142,.T.);
#5377=EDGE_CURVE('',#4507,#4508,#2143,.T.);
#5378=EDGE_CURVE('',#4509,#4507,#2144,.T.);
#5379=EDGE_CURVE('',#4510,#4509,#2145,.T.);
#5380=EDGE_CURVE('',#4508,#4510,#2146,.T.);
#5381=EDGE_CURVE('',#4511,#4512,#2147,.T.);
#5382=EDGE_CURVE('',#4513,#4511,#2148,.T.);
#5383=EDGE_CURVE('',#4514,#4513,#2149,.T.);
#5384=EDGE_CURVE('',#4512,#4514,#2150,.T.);
#5385=EDGE_CURVE('',#4515,#4516,#2151,.T.);
#5386=EDGE_CURVE('',#4517,#4515,#2152,.T.);
#5387=EDGE_CURVE('',#4518,#4517,#2153,.T.);
#5388=EDGE_CURVE('',#4516,#4518,#2154,.T.);
#5389=EDGE_CURVE('',#4519,#4520,#2155,.T.);
#5390=EDGE_CURVE('',#4521,#4519,#2156,.T.);
#5391=EDGE_CURVE('',#4522,#4521,#2157,.T.);
#5392=EDGE_CURVE('',#4520,#4522,#2158,.T.);
#5393=EDGE_CURVE('',#4523,#4524,#2159,.T.);
#5394=EDGE_CURVE('',#4525,#4523,#2160,.T.);
#5395=EDGE_CURVE('',#4526,#4525,#2161,.T.);
#5396=EDGE_CURVE('',#4524,#4526,#2162,.T.);
#5397=EDGE_CURVE('',#4527,#4528,#2163,.T.);
#5398=EDGE_CURVE('',#4529,#4527,#2164,.T.);
#5399=EDGE_CURVE('',#4530,#4529,#2165,.T.);
#5400=EDGE_CURVE('',#4528,#4530,#2166,.T.);
#5401=EDGE_CURVE('',#4531,#4532,#2167,.T.);
#5402=EDGE_CURVE('',#4533,#4531,#2168,.T.);
#5403=EDGE_CURVE('',#4534,#4533,#2169,.T.);
#5404=EDGE_CURVE('',#4532,#4534,#2170,.T.);
#5405=EDGE_CURVE('',#4535,#4536,#2171,.T.);
#5406=EDGE_CURVE('',#4537,#4535,#2172,.T.);
#5407=EDGE_CURVE('',#4538,#4537,#2173,.T.);
#5408=EDGE_CURVE('',#4536,#4538,#2174,.T.);
#5409=EDGE_CURVE('',#4539,#4540,#2175,.T.);
#5410=EDGE_CURVE('',#4541,#4539,#2176,.T.);
#5411=EDGE_CURVE('',#4542,#4541,#2177,.T.);
#5412=EDGE_CURVE('',#4540,#4542,#2178,.T.);
#5413=EDGE_CURVE('',#4543,#4544,#2179,.T.);
#5414=EDGE_CURVE('',#4545,#4543,#2180,.T.);
#5415=EDGE_CURVE('',#4546,#4545,#2181,.T.);
#5416=EDGE_CURVE('',#4544,#4546,#2182,.T.);
#5417=EDGE_CURVE('',#4547,#4548,#2183,.T.);
#5418=EDGE_CURVE('',#4549,#4547,#2184,.T.);
#5419=EDGE_CURVE('',#4550,#4549,#2185,.T.);
#5420=EDGE_CURVE('',#4548,#4550,#2186,.T.);
#5421=EDGE_CURVE('',#4551,#4552,#2187,.T.);
#5422=EDGE_CURVE('',#4553,#4551,#2188,.T.);
#5423=EDGE_CURVE('',#4554,#4553,#2189,.T.);
#5424=EDGE_CURVE('',#4552,#4554,#2190,.T.);
#5425=EDGE_CURVE('',#4555,#4556,#2191,.T.);
#5426=EDGE_CURVE('',#4557,#4555,#2192,.T.);
#5427=EDGE_CURVE('',#4558,#4557,#2193,.T.);
#5428=EDGE_CURVE('',#4556,#4558,#2194,.T.);
#5429=EDGE_CURVE('',#4559,#4560,#2195,.T.);
#5430=EDGE_CURVE('',#4561,#4559,#2196,.T.);
#5431=EDGE_CURVE('',#4562,#4561,#2197,.T.);
#5432=EDGE_CURVE('',#4560,#4562,#2198,.T.);
#5433=EDGE_CURVE('',#4563,#4564,#2199,.T.);
#5434=EDGE_CURVE('',#4565,#4563,#2200,.T.);
#5435=EDGE_CURVE('',#4566,#4565,#2201,.T.);
#5436=EDGE_CURVE('',#4564,#4566,#2202,.T.);
#5437=EDGE_CURVE('',#4567,#4568,#2203,.T.);
#5438=EDGE_CURVE('',#4569,#4567,#2204,.T.);
#5439=EDGE_CURVE('',#4570,#4569,#2205,.T.);
#5440=EDGE_CURVE('',#4568,#4570,#2206,.T.);
#5441=EDGE_CURVE('',#4571,#4572,#2207,.T.);
#5442=EDGE_CURVE('',#4573,#4571,#2208,.T.);
#5443=EDGE_CURVE('',#4574,#4573,#2209,.T.);
#5444=EDGE_CURVE('',#4572,#4574,#2210,.T.);
#5445=EDGE_CURVE('',#4575,#4576,#2211,.T.);
#5446=EDGE_CURVE('',#4577,#4575,#2212,.T.);
#5447=EDGE_CURVE('',#4578,#4577,#2213,.T.);
#5448=EDGE_CURVE('',#4576,#4578,#2214,.T.);
#5449=EDGE_CURVE('',#4579,#4580,#2215,.T.);
#5450=EDGE_CURVE('',#4581,#4579,#2216,.T.);
#5451=EDGE_CURVE('',#4582,#4581,#2217,.T.);
#5452=EDGE_CURVE('',#4580,#4582,#2218,.T.);
#5453=EDGE_CURVE('',#4583,#4584,#2219,.T.);
#5454=EDGE_CURVE('',#4585,#4583,#2220,.T.);
#5455=EDGE_CURVE('',#4586,#4585,#2221,.T.);
#5456=EDGE_CURVE('',#4584,#4586,#2222,.T.);
#5457=EDGE_CURVE('',#4587,#4588,#2223,.T.);
#5458=EDGE_CURVE('',#4589,#4587,#2224,.T.);
#5459=EDGE_CURVE('',#4590,#4589,#2225,.T.);
#5460=EDGE_CURVE('',#4588,#4590,#2226,.T.);
#5461=EDGE_CURVE('',#4591,#4592,#2227,.T.);
#5462=EDGE_CURVE('',#4593,#4591,#2228,.T.);
#5463=EDGE_CURVE('',#4594,#4593,#2229,.T.);
#5464=EDGE_CURVE('',#4592,#4594,#2230,.T.);
#5465=EDGE_CURVE('',#4595,#4596,#2231,.T.);
#5466=EDGE_CURVE('',#4597,#4595,#2232,.T.);
#5467=EDGE_CURVE('',#4598,#4597,#2233,.T.);
#5468=EDGE_CURVE('',#4596,#4598,#2234,.T.);
#5469=EDGE_CURVE('',#4599,#4600,#2235,.T.);
#5470=EDGE_CURVE('',#4601,#4599,#2236,.T.);
#5471=EDGE_CURVE('',#4602,#4601,#2237,.T.);
#5472=EDGE_CURVE('',#4600,#4602,#2238,.T.);
#5473=EDGE_CURVE('',#4603,#4604,#2239,.T.);
#5474=EDGE_CURVE('',#4605,#4603,#2240,.T.);
#5475=EDGE_CURVE('',#4606,#4605,#2241,.T.);
#5476=EDGE_CURVE('',#4604,#4606,#2242,.T.);
#5477=EDGE_CURVE('',#4607,#4608,#2243,.T.);
#5478=EDGE_CURVE('',#4609,#4607,#2244,.T.);
#5479=EDGE_CURVE('',#4610,#4609,#2245,.T.);
#5480=EDGE_CURVE('',#4608,#4610,#2246,.T.);
#5481=EDGE_CURVE('',#4611,#4612,#2247,.T.);
#5482=EDGE_CURVE('',#4613,#4611,#2248,.T.);
#5483=EDGE_CURVE('',#4614,#4613,#2249,.T.);
#5484=EDGE_CURVE('',#4612,#4614,#2250,.T.);
#5485=EDGE_CURVE('',#4615,#4616,#2251,.T.);
#5486=EDGE_CURVE('',#4617,#4615,#2252,.T.);
#5487=EDGE_CURVE('',#4618,#4617,#2253,.T.);
#5488=EDGE_CURVE('',#4616,#4618,#2254,.T.);
#5489=EDGE_CURVE('',#4619,#4620,#2255,.T.);
#5490=EDGE_CURVE('',#4621,#4619,#2256,.T.);
#5491=EDGE_CURVE('',#4622,#4621,#2257,.T.);
#5492=EDGE_CURVE('',#4620,#4622,#2258,.T.);
#5493=EDGE_CURVE('',#4623,#4624,#2259,.T.);
#5494=EDGE_CURVE('',#4625,#4623,#2260,.T.);
#5495=EDGE_CURVE('',#4626,#4625,#2261,.T.);
#5496=EDGE_CURVE('',#4624,#4626,#2262,.T.);
#5497=EDGE_CURVE('',#4627,#4628,#2263,.T.);
#5498=EDGE_CURVE('',#4629,#4627,#2264,.T.);
#5499=EDGE_CURVE('',#4630,#4629,#2265,.T.);
#5500=EDGE_CURVE('',#4628,#4630,#2266,.T.);
#5501=EDGE_CURVE('',#4631,#4632,#2267,.T.);
#5502=EDGE_CURVE('',#4633,#4631,#2268,.T.);
#5503=EDGE_CURVE('',#4634,#4633,#2269,.T.);
#5504=EDGE_CURVE('',#4632,#4634,#2270,.T.);
#5505=EDGE_CURVE('',#4635,#4636,#2271,.T.);
#5506=EDGE_CURVE('',#4637,#4635,#2272,.T.);
#5507=EDGE_CURVE('',#4638,#4637,#2273,.T.);
#5508=EDGE_CURVE('',#4636,#4638,#2274,.T.);
#5509=EDGE_CURVE('',#3967,#4307,#2275,.T.);
#5510=EDGE_CURVE('',#3970,#4306,#2276,.T.);
#5511=EDGE_CURVE('',#4305,#3971,#2277,.T.);
#5512=EDGE_CURVE('',#3966,#4308,#2278,.T.);
#5513=EDGE_CURVE('',#4309,#3972,#2279,.T.);
#5514=EDGE_CURVE('',#4311,#3975,#2280,.T.);
#5515=EDGE_CURVE('',#4312,#3974,#2281,.T.);
#5516=EDGE_CURVE('',#4310,#3973,#2282,.T.);
#5517=EDGE_CURVE('',#4313,#3976,#2283,.T.);
#5518=EDGE_CURVE('',#4315,#3979,#2284,.T.);
#5519=EDGE_CURVE('',#4316,#3978,#2285,.T.);
#5520=EDGE_CURVE('',#4314,#3977,#2286,.T.);
#5521=EDGE_CURVE('',#3980,#4317,#2287,.T.);
#5522=EDGE_CURVE('',#3981,#4318,#2288,.T.);
#5523=EDGE_CURVE('',#4319,#3982,#2289,.T.);
#5524=EDGE_CURVE('',#4321,#3985,#2290,.T.);
#5525=EDGE_CURVE('',#4322,#3984,#2291,.T.);
#5526=EDGE_CURVE('',#4320,#3983,#2292,.T.);
#5527=EDGE_CURVE('',#3986,#4323,#2293,.T.);
#5528=EDGE_CURVE('',#4324,#3987,#2294,.T.);
#5529=EDGE_CURVE('',#4326,#3990,#2295,.T.);
#5530=EDGE_CURVE('',#4327,#3989,#2296,.T.);
#5531=EDGE_CURVE('',#4325,#3988,#2297,.T.);
#5532=EDGE_CURVE('',#4328,#3991,#2298,.T.);
#5533=EDGE_CURVE('',#4330,#3994,#2299,.T.);
#5534=EDGE_CURVE('',#4331,#3993,#2300,.T.);
#5535=EDGE_CURVE('',#4329,#3992,#2301,.T.);
#5536=EDGE_CURVE('',#4332,#3995,#2302,.T.);
#5537=EDGE_CURVE('',#4334,#3998,#2303,.T.);
#5538=EDGE_CURVE('',#4335,#3997,#2304,.T.);
#5539=EDGE_CURVE('',#4333,#3996,#2305,.T.);
#5540=EDGE_CURVE('',#4336,#3999,#2306,.T.);
#5541=EDGE_CURVE('',#4338,#4002,#2307,.T.);
#5542=EDGE_CURVE('',#4339,#4001,#2308,.T.);
#5543=EDGE_CURVE('',#4337,#4000,#2309,.T.);
#5544=EDGE_CURVE('',#4340,#4003,#2310,.T.);
#5545=EDGE_CURVE('',#4342,#4006,#2311,.T.);
#5546=EDGE_CURVE('',#4343,#4005,#2312,.T.);
#5547=EDGE_CURVE('',#4341,#4004,#2313,.T.);
#5548=EDGE_CURVE('',#4344,#4007,#2314,.T.);
#5549=EDGE_CURVE('',#4346,#4010,#2315,.T.);
#5550=EDGE_CURVE('',#4347,#4009,#2316,.T.);
#5551=EDGE_CURVE('',#4345,#4008,#2317,.T.);
#5552=EDGE_CURVE('',#4348,#4011,#2318,.T.);
#5553=EDGE_CURVE('',#4350,#4014,#2319,.T.);
#5554=EDGE_CURVE('',#4351,#4013,#2320,.T.);
#5555=EDGE_CURVE('',#4349,#4012,#2321,.T.);
#5556=EDGE_CURVE('',#4352,#4015,#2322,.T.);
#5557=EDGE_CURVE('',#4354,#4018,#2323,.T.);
#5558=EDGE_CURVE('',#4355,#4017,#2324,.T.);
#5559=EDGE_CURVE('',#4353,#4016,#2325,.T.);
#5560=EDGE_CURVE('',#4356,#4019,#2326,.T.);
#5561=EDGE_CURVE('',#4358,#4022,#2327,.T.);
#5562=EDGE_CURVE('',#4359,#4021,#2328,.T.);
#5563=EDGE_CURVE('',#4357,#4020,#2329,.T.);
#5564=EDGE_CURVE('',#4023,#4360,#2330,.T.);
#5565=EDGE_CURVE('',#4361,#4024,#2331,.T.);
#5566=EDGE_CURVE('',#4363,#4027,#2332,.T.);
#5567=EDGE_CURVE('',#4364,#4026,#2333,.T.);
#5568=EDGE_CURVE('',#4362,#4025,#2334,.T.);
#5569=EDGE_CURVE('',#4365,#4028,#2335,.T.);
#5570=EDGE_CURVE('',#4367,#4031,#2336,.T.);
#5571=EDGE_CURVE('',#4368,#4030,#2337,.T.);
#5572=EDGE_CURVE('',#4366,#4029,#2338,.T.);
#5573=EDGE_CURVE('',#4369,#4032,#2339,.T.);
#5574=EDGE_CURVE('',#4371,#4035,#2340,.T.);
#5575=EDGE_CURVE('',#4372,#4034,#2341,.T.);
#5576=EDGE_CURVE('',#4370,#4033,#2342,.T.);
#5577=EDGE_CURVE('',#4373,#4036,#2343,.T.);
#5578=EDGE_CURVE('',#4375,#4039,#2344,.T.);
#5579=EDGE_CURVE('',#4376,#4038,#2345,.T.);
#5580=EDGE_CURVE('',#4374,#4037,#2346,.T.);
#5581=EDGE_CURVE('',#4377,#4040,#2347,.T.);
#5582=EDGE_CURVE('',#4379,#4043,#2348,.T.);
#5583=EDGE_CURVE('',#4380,#4042,#2349,.T.);
#5584=EDGE_CURVE('',#4378,#4041,#2350,.T.);
#5585=EDGE_CURVE('',#4044,#4381,#2351,.T.);
#5586=EDGE_CURVE('',#4382,#4045,#2352,.T.);
#5587=EDGE_CURVE('',#4384,#4048,#2353,.T.);
#5588=EDGE_CURVE('',#4385,#4047,#2354,.T.);
#5589=EDGE_CURVE('',#4383,#4046,#2355,.T.);
#5590=EDGE_CURVE('',#4386,#4049,#2356,.T.);
#5591=EDGE_CURVE('',#4388,#4052,#2357,.T.);
#5592=EDGE_CURVE('',#4389,#4051,#2358,.T.);
#5593=EDGE_CURVE('',#4387,#4050,#2359,.T.);
#5594=EDGE_CURVE('',#4390,#4053,#2360,.T.);
#5595=EDGE_CURVE('',#4392,#4056,#2361,.T.);
#5596=EDGE_CURVE('',#4393,#4055,#2362,.T.);
#5597=EDGE_CURVE('',#4391,#4054,#2363,.T.);
#5598=EDGE_CURVE('',#4394,#4057,#2364,.T.);
#5599=EDGE_CURVE('',#4396,#4060,#2365,.T.);
#5600=EDGE_CURVE('',#4397,#4059,#2366,.T.);
#5601=EDGE_CURVE('',#4395,#4058,#2367,.T.);
#5602=EDGE_CURVE('',#4061,#4398,#2368,.T.);
#5603=EDGE_CURVE('',#4399,#4062,#2369,.T.);
#5604=EDGE_CURVE('',#4401,#4065,#2370,.T.);
#5605=EDGE_CURVE('',#4402,#4064,#2371,.T.);
#5606=EDGE_CURVE('',#4400,#4063,#2372,.T.);
#5607=EDGE_CURVE('',#4066,#4403,#2373,.T.);
#5608=EDGE_CURVE('',#4404,#4067,#2374,.T.);
#5609=EDGE_CURVE('',#4406,#4070,#2375,.T.);
#5610=EDGE_CURVE('',#4407,#4069,#2376,.T.);
#5611=EDGE_CURVE('',#4405,#4068,#2377,.T.);
#5612=EDGE_CURVE('',#4071,#4408,#2378,.T.);
#5613=EDGE_CURVE('',#4409,#4072,#2379,.T.);
#5614=EDGE_CURVE('',#4411,#4075,#2380,.T.);
#5615=EDGE_CURVE('',#4412,#4074,#2381,.T.);
#5616=EDGE_CURVE('',#4410,#4073,#2382,.T.);
#5617=EDGE_CURVE('',#4413,#4076,#2383,.T.);
#5618=EDGE_CURVE('',#4415,#4079,#2384,.T.);
#5619=EDGE_CURVE('',#4416,#4078,#2385,.T.);
#5620=EDGE_CURVE('',#4414,#4077,#2386,.T.);
#5621=EDGE_CURVE('',#4417,#4080,#2387,.T.);
#5622=EDGE_CURVE('',#4419,#4083,#2388,.T.);
#5623=EDGE_CURVE('',#4420,#4082,#2389,.T.);
#5624=EDGE_CURVE('',#4418,#4081,#2390,.T.);
#5625=EDGE_CURVE('',#4084,#4421,#2391,.T.);
#5626=EDGE_CURVE('',#4422,#4085,#2392,.T.);
#5627=EDGE_CURVE('',#4424,#4088,#2393,.T.);
#5628=EDGE_CURVE('',#4425,#4087,#2394,.T.);
#5629=EDGE_CURVE('',#4423,#4086,#2395,.T.);
#5630=EDGE_CURVE('',#4426,#4089,#2396,.T.);
#5631=EDGE_CURVE('',#4428,#4092,#2397,.T.);
#5632=EDGE_CURVE('',#4429,#4091,#2398,.T.);
#5633=EDGE_CURVE('',#4427,#4090,#2399,.T.);
#5634=EDGE_CURVE('',#4093,#4430,#2400,.T.);
#5635=EDGE_CURVE('',#4431,#4094,#2401,.T.);
#5636=EDGE_CURVE('',#4433,#4097,#2402,.T.);
#5637=EDGE_CURVE('',#4434,#4096,#2403,.T.);
#5638=EDGE_CURVE('',#4432,#4095,#2404,.T.);
#5639=EDGE_CURVE('',#4435,#4098,#2405,.T.);
#5640=EDGE_CURVE('',#4437,#4101,#2406,.T.);
#5641=EDGE_CURVE('',#4438,#4100,#2407,.T.);
#5642=EDGE_CURVE('',#4436,#4099,#2408,.T.);
#5643=EDGE_CURVE('',#4439,#4102,#2409,.T.);
#5644=EDGE_CURVE('',#4441,#4105,#2410,.T.);
#5645=EDGE_CURVE('',#4442,#4104,#2411,.T.);
#5646=EDGE_CURVE('',#4440,#4103,#2412,.T.);
#5647=EDGE_CURVE('',#4443,#4106,#2413,.T.);
#5648=EDGE_CURVE('',#4445,#4109,#2414,.T.);
#5649=EDGE_CURVE('',#4446,#4108,#2415,.T.);
#5650=EDGE_CURVE('',#4444,#4107,#2416,.T.);
#5651=EDGE_CURVE('',#4447,#4110,#2417,.T.);
#5652=EDGE_CURVE('',#4449,#4113,#2418,.T.);
#5653=EDGE_CURVE('',#4450,#4112,#2419,.T.);
#5654=EDGE_CURVE('',#4448,#4111,#2420,.T.);
#5655=EDGE_CURVE('',#4451,#4114,#2421,.T.);
#5656=EDGE_CURVE('',#4453,#4117,#2422,.T.);
#5657=EDGE_CURVE('',#4454,#4116,#2423,.T.);
#5658=EDGE_CURVE('',#4452,#4115,#2424,.T.);
#5659=EDGE_CURVE('',#4455,#4118,#2425,.T.);
#5660=EDGE_CURVE('',#4457,#4121,#2426,.T.);
#5661=EDGE_CURVE('',#4458,#4120,#2427,.T.);
#5662=EDGE_CURVE('',#4456,#4119,#2428,.T.);
#5663=EDGE_CURVE('',#4459,#4122,#2429,.T.);
#5664=EDGE_CURVE('',#4461,#4125,#2430,.T.);
#5665=EDGE_CURVE('',#4462,#4124,#2431,.T.);
#5666=EDGE_CURVE('',#4460,#4123,#2432,.T.);
#5667=EDGE_CURVE('',#4463,#4126,#2433,.T.);
#5668=EDGE_CURVE('',#4465,#4129,#2434,.T.);
#5669=EDGE_CURVE('',#4466,#4128,#2435,.T.);
#5670=EDGE_CURVE('',#4464,#4127,#2436,.T.);
#5671=EDGE_CURVE('',#4467,#4130,#2437,.T.);
#5672=EDGE_CURVE('',#4469,#4133,#2438,.T.);
#5673=EDGE_CURVE('',#4470,#4132,#2439,.T.);
#5674=EDGE_CURVE('',#4468,#4131,#2440,.T.);
#5675=EDGE_CURVE('',#4471,#4134,#2441,.T.);
#5676=EDGE_CURVE('',#4473,#4137,#2442,.T.);
#5677=EDGE_CURVE('',#4474,#4136,#2443,.T.);
#5678=EDGE_CURVE('',#4472,#4135,#2444,.T.);
#5679=EDGE_CURVE('',#4475,#4138,#2445,.T.);
#5680=EDGE_CURVE('',#4477,#4141,#2446,.T.);
#5681=EDGE_CURVE('',#4478,#4140,#2447,.T.);
#5682=EDGE_CURVE('',#4476,#4139,#2448,.T.);
#5683=EDGE_CURVE('',#4479,#4142,#2449,.T.);
#5684=EDGE_CURVE('',#4481,#4145,#2450,.T.);
#5685=EDGE_CURVE('',#4482,#4144,#2451,.T.);
#5686=EDGE_CURVE('',#4480,#4143,#2452,.T.);
#5687=EDGE_CURVE('',#4483,#4146,#2453,.T.);
#5688=EDGE_CURVE('',#4485,#4149,#2454,.T.);
#5689=EDGE_CURVE('',#4486,#4148,#2455,.T.);
#5690=EDGE_CURVE('',#4484,#4147,#2456,.T.);
#5691=EDGE_CURVE('',#4487,#4150,#2457,.T.);
#5692=EDGE_CURVE('',#4489,#4153,#2458,.T.);
#5693=EDGE_CURVE('',#4490,#4152,#2459,.T.);
#5694=EDGE_CURVE('',#4488,#4151,#2460,.T.);
#5695=EDGE_CURVE('',#4491,#4154,#2461,.T.);
#5696=EDGE_CURVE('',#4493,#4157,#2462,.T.);
#5697=EDGE_CURVE('',#4494,#4156,#2463,.T.);
#5698=EDGE_CURVE('',#4492,#4155,#2464,.T.);
#5699=EDGE_CURVE('',#4495,#4158,#2465,.T.);
#5700=EDGE_CURVE('',#4497,#4161,#2466,.T.);
#5701=EDGE_CURVE('',#4498,#4160,#2467,.T.);
#5702=EDGE_CURVE('',#4496,#4159,#2468,.T.);
#5703=EDGE_CURVE('',#4499,#4162,#2469,.T.);
#5704=EDGE_CURVE('',#4501,#4165,#2470,.T.);
#5705=EDGE_CURVE('',#4502,#4164,#2471,.T.);
#5706=EDGE_CURVE('',#4500,#4163,#2472,.T.);
#5707=EDGE_CURVE('',#4503,#4166,#2473,.T.);
#5708=EDGE_CURVE('',#4505,#4169,#2474,.T.);
#5709=EDGE_CURVE('',#4506,#4168,#2475,.T.);
#5710=EDGE_CURVE('',#4504,#4167,#2476,.T.);
#5711=EDGE_CURVE('',#4507,#4170,#2477,.T.);
#5712=EDGE_CURVE('',#4509,#4173,#2478,.T.);
#5713=EDGE_CURVE('',#4510,#4172,#2479,.T.);
#5714=EDGE_CURVE('',#4508,#4171,#2480,.T.);
#5715=EDGE_CURVE('',#4511,#4174,#2481,.T.);
#5716=EDGE_CURVE('',#4513,#4177,#2482,.T.);
#5717=EDGE_CURVE('',#4514,#4176,#2483,.T.);
#5718=EDGE_CURVE('',#4512,#4175,#2484,.T.);
#5719=EDGE_CURVE('',#4515,#4178,#2485,.T.);
#5720=EDGE_CURVE('',#4517,#4181,#2486,.T.);
#5721=EDGE_CURVE('',#4518,#4180,#2487,.T.);
#5722=EDGE_CURVE('',#4516,#4179,#2488,.T.);
#5723=EDGE_CURVE('',#4519,#4182,#2489,.T.);
#5724=EDGE_CURVE('',#4521,#4185,#2490,.T.);
#5725=EDGE_CURVE('',#4522,#4184,#2491,.T.);
#5726=EDGE_CURVE('',#4520,#4183,#2492,.T.);
#5727=EDGE_CURVE('',#4523,#4186,#2493,.T.);
#5728=EDGE_CURVE('',#4525,#4189,#2494,.T.);
#5729=EDGE_CURVE('',#4526,#4188,#2495,.T.);
#5730=EDGE_CURVE('',#4524,#4187,#2496,.T.);
#5731=EDGE_CURVE('',#4527,#4190,#2497,.T.);
#5732=EDGE_CURVE('',#4529,#4193,#2498,.T.);
#5733=EDGE_CURVE('',#4530,#4192,#2499,.T.);
#5734=EDGE_CURVE('',#4528,#4191,#2500,.T.);
#5735=EDGE_CURVE('',#4531,#4194,#2501,.T.);
#5736=EDGE_CURVE('',#4533,#4197,#2502,.T.);
#5737=EDGE_CURVE('',#4534,#4196,#2503,.T.);
#5738=EDGE_CURVE('',#4532,#4195,#2504,.T.);
#5739=EDGE_CURVE('',#4535,#4198,#2505,.T.);
#5740=EDGE_CURVE('',#4537,#4201,#2506,.T.);
#5741=EDGE_CURVE('',#4538,#4200,#2507,.T.);
#5742=EDGE_CURVE('',#4536,#4199,#2508,.T.);
#5743=EDGE_CURVE('',#4539,#4202,#2509,.T.);
#5744=EDGE_CURVE('',#4541,#4205,#2510,.T.);
#5745=EDGE_CURVE('',#4542,#4204,#2511,.T.);
#5746=EDGE_CURVE('',#4540,#4203,#2512,.T.);
#5747=EDGE_CURVE('',#4543,#4206,#2513,.T.);
#5748=EDGE_CURVE('',#4545,#4209,#2514,.T.);
#5749=EDGE_CURVE('',#4546,#4208,#2515,.T.);
#5750=EDGE_CURVE('',#4544,#4207,#2516,.T.);
#5751=EDGE_CURVE('',#4547,#4210,#2517,.T.);
#5752=EDGE_CURVE('',#4549,#4213,#2518,.T.);
#5753=EDGE_CURVE('',#4550,#4212,#2519,.T.);
#5754=EDGE_CURVE('',#4548,#4211,#2520,.T.);
#5755=EDGE_CURVE('',#4551,#4214,#2521,.T.);
#5756=EDGE_CURVE('',#4553,#4217,#2522,.T.);
#5757=EDGE_CURVE('',#4554,#4216,#2523,.T.);
#5758=EDGE_CURVE('',#4552,#4215,#2524,.T.);
#5759=EDGE_CURVE('',#4555,#4218,#2525,.T.);
#5760=EDGE_CURVE('',#4557,#4221,#2526,.T.);
#5761=EDGE_CURVE('',#4558,#4220,#2527,.T.);
#5762=EDGE_CURVE('',#4556,#4219,#2528,.T.);
#5763=EDGE_CURVE('',#4559,#4222,#2529,.T.);
#5764=EDGE_CURVE('',#4561,#4225,#2530,.T.);
#5765=EDGE_CURVE('',#4562,#4224,#2531,.T.);
#5766=EDGE_CURVE('',#4560,#4223,#2532,.T.);
#5767=EDGE_CURVE('',#4563,#4226,#2533,.T.);
#5768=EDGE_CURVE('',#4565,#4229,#2534,.T.);
#5769=EDGE_CURVE('',#4566,#4228,#2535,.T.);
#5770=EDGE_CURVE('',#4564,#4227,#2536,.T.);
#5771=EDGE_CURVE('',#4567,#4230,#2537,.T.);
#5772=EDGE_CURVE('',#4569,#4233,#2538,.T.);
#5773=EDGE_CURVE('',#4570,#4232,#2539,.T.);
#5774=EDGE_CURVE('',#4568,#4231,#2540,.T.);
#5775=EDGE_CURVE('',#4571,#4234,#2541,.T.);
#5776=EDGE_CURVE('',#4573,#4237,#2542,.T.);
#5777=EDGE_CURVE('',#4574,#4236,#2543,.T.);
#5778=EDGE_CURVE('',#4572,#4235,#2544,.T.);
#5779=EDGE_CURVE('',#4575,#4238,#2545,.T.);
#5780=EDGE_CURVE('',#4577,#4241,#2546,.T.);
#5781=EDGE_CURVE('',#4578,#4240,#2547,.T.);
#5782=EDGE_CURVE('',#4576,#4239,#2548,.T.);
#5783=EDGE_CURVE('',#4579,#4242,#2549,.T.);
#5784=EDGE_CURVE('',#4581,#4245,#2550,.T.);
#5785=EDGE_CURVE('',#4582,#4244,#2551,.T.);
#5786=EDGE_CURVE('',#4580,#4243,#2552,.T.);
#5787=EDGE_CURVE('',#4583,#4246,#2553,.T.);
#5788=EDGE_CURVE('',#4585,#4249,#2554,.T.);
#5789=EDGE_CURVE('',#4586,#4248,#2555,.T.);
#5790=EDGE_CURVE('',#4584,#4247,#2556,.T.);
#5791=EDGE_CURVE('',#4587,#4250,#2557,.T.);
#5792=EDGE_CURVE('',#4589,#4253,#2558,.T.);
#5793=EDGE_CURVE('',#4590,#4252,#2559,.T.);
#5794=EDGE_CURVE('',#4588,#4251,#2560,.T.);
#5795=EDGE_CURVE('',#4591,#4254,#2561,.T.);
#5796=EDGE_CURVE('',#4593,#4257,#2562,.T.);
#5797=EDGE_CURVE('',#4594,#4256,#2563,.T.);
#5798=EDGE_CURVE('',#4592,#4255,#2564,.T.);
#5799=EDGE_CURVE('',#4595,#4258,#2565,.T.);
#5800=EDGE_CURVE('',#4597,#4261,#2566,.T.);
#5801=EDGE_CURVE('',#4598,#4260,#2567,.T.);
#5802=EDGE_CURVE('',#4596,#4259,#2568,.T.);
#5803=EDGE_CURVE('',#4599,#4262,#2569,.T.);
#5804=EDGE_CURVE('',#4601,#4265,#2570,.T.);
#5805=EDGE_CURVE('',#4602,#4264,#2571,.T.);
#5806=EDGE_CURVE('',#4600,#4263,#2572,.T.);
#5807=EDGE_CURVE('',#4603,#4266,#2573,.T.);
#5808=EDGE_CURVE('',#4605,#4269,#2574,.T.);
#5809=EDGE_CURVE('',#4606,#4268,#2575,.T.);
#5810=EDGE_CURVE('',#4604,#4267,#2576,.T.);
#5811=EDGE_CURVE('',#4607,#4270,#2577,.T.);
#5812=EDGE_CURVE('',#4609,#4273,#2578,.T.);
#5813=EDGE_CURVE('',#4610,#4272,#2579,.T.);
#5814=EDGE_CURVE('',#4608,#4271,#2580,.T.);
#5815=EDGE_CURVE('',#4611,#4274,#2581,.T.);
#5816=EDGE_CURVE('',#4613,#4277,#2582,.T.);
#5817=EDGE_CURVE('',#4614,#4276,#2583,.T.);
#5818=EDGE_CURVE('',#4612,#4275,#2584,.T.);
#5819=EDGE_CURVE('',#4615,#4278,#2585,.T.);
#5820=EDGE_CURVE('',#4617,#4281,#2586,.T.);
#5821=EDGE_CURVE('',#4618,#4280,#2587,.T.);
#5822=EDGE_CURVE('',#4616,#4279,#2588,.T.);
#5823=EDGE_CURVE('',#4619,#4282,#2589,.T.);
#5824=EDGE_CURVE('',#4621,#4285,#2590,.T.);
#5825=EDGE_CURVE('',#4622,#4284,#2591,.T.);
#5826=EDGE_CURVE('',#4620,#4283,#2592,.T.);
#5827=EDGE_CURVE('',#4623,#4286,#2593,.T.);
#5828=EDGE_CURVE('',#4625,#4289,#2594,.T.);
#5829=EDGE_CURVE('',#4626,#4288,#2595,.T.);
#5830=EDGE_CURVE('',#4624,#4287,#2596,.T.);
#5831=EDGE_CURVE('',#4627,#4290,#2597,.T.);
#5832=EDGE_CURVE('',#4629,#4293,#2598,.T.);
#5833=EDGE_CURVE('',#4630,#4292,#2599,.T.);
#5834=EDGE_CURVE('',#4628,#4291,#2600,.T.);
#5835=EDGE_CURVE('',#4631,#4294,#2601,.T.);
#5836=EDGE_CURVE('',#4633,#4297,#2602,.T.);
#5837=EDGE_CURVE('',#4634,#4296,#2603,.T.);
#5838=EDGE_CURVE('',#4632,#4295,#2604,.T.);
#5839=EDGE_CURVE('',#4635,#4298,#2605,.T.);
#5840=EDGE_CURVE('',#4637,#4301,#2606,.T.);
#5841=EDGE_CURVE('',#4638,#4300,#2607,.T.);
#5842=EDGE_CURVE('',#4636,#4299,#2608,.T.);
#5843=EDGE_CURVE('',#4639,#4640,#2609,.T.);
#5844=EDGE_CURVE('',#4640,#4641,#344,.T.);
#5845=EDGE_CURVE('',#4641,#4642,#2610,.T.);
#5846=EDGE_CURVE('',#4642,#4639,#345,.T.);
#5847=EDGE_CURVE('',#4639,#4643,#2611,.T.);
#5848=EDGE_CURVE('',#4643,#4644,#2612,.T.);
#5849=EDGE_CURVE('',#4644,#4640,#2613,.T.);
#5850=EDGE_CURVE('',#4645,#4646,#2614,.T.);
#5851=EDGE_CURVE('',#4646,#4644,#346,.T.);
#5852=EDGE_CURVE('',#4643,#4645,#347,.T.);
#5853=EDGE_CURVE('',#4645,#4647,#2615,.T.);
#5854=EDGE_CURVE('',#4647,#4648,#2616,.T.);
#5855=EDGE_CURVE('',#4648,#4646,#2617,.T.);
#5856=EDGE_CURVE('',#4649,#4650,#2618,.T.);
#5857=EDGE_CURVE('',#4650,#4648,#348,.T.);
#5858=EDGE_CURVE('',#4647,#4649,#349,.T.);
#5859=EDGE_CURVE('',#4649,#4651,#2619,.T.);
#5860=EDGE_CURVE('',#4651,#4652,#2620,.T.);
#5861=EDGE_CURVE('',#4652,#4650,#2621,.T.);
#5862=EDGE_CURVE('',#4653,#4654,#2622,.T.);
#5863=EDGE_CURVE('',#4654,#4652,#350,.T.);
#5864=EDGE_CURVE('',#4651,#4653,#351,.T.);
#5865=EDGE_CURVE('',#4653,#4655,#2623,.T.);
#5866=EDGE_CURVE('',#4655,#4656,#2624,.T.);
#5867=EDGE_CURVE('',#4656,#4654,#2625,.T.);
#5868=EDGE_CURVE('',#4657,#4658,#2626,.T.);
#5869=EDGE_CURVE('',#4658,#4656,#352,.T.);
#5870=EDGE_CURVE('',#4655,#4657,#353,.T.);
#5871=EDGE_CURVE('',#4657,#4659,#2627,.T.);
#5872=EDGE_CURVE('',#4659,#4660,#2628,.T.);
#5873=EDGE_CURVE('',#4660,#4658,#2629,.T.);
#5874=EDGE_CURVE('',#4661,#4662,#2630,.T.);
#5875=EDGE_CURVE('',#4662,#4660,#354,.T.);
#5876=EDGE_CURVE('',#4659,#4661,#355,.T.);
#5877=EDGE_CURVE('',#4661,#4642,#2631,.T.);
#5878=EDGE_CURVE('',#4641,#4662,#2632,.T.);
#5879=EDGE_CURVE('',#4663,#4656,#2633,.T.);
#5880=EDGE_CURVE('',#4664,#4663,#2634,.T.);
#5881=EDGE_CURVE('',#4654,#4664,#2635,.T.);
#5882=EDGE_CURVE('',#4658,#4665,#2636,.T.);
#5883=EDGE_CURVE('',#4663,#4665,#356,.T.);
#5884=EDGE_CURVE('',#4666,#4660,#2637,.T.);
#5885=EDGE_CURVE('',#4665,#4666,#2638,.T.);
#5886=EDGE_CURVE('',#4662,#4667,#2639,.T.);
#5887=EDGE_CURVE('',#4666,#4667,#357,.T.);
#5888=EDGE_CURVE('',#4668,#4641,#2640,.T.);
#5889=EDGE_CURVE('',#4667,#4668,#2641,.T.);
#5890=EDGE_CURVE('',#4640,#4669,#2642,.T.);
#5891=EDGE_CURVE('',#4668,#4669,#358,.T.);
#5892=EDGE_CURVE('',#4670,#4670,#359,.T.);
#5893=EDGE_CURVE('',#4671,#4671,#360,.T.);
#5894=EDGE_CURVE('',#4672,#4672,#361,.T.);
#5895=EDGE_CURVE('',#4673,#4673,#362,.T.);
#5896=EDGE_CURVE('',#4674,#4674,#363,.T.);
#5897=EDGE_CURVE('',#4675,#4675,#364,.T.);
#5898=EDGE_CURVE('',#4676,#4676,#365,.T.);
#5899=EDGE_CURVE('',#4677,#4677,#366,.T.);
#5900=EDGE_CURVE('',#4678,#4678,#367,.T.);
#5901=EDGE_CURVE('',#4679,#4679,#368,.T.);
#5902=EDGE_CURVE('',#4670,#4680,#2643,.T.);
#5903=EDGE_CURVE('',#4680,#4680,#369,.T.);
#5904=EDGE_CURVE('',#4679,#4681,#2644,.T.);
#5905=EDGE_CURVE('',#4681,#4681,#370,.T.);
#5906=EDGE_CURVE('',#4671,#4682,#2645,.T.);
#5907=EDGE_CURVE('',#4682,#4682,#371,.T.);
#5908=EDGE_CURVE('',#4678,#4683,#2646,.T.);
#5909=EDGE_CURVE('',#4683,#4683,#372,.T.);
#5910=EDGE_CURVE('',#4672,#4684,#2647,.T.);
#5911=EDGE_CURVE('',#4684,#4684,#373,.T.);
#5912=EDGE_CURVE('',#4677,#4685,#2648,.T.);
#5913=EDGE_CURVE('',#4685,#4685,#374,.T.);
#5914=EDGE_CURVE('',#4673,#4686,#2649,.T.);
#5915=EDGE_CURVE('',#4686,#4686,#375,.T.);
#5916=EDGE_CURVE('',#4676,#4687,#2650,.T.);
#5917=EDGE_CURVE('',#4687,#4687,#376,.T.);
#5918=EDGE_CURVE('',#4674,#4688,#2651,.T.);
#5919=EDGE_CURVE('',#4688,#4688,#377,.T.);
#5920=EDGE_CURVE('',#4675,#4689,#2652,.T.);
#5921=EDGE_CURVE('',#4689,#4689,#378,.T.);
#5922=EDGE_CURVE('',#4690,#4691,#2653,.T.);
#5923=EDGE_CURVE('',#4691,#4692,#2654,.T.);
#5924=EDGE_CURVE('',#4692,#4693,#2655,.T.);
#5925=EDGE_CURVE('',#4690,#4693,#2656,.T.);
#5926=EDGE_CURVE('',#4691,#4694,#2657,.T.);
#5927=EDGE_CURVE('',#4694,#4695,#2658,.T.);
#5928=EDGE_CURVE('',#4695,#4692,#2659,.T.);
#5929=EDGE_CURVE('',#4694,#4696,#2660,.T.);
#5930=EDGE_CURVE('',#4696,#4697,#2661,.T.);
#5931=EDGE_CURVE('',#4697,#4695,#2662,.T.);
#5932=EDGE_CURVE('',#4696,#4698,#2663,.T.);
#5933=EDGE_CURVE('',#4698,#4699,#2664,.T.);
#5934=EDGE_CURVE('',#4699,#4697,#2665,.T.);
#5935=EDGE_CURVE('',#4700,#4699,#2666,.T.);
#5936=EDGE_CURVE('',#4698,#4701,#2667,.T.);
#5937=EDGE_CURVE('',#4701,#4700,#2668,.T.);
#5938=EDGE_CURVE('',#4693,#4700,#2669,.T.);
#5939=EDGE_CURVE('',#4701,#4690,#2670,.T.);
#5940=EDGE_CURVE('',#4702,#4700,#2671,.T.);
#5941=EDGE_CURVE('',#4703,#4702,#2672,.T.);
#5942=EDGE_CURVE('',#4699,#4703,#2673,.T.);
#5943=EDGE_CURVE('',#4704,#4693,#2674,.T.);
#5944=EDGE_CURVE('',#4702,#4704,#2675,.T.);
#5945=EDGE_CURVE('',#4705,#4692,#2676,.T.);
#5946=EDGE_CURVE('',#4704,#4705,#2677,.T.);
#5947=EDGE_CURVE('',#4706,#4707,#2678,.T.);
#5948=EDGE_CURVE('',#4708,#4707,#379,.T.);
#5949=EDGE_CURVE('',#4708,#4709,#2679,.T.);
#5950=EDGE_CURVE('',#4710,#4709,#380,.T.);
#5951=EDGE_CURVE('',#4710,#4711,#2680,.T.);
#5952=EDGE_CURVE('',#4712,#4711,#381,.T.);
#5953=EDGE_CURVE('',#4712,#4713,#2681,.T.);
#5954=EDGE_CURVE('',#4706,#4713,#382,.T.);
#5955=EDGE_CURVE('',#4714,#4715,#383,.T.);
#5956=EDGE_CURVE('',#4716,#4714,#2682,.T.);
#5957=EDGE_CURVE('',#4717,#4716,#384,.T.);
#5958=EDGE_CURVE('',#4718,#4717,#2683,.T.);
#5959=EDGE_CURVE('',#4719,#4718,#385,.T.);
#5960=EDGE_CURVE('',#4720,#4719,#2684,.T.);
#5961=EDGE_CURVE('',#4721,#4720,#386,.T.);
#5962=EDGE_CURVE('',#4722,#4721,#2685,.T.);
#5963=EDGE_CURVE('',#4723,#4722,#387,.T.);
#5964=EDGE_CURVE('',#4724,#4723,#2686,.T.);
#5965=EDGE_CURVE('',#4725,#4724,#388,.T.);
#5966=EDGE_CURVE('',#4715,#4725,#2687,.T.);
#5967=EDGE_CURVE('',#4715,#4668,#2688,.T.);
#5968=EDGE_CURVE('',#4669,#4714,#2689,.T.);
#5969=EDGE_CURVE('',#4725,#4667,#2690,.T.);
#5970=EDGE_CURVE('',#4724,#4666,#2691,.T.);
#5971=EDGE_CURVE('',#4723,#4665,#2692,.T.);
#5972=EDGE_CURVE('',#4722,#4663,#2693,.T.);
#5973=EDGE_CURVE('',#4721,#4664,#2694,.T.);
#5974=EDGE_CURVE('',#4720,#4726,#2695,.T.);
#5975=EDGE_CURVE('',#4726,#4664,#389,.T.);
#5976=EDGE_CURVE('',#4719,#4727,#2696,.T.);
#5977=EDGE_CURVE('',#4727,#4726,#2697,.T.);
#5978=EDGE_CURVE('',#4718,#4728,#2698,.T.);
#5979=EDGE_CURVE('',#4728,#4727,#390,.T.);
#5980=EDGE_CURVE('',#4717,#4729,#2699,.T.);
#5981=EDGE_CURVE('',#4729,#4728,#2700,.T.);
#5982=EDGE_CURVE('',#4716,#4730,#2701,.T.);
#5983=EDGE_CURVE('',#4730,#4729,#391,.T.);
#5984=EDGE_CURVE('',#4669,#4730,#2702,.T.);
#5985=EDGE_CURVE('',#4726,#4652,#2703,.T.);
#5986=EDGE_CURVE('',#4650,#4727,#2704,.T.);
#5987=EDGE_CURVE('',#4728,#4648,#2705,.T.);
#5988=EDGE_CURVE('',#4646,#4729,#2706,.T.);
#5989=EDGE_CURVE('',#4731,#4732,#2707,.T.);
#5990=EDGE_CURVE('',#4733,#4732,#392,.T.);
#5991=EDGE_CURVE('',#4733,#4734,#2708,.T.);
#5992=EDGE_CURVE('',#4735,#4734,#393,.T.);
#5993=EDGE_CURVE('',#4735,#4736,#2709,.T.);
#5994=EDGE_CURVE('',#4737,#4736,#394,.T.);
#5995=EDGE_CURVE('',#4737,#4738,#2710,.T.);
#5996=EDGE_CURVE('',#4731,#4738,#395,.T.);
#5997=EDGE_CURVE('',#4730,#4644,#2711,.T.);
#5998=EDGE_CURVE('',#4732,#4706,#2712,.T.);
#5999=EDGE_CURVE('',#4713,#4733,#2713,.T.);
#6000=EDGE_CURVE('',#4707,#4731,#2714,.T.);
#6001=EDGE_CURVE('',#4738,#4708,#2715,.T.);
#6002=EDGE_CURVE('',#4709,#4737,#2716,.T.);
#6003=EDGE_CURVE('',#4736,#4710,#2717,.T.);
#6004=EDGE_CURVE('',#4711,#4735,#2718,.T.);
#6005=EDGE_CURVE('',#4734,#4712,#2719,.T.);
#6006=EDGE_CURVE('',#4705,#4739,#2720,.T.);
#6007=EDGE_CURVE('',#4739,#4740,#2721,.T.);
#6008=EDGE_CURVE('',#4740,#4703,#2722,.T.);
#6009=EDGE_CURVE('',#4739,#4695,#2723,.T.);
#6010=EDGE_CURVE('',#4740,#4697,#2724,.T.);
#6011=EDGE_CURVE('',#4741,#4742,#396,.T.);
#6012=EDGE_CURVE('',#4742,#4743,#2725,.T.);
#6013=EDGE_CURVE('',#4743,#4744,#397,.T.);
#6014=EDGE_CURVE('',#4744,#4741,#2726,.T.);
#6015=EDGE_CURVE('',#4744,#4745,#2727,.T.);
#6016=EDGE_CURVE('',#4746,#4745,#2728,.T.);
#6017=EDGE_CURVE('',#4741,#4746,#2729,.T.);
#6018=EDGE_CURVE('',#4743,#4747,#2730,.T.);
#6019=EDGE_CURVE('',#4748,#4747,#2731,.T.);
#6020=EDGE_CURVE('',#4749,#4748,#2732,.T.);
#6021=EDGE_CURVE('',#4745,#4749,#398,.T.);
#6022=EDGE_CURVE('',#4750,#4750,#399,.T.);
#6023=EDGE_CURVE('',#4751,#4751,#400,.T.);
#6024=EDGE_CURVE('',#4752,#4746,#401,.T.);
#6025=EDGE_CURVE('',#4749,#4752,#2733,.T.);
#6026=EDGE_CURVE('',#4753,#4753,#402,.T.);
#6027=EDGE_CURVE('',#4753,#4751,#2734,.T.);
#6028=EDGE_CURVE('',#4754,#4754,#403,.T.);
#6029=EDGE_CURVE('',#4754,#4750,#2735,.T.);
#6030=EDGE_CURVE('',#4747,#4755,#2736,.T.);
#6031=EDGE_CURVE('',#4756,#4755,#2737,.T.);
#6032=EDGE_CURVE('',#4748,#4756,#2738,.T.);
#6033=EDGE_CURVE('',#4752,#4756,#2739,.T.);
#6034=EDGE_CURVE('',#4755,#4742,#2740,.T.);
#6035=EDGE_CURVE('',#4757,#4758,#2741,.T.);
#6036=EDGE_CURVE('',#4758,#4759,#404,.T.);
#6037=EDGE_CURVE('',#4759,#4760,#2742,.T.);
#6038=EDGE_CURVE('',#4760,#4757,#405,.T.);
#6039=EDGE_CURVE('',#4757,#4761,#406,.T.);
#6040=EDGE_CURVE('',#4761,#4762,#2743,.T.);
#6041=EDGE_CURVE('',#4762,#4758,#407,.T.);
#6042=EDGE_CURVE('',#4763,#4764,#2744,.T.);
#6043=EDGE_CURVE('',#4764,#4762,#408,.T.);
#6044=EDGE_CURVE('',#4761,#4763,#409,.T.);
#6045=EDGE_CURVE('',#4763,#4765,#410,.T.);
#6046=EDGE_CURVE('',#4765,#4766,#2745,.T.);
#6047=EDGE_CURVE('',#4766,#4764,#411,.T.);
#6048=EDGE_CURVE('',#4767,#4768,#2746,.T.);
#6049=EDGE_CURVE('',#4768,#4766,#412,.T.);
#6050=EDGE_CURVE('',#4765,#4767,#413,.T.);
#6051=EDGE_CURVE('',#4767,#4769,#414,.T.);
#6052=EDGE_CURVE('',#4769,#4770,#2747,.T.);
#6053=EDGE_CURVE('',#4770,#4768,#415,.T.);
#6054=EDGE_CURVE('',#4771,#4772,#2748,.T.);
#6055=EDGE_CURVE('',#4772,#4770,#416,.T.);
#6056=EDGE_CURVE('',#4769,#4771,#417,.T.);
#6057=EDGE_CURVE('',#4771,#4773,#418,.T.);
#6058=EDGE_CURVE('',#4773,#4774,#2749,.T.);
#6059=EDGE_CURVE('',#4774,#4772,#419,.T.);
#6060=EDGE_CURVE('',#4775,#4776,#2750,.T.);
#6061=EDGE_CURVE('',#4776,#4774,#420,.T.);
#6062=EDGE_CURVE('',#4773,#4775,#421,.T.);
#6063=EDGE_CURVE('',#4775,#4777,#422,.T.);
#6064=EDGE_CURVE('',#4777,#4778,#2751,.T.);
#6065=EDGE_CURVE('',#4778,#4776,#423,.T.);
#6066=EDGE_CURVE('',#4779,#4780,#2752,.T.);
#6067=EDGE_CURVE('',#4780,#4778,#424,.T.);
#6068=EDGE_CURVE('',#4777,#4779,#425,.T.);
#6069=EDGE_CURVE('',#4779,#4781,#426,.T.);
#6070=EDGE_CURVE('',#4781,#4782,#2753,.T.);
#6071=EDGE_CURVE('',#4782,#4780,#427,.T.);
#6072=EDGE_CURVE('',#4783,#4784,#2754,.T.);
#6073=EDGE_CURVE('',#4784,#4782,#428,.T.);
#6074=EDGE_CURVE('',#4781,#4783,#429,.T.);
#6075=EDGE_CURVE('',#4783,#4785,#430,.T.);
#6076=EDGE_CURVE('',#4785,#4786,#2755,.T.);
#6077=EDGE_CURVE('',#4786,#4784,#431,.T.);
#6078=EDGE_CURVE('',#4787,#4788,#2756,.T.);
#6079=EDGE_CURVE('',#4788,#4786,#432,.T.);
#6080=EDGE_CURVE('',#4785,#4787,#433,.T.);
#6081=EDGE_CURVE('',#4787,#4789,#434,.T.);
#6082=EDGE_CURVE('',#4789,#4790,#2757,.T.);
#6083=EDGE_CURVE('',#4790,#4788,#435,.T.);
#6084=EDGE_CURVE('',#4791,#4792,#2758,.T.);
#6085=EDGE_CURVE('',#4792,#4790,#436,.T.);
#6086=EDGE_CURVE('',#4789,#4791,#437,.T.);
#6087=EDGE_CURVE('',#4791,#4793,#438,.T.);
#6088=EDGE_CURVE('',#4793,#4794,#2759,.T.);
#6089=EDGE_CURVE('',#4794,#4792,#439,.T.);
#6090=EDGE_CURVE('',#4795,#4796,#2760,.T.);
#6091=EDGE_CURVE('',#4796,#4794,#440,.T.);
#6092=EDGE_CURVE('',#4793,#4795,#441,.T.);
#6093=EDGE_CURVE('',#4795,#4760,#442,.T.);
#6094=EDGE_CURVE('',#4759,#4796,#443,.T.);
#6095=EDGE_CURVE('',#4797,#4782,#2761,.T.);
#6096=EDGE_CURVE('',#4798,#4797,#444,.T.);
#6097=EDGE_CURVE('',#4780,#4798,#2762,.T.);
#6098=EDGE_CURVE('',#4784,#4799,#2763,.T.);
#6099=EDGE_CURVE('',#4799,#4797,#445,.T.);
#6100=EDGE_CURVE('',#4800,#4786,#2764,.T.);
#6101=EDGE_CURVE('',#4799,#4800,#446,.T.);
#6102=EDGE_CURVE('',#4788,#4801,#2765,.T.);
#6103=EDGE_CURVE('',#4801,#4800,#447,.T.);
#6104=EDGE_CURVE('',#4802,#4790,#2766,.T.);
#6105=EDGE_CURVE('',#4801,#4802,#448,.T.);
#6106=EDGE_CURVE('',#4792,#4803,#2767,.T.);
#6107=EDGE_CURVE('',#4803,#4802,#449,.T.);
#6108=EDGE_CURVE('',#4804,#4794,#2768,.T.);
#6109=EDGE_CURVE('',#4803,#4804,#450,.T.);
#6110=EDGE_CURVE('',#4796,#4805,#2769,.T.);
#6111=EDGE_CURVE('',#4805,#4804,#451,.T.);
#6112=EDGE_CURVE('',#4806,#4759,#2770,.T.);
#6113=EDGE_CURVE('',#4805,#4806,#452,.T.);
#6114=EDGE_CURVE('',#4758,#4807,#2771,.T.);
#6115=EDGE_CURVE('',#4807,#4806,#453,.T.);
#6116=EDGE_CURVE('',#4807,#4808,#454,.T.);
#6117=EDGE_CURVE('',#4809,#4808,#455,.T.);
#6118=EDGE_CURVE('',#4809,#4810,#456,.T.);
#6119=EDGE_CURVE('',#4811,#4810,#457,.T.);
#6120=EDGE_CURVE('',#4811,#4812,#458,.T.);
#6121=EDGE_CURVE('',#4813,#4812,#459,.T.);
#6122=EDGE_CURVE('',#4813,#4814,#460,.T.);
#6123=EDGE_CURVE('',#4815,#4814,#461,.T.);
#6124=EDGE_CURVE('',#4815,#4816,#462,.T.);
#6125=EDGE_CURVE('',#4798,#4816,#463,.T.);
#6126=EDGE_CURVE('',#4817,#4817,#464,.T.);
#6127=EDGE_CURVE('',#4816,#4778,#2772,.T.);
#6128=EDGE_CURVE('',#4776,#4815,#2773,.T.);
#6129=EDGE_CURVE('',#4814,#4774,#2774,.T.);
#6130=EDGE_CURVE('',#4772,#4813,#2775,.T.);
#6131=EDGE_CURVE('',#4812,#4770,#2776,.T.);
#6132=EDGE_CURVE('',#4768,#4811,#2777,.T.);
#6133=EDGE_CURVE('',#4810,#4766,#2778,.T.);
#6134=EDGE_CURVE('',#4764,#4809,#2779,.T.);
#6135=EDGE_CURVE('',#4808,#4762,#2780,.T.);
#6136=EDGE_CURVE('',#4817,#4818,#2781,.T.);
#6137=EDGE_CURVE('',#4818,#4818,#465,.T.);
#6138=EDGE_CURVE('',#4819,#4820,#2782,.T.);
#6139=EDGE_CURVE('',#4820,#4819,#466,.T.);
#6140=EDGE_CURVE('',#4821,#4822,#467,.T.);
#6141=EDGE_CURVE('',#4822,#4821,#2783,.T.);
#6142=EDGE_CURVE('',#4821,#4819,#2784,.T.);
#6143=EDGE_CURVE('',#4822,#4820,#2785,.T.);
#6144=ORIENTED_EDGE('',*,*,#4823,.F.);
#6145=ORIENTED_EDGE('',*,*,#4824,.T.);
#6146=ORIENTED_EDGE('',*,*,#4825,.F.);
#6147=ORIENTED_EDGE('',*,*,#4826,.F.);
#6148=ORIENTED_EDGE('',*,*,#4827,.F.);
#6149=ORIENTED_EDGE('',*,*,#4828,.F.);
#6150=ORIENTED_EDGE('',*,*,#4829,.F.);
#6151=ORIENTED_EDGE('',*,*,#4824,.F.);
#6152=ORIENTED_EDGE('',*,*,#4827,.T.);
#6153=ORIENTED_EDGE('',*,*,#4823,.T.);
#6154=ORIENTED_EDGE('',*,*,#4830,.T.);
#6155=ORIENTED_EDGE('',*,*,#4831,.T.);
#6156=ORIENTED_EDGE('',*,*,#4832,.T.);
#6157=ORIENTED_EDGE('',*,*,#4833,.T.);
#6158=ORIENTED_EDGE('',*,*,#4834,.F.);
#6159=ORIENTED_EDGE('',*,*,#4835,.T.);
#6160=ORIENTED_EDGE('',*,*,#4836,.F.);
#6161=ORIENTED_EDGE('',*,*,#4837,.F.);
#6162=ORIENTED_EDGE('',*,*,#4838,.T.);
#6163=ORIENTED_EDGE('',*,*,#4839,.T.);
#6164=ORIENTED_EDGE('',*,*,#4840,.T.);
#6165=ORIENTED_EDGE('',*,*,#4841,.T.);
#6166=ORIENTED_EDGE('',*,*,#4842,.T.);
#6167=ORIENTED_EDGE('',*,*,#4843,.T.);
#6168=ORIENTED_EDGE('',*,*,#4844,.T.);
#6169=ORIENTED_EDGE('',*,*,#4845,.T.);
#6170=ORIENTED_EDGE('',*,*,#4846,.T.);
#6171=ORIENTED_EDGE('',*,*,#4847,.T.);
#6172=ORIENTED_EDGE('',*,*,#4848,.T.);
#6173=ORIENTED_EDGE('',*,*,#4849,.T.);
#6174=ORIENTED_EDGE('',*,*,#4850,.T.);
#6175=ORIENTED_EDGE('',*,*,#4851,.T.);
#6176=ORIENTED_EDGE('',*,*,#4852,.T.);
#6177=ORIENTED_EDGE('',*,*,#4853,.T.);
#6178=ORIENTED_EDGE('',*,*,#4854,.T.);
#6179=ORIENTED_EDGE('',*,*,#4855,.T.);
#6180=ORIENTED_EDGE('',*,*,#4856,.T.);
#6181=ORIENTED_EDGE('',*,*,#4857,.T.);
#6182=ORIENTED_EDGE('',*,*,#4858,.T.);
#6183=ORIENTED_EDGE('',*,*,#4859,.T.);
#6184=ORIENTED_EDGE('',*,*,#4860,.T.);
#6185=ORIENTED_EDGE('',*,*,#4861,.T.);
#6186=ORIENTED_EDGE('',*,*,#4862,.T.);
#6187=ORIENTED_EDGE('',*,*,#4863,.T.);
#6188=ORIENTED_EDGE('',*,*,#4864,.T.);
#6189=ORIENTED_EDGE('',*,*,#4865,.T.);
#6190=ORIENTED_EDGE('',*,*,#4866,.T.);
#6191=ORIENTED_EDGE('',*,*,#4867,.T.);
#6192=ORIENTED_EDGE('',*,*,#4868,.T.);
#6193=ORIENTED_EDGE('',*,*,#4869,.T.);
#6194=ORIENTED_EDGE('',*,*,#4870,.T.);
#6195=ORIENTED_EDGE('',*,*,#4871,.T.);
#6196=ORIENTED_EDGE('',*,*,#4872,.T.);
#6197=ORIENTED_EDGE('',*,*,#4873,.T.);
#6198=ORIENTED_EDGE('',*,*,#4874,.T.);
#6199=ORIENTED_EDGE('',*,*,#4875,.T.);
#6200=ORIENTED_EDGE('',*,*,#4876,.T.);
#6201=ORIENTED_EDGE('',*,*,#4877,.T.);
#6202=ORIENTED_EDGE('',*,*,#4878,.T.);
#6203=ORIENTED_EDGE('',*,*,#4879,.T.);
#6204=ORIENTED_EDGE('',*,*,#4880,.T.);
#6205=ORIENTED_EDGE('',*,*,#4881,.T.);
#6206=ORIENTED_EDGE('',*,*,#4882,.T.);
#6207=ORIENTED_EDGE('',*,*,#4883,.T.);
#6208=ORIENTED_EDGE('',*,*,#4884,.T.);
#6209=ORIENTED_EDGE('',*,*,#4885,.T.);
#6210=ORIENTED_EDGE('',*,*,#4886,.T.);
#6211=ORIENTED_EDGE('',*,*,#4887,.T.);
#6212=ORIENTED_EDGE('',*,*,#4888,.T.);
#6213=ORIENTED_EDGE('',*,*,#4889,.T.);
#6214=ORIENTED_EDGE('',*,*,#4890,.T.);
#6215=ORIENTED_EDGE('',*,*,#4891,.T.);
#6216=ORIENTED_EDGE('',*,*,#4892,.T.);
#6217=ORIENTED_EDGE('',*,*,#4893,.T.);
#6218=ORIENTED_EDGE('',*,*,#4894,.T.);
#6219=ORIENTED_EDGE('',*,*,#4895,.T.);
#6220=ORIENTED_EDGE('',*,*,#4896,.T.);
#6221=ORIENTED_EDGE('',*,*,#4897,.T.);
#6222=ORIENTED_EDGE('',*,*,#4898,.T.);
#6223=ORIENTED_EDGE('',*,*,#4899,.T.);
#6224=ORIENTED_EDGE('',*,*,#4900,.T.);
#6225=ORIENTED_EDGE('',*,*,#4901,.T.);
#6226=ORIENTED_EDGE('',*,*,#4902,.T.);
#6227=ORIENTED_EDGE('',*,*,#4903,.T.);
#6228=ORIENTED_EDGE('',*,*,#4904,.T.);
#6229=ORIENTED_EDGE('',*,*,#4905,.T.);
#6230=ORIENTED_EDGE('',*,*,#4906,.T.);
#6231=ORIENTED_EDGE('',*,*,#4907,.T.);
#6232=ORIENTED_EDGE('',*,*,#4908,.T.);
#6233=ORIENTED_EDGE('',*,*,#4909,.T.);
#6234=ORIENTED_EDGE('',*,*,#4910,.T.);
#6235=ORIENTED_EDGE('',*,*,#4911,.T.);
#6236=ORIENTED_EDGE('',*,*,#4912,.T.);
#6237=ORIENTED_EDGE('',*,*,#4913,.T.);
#6238=ORIENTED_EDGE('',*,*,#4914,.T.);
#6239=ORIENTED_EDGE('',*,*,#4915,.T.);
#6240=ORIENTED_EDGE('',*,*,#4916,.T.);
#6241=ORIENTED_EDGE('',*,*,#4917,.T.);
#6242=ORIENTED_EDGE('',*,*,#4918,.T.);
#6243=ORIENTED_EDGE('',*,*,#4919,.T.);
#6244=ORIENTED_EDGE('',*,*,#4920,.T.);
#6245=ORIENTED_EDGE('',*,*,#4921,.T.);
#6246=ORIENTED_EDGE('',*,*,#4922,.T.);
#6247=ORIENTED_EDGE('',*,*,#4923,.T.);
#6248=ORIENTED_EDGE('',*,*,#4924,.T.);
#6249=ORIENTED_EDGE('',*,*,#4925,.T.);
#6250=ORIENTED_EDGE('',*,*,#4926,.T.);
#6251=ORIENTED_EDGE('',*,*,#4927,.T.);
#6252=ORIENTED_EDGE('',*,*,#4928,.T.);
#6253=ORIENTED_EDGE('',*,*,#4929,.T.);
#6254=ORIENTED_EDGE('',*,*,#4930,.T.);
#6255=ORIENTED_EDGE('',*,*,#4931,.T.);
#6256=ORIENTED_EDGE('',*,*,#4932,.T.);
#6257=ORIENTED_EDGE('',*,*,#4933,.T.);
#6258=ORIENTED_EDGE('',*,*,#4934,.T.);
#6259=ORIENTED_EDGE('',*,*,#4935,.T.);
#6260=ORIENTED_EDGE('',*,*,#4936,.T.);
#6261=ORIENTED_EDGE('',*,*,#4937,.T.);
#6262=ORIENTED_EDGE('',*,*,#4938,.T.);
#6263=ORIENTED_EDGE('',*,*,#4939,.T.);
#6264=ORIENTED_EDGE('',*,*,#4940,.T.);
#6265=ORIENTED_EDGE('',*,*,#4941,.T.);
#6266=ORIENTED_EDGE('',*,*,#4942,.T.);
#6267=ORIENTED_EDGE('',*,*,#4943,.T.);
#6268=ORIENTED_EDGE('',*,*,#4944,.T.);
#6269=ORIENTED_EDGE('',*,*,#4945,.T.);
#6270=ORIENTED_EDGE('',*,*,#4946,.T.);
#6271=ORIENTED_EDGE('',*,*,#4947,.T.);
#6272=ORIENTED_EDGE('',*,*,#4948,.T.);
#6273=ORIENTED_EDGE('',*,*,#4949,.T.);
#6274=ORIENTED_EDGE('',*,*,#4950,.T.);
#6275=ORIENTED_EDGE('',*,*,#4951,.T.);
#6276=ORIENTED_EDGE('',*,*,#4952,.T.);
#6277=ORIENTED_EDGE('',*,*,#4953,.T.);
#6278=ORIENTED_EDGE('',*,*,#4954,.T.);
#6279=ORIENTED_EDGE('',*,*,#4955,.T.);
#6280=ORIENTED_EDGE('',*,*,#4956,.T.);
#6281=ORIENTED_EDGE('',*,*,#4957,.T.);
#6282=ORIENTED_EDGE('',*,*,#4958,.T.);
#6283=ORIENTED_EDGE('',*,*,#4959,.T.);
#6284=ORIENTED_EDGE('',*,*,#4960,.T.);
#6285=ORIENTED_EDGE('',*,*,#4961,.T.);
#6286=ORIENTED_EDGE('',*,*,#4962,.T.);
#6287=ORIENTED_EDGE('',*,*,#4963,.T.);
#6288=ORIENTED_EDGE('',*,*,#4964,.T.);
#6289=ORIENTED_EDGE('',*,*,#4965,.T.);
#6290=ORIENTED_EDGE('',*,*,#4966,.T.);
#6291=ORIENTED_EDGE('',*,*,#4967,.T.);
#6292=ORIENTED_EDGE('',*,*,#4968,.T.);
#6293=ORIENTED_EDGE('',*,*,#4969,.T.);
#6294=ORIENTED_EDGE('',*,*,#4970,.T.);
#6295=ORIENTED_EDGE('',*,*,#4971,.T.);
#6296=ORIENTED_EDGE('',*,*,#4972,.T.);
#6297=ORIENTED_EDGE('',*,*,#4973,.T.);
#6298=ORIENTED_EDGE('',*,*,#4974,.T.);
#6299=ORIENTED_EDGE('',*,*,#4975,.T.);
#6300=ORIENTED_EDGE('',*,*,#4976,.T.);
#6301=ORIENTED_EDGE('',*,*,#4977,.T.);
#6302=ORIENTED_EDGE('',*,*,#4978,.T.);
#6303=ORIENTED_EDGE('',*,*,#4979,.T.);
#6304=ORIENTED_EDGE('',*,*,#4980,.T.);
#6305=ORIENTED_EDGE('',*,*,#4981,.T.);
#6306=ORIENTED_EDGE('',*,*,#4982,.T.);
#6307=ORIENTED_EDGE('',*,*,#4983,.T.);
#6308=ORIENTED_EDGE('',*,*,#4984,.T.);
#6309=ORIENTED_EDGE('',*,*,#4985,.T.);
#6310=ORIENTED_EDGE('',*,*,#4986,.T.);
#6311=ORIENTED_EDGE('',*,*,#4987,.T.);
#6312=ORIENTED_EDGE('',*,*,#4988,.T.);
#6313=ORIENTED_EDGE('',*,*,#4989,.T.);
#6314=ORIENTED_EDGE('',*,*,#4990,.T.);
#6315=ORIENTED_EDGE('',*,*,#4991,.T.);
#6316=ORIENTED_EDGE('',*,*,#4992,.T.);
#6317=ORIENTED_EDGE('',*,*,#4993,.T.);
#6318=ORIENTED_EDGE('',*,*,#4994,.T.);
#6319=ORIENTED_EDGE('',*,*,#4995,.T.);
#6320=ORIENTED_EDGE('',*,*,#4996,.T.);
#6321=ORIENTED_EDGE('',*,*,#4997,.T.);
#6322=ORIENTED_EDGE('',*,*,#4998,.T.);
#6323=ORIENTED_EDGE('',*,*,#4999,.T.);
#6324=ORIENTED_EDGE('',*,*,#5000,.T.);
#6325=ORIENTED_EDGE('',*,*,#5001,.T.);
#6326=ORIENTED_EDGE('',*,*,#5002,.T.);
#6327=ORIENTED_EDGE('',*,*,#5003,.T.);
#6328=ORIENTED_EDGE('',*,*,#5004,.T.);
#6329=ORIENTED_EDGE('',*,*,#5005,.T.);
#6330=ORIENTED_EDGE('',*,*,#5006,.T.);
#6331=ORIENTED_EDGE('',*,*,#5007,.T.);
#6332=ORIENTED_EDGE('',*,*,#5008,.T.);
#6333=ORIENTED_EDGE('',*,*,#5009,.T.);
#6334=ORIENTED_EDGE('',*,*,#5010,.T.);
#6335=ORIENTED_EDGE('',*,*,#5011,.T.);
#6336=ORIENTED_EDGE('',*,*,#5012,.T.);
#6337=ORIENTED_EDGE('',*,*,#5013,.T.);
#6338=ORIENTED_EDGE('',*,*,#5014,.T.);
#6339=ORIENTED_EDGE('',*,*,#5015,.T.);
#6340=ORIENTED_EDGE('',*,*,#5016,.T.);
#6341=ORIENTED_EDGE('',*,*,#5017,.T.);
#6342=ORIENTED_EDGE('',*,*,#5018,.T.);
#6343=ORIENTED_EDGE('',*,*,#5019,.T.);
#6344=ORIENTED_EDGE('',*,*,#5020,.T.);
#6345=ORIENTED_EDGE('',*,*,#5021,.T.);
#6346=ORIENTED_EDGE('',*,*,#5022,.T.);
#6347=ORIENTED_EDGE('',*,*,#5023,.T.);
#6348=ORIENTED_EDGE('',*,*,#5024,.T.);
#6349=ORIENTED_EDGE('',*,*,#5025,.T.);
#6350=ORIENTED_EDGE('',*,*,#5026,.T.);
#6351=ORIENTED_EDGE('',*,*,#5027,.T.);
#6352=ORIENTED_EDGE('',*,*,#5028,.T.);
#6353=ORIENTED_EDGE('',*,*,#5029,.T.);
#6354=ORIENTED_EDGE('',*,*,#5030,.T.);
#6355=ORIENTED_EDGE('',*,*,#5031,.T.);
#6356=ORIENTED_EDGE('',*,*,#5032,.T.);
#6357=ORIENTED_EDGE('',*,*,#5033,.T.);
#6358=ORIENTED_EDGE('',*,*,#5034,.T.);
#6359=ORIENTED_EDGE('',*,*,#5035,.T.);
#6360=ORIENTED_EDGE('',*,*,#5036,.T.);
#6361=ORIENTED_EDGE('',*,*,#5037,.T.);
#6362=ORIENTED_EDGE('',*,*,#5038,.T.);
#6363=ORIENTED_EDGE('',*,*,#5039,.T.);
#6364=ORIENTED_EDGE('',*,*,#5040,.T.);
#6365=ORIENTED_EDGE('',*,*,#5041,.T.);
#6366=ORIENTED_EDGE('',*,*,#5042,.T.);
#6367=ORIENTED_EDGE('',*,*,#5043,.T.);
#6368=ORIENTED_EDGE('',*,*,#5044,.T.);
#6369=ORIENTED_EDGE('',*,*,#5045,.T.);
#6370=ORIENTED_EDGE('',*,*,#5046,.T.);
#6371=ORIENTED_EDGE('',*,*,#5047,.T.);
#6372=ORIENTED_EDGE('',*,*,#5048,.T.);
#6373=ORIENTED_EDGE('',*,*,#5049,.T.);
#6374=ORIENTED_EDGE('',*,*,#5050,.T.);
#6375=ORIENTED_EDGE('',*,*,#5051,.T.);
#6376=ORIENTED_EDGE('',*,*,#5052,.T.);
#6377=ORIENTED_EDGE('',*,*,#5053,.T.);
#6378=ORIENTED_EDGE('',*,*,#5054,.T.);
#6379=ORIENTED_EDGE('',*,*,#5055,.T.);
#6380=ORIENTED_EDGE('',*,*,#5056,.T.);
#6381=ORIENTED_EDGE('',*,*,#5057,.T.);
#6382=ORIENTED_EDGE('',*,*,#5058,.T.);
#6383=ORIENTED_EDGE('',*,*,#5059,.T.);
#6384=ORIENTED_EDGE('',*,*,#5060,.T.);
#6385=ORIENTED_EDGE('',*,*,#5061,.T.);
#6386=ORIENTED_EDGE('',*,*,#5062,.T.);
#6387=ORIENTED_EDGE('',*,*,#5063,.T.);
#6388=ORIENTED_EDGE('',*,*,#5064,.T.);
#6389=ORIENTED_EDGE('',*,*,#5065,.T.);
#6390=ORIENTED_EDGE('',*,*,#5066,.T.);
#6391=ORIENTED_EDGE('',*,*,#5067,.T.);
#6392=ORIENTED_EDGE('',*,*,#5068,.T.);
#6393=ORIENTED_EDGE('',*,*,#5069,.T.);
#6394=ORIENTED_EDGE('',*,*,#5070,.T.);
#6395=ORIENTED_EDGE('',*,*,#5071,.T.);
#6396=ORIENTED_EDGE('',*,*,#5072,.T.);
#6397=ORIENTED_EDGE('',*,*,#5073,.T.);
#6398=ORIENTED_EDGE('',*,*,#5074,.T.);
#6399=ORIENTED_EDGE('',*,*,#5075,.T.);
#6400=ORIENTED_EDGE('',*,*,#5076,.T.);
#6401=ORIENTED_EDGE('',*,*,#5077,.T.);
#6402=ORIENTED_EDGE('',*,*,#5078,.T.);
#6403=ORIENTED_EDGE('',*,*,#5079,.T.);
#6404=ORIENTED_EDGE('',*,*,#5080,.T.);
#6405=ORIENTED_EDGE('',*,*,#5081,.T.);
#6406=ORIENTED_EDGE('',*,*,#5082,.T.);
#6407=ORIENTED_EDGE('',*,*,#5083,.T.);
#6408=ORIENTED_EDGE('',*,*,#5084,.T.);
#6409=ORIENTED_EDGE('',*,*,#5085,.T.);
#6410=ORIENTED_EDGE('',*,*,#5086,.T.);
#6411=ORIENTED_EDGE('',*,*,#5087,.T.);
#6412=ORIENTED_EDGE('',*,*,#5088,.T.);
#6413=ORIENTED_EDGE('',*,*,#5089,.T.);
#6414=ORIENTED_EDGE('',*,*,#5090,.T.);
#6415=ORIENTED_EDGE('',*,*,#5091,.T.);
#6416=ORIENTED_EDGE('',*,*,#5092,.T.);
#6417=ORIENTED_EDGE('',*,*,#5093,.T.);
#6418=ORIENTED_EDGE('',*,*,#5094,.T.);
#6419=ORIENTED_EDGE('',*,*,#5095,.T.);
#6420=ORIENTED_EDGE('',*,*,#5096,.T.);
#6421=ORIENTED_EDGE('',*,*,#5097,.T.);
#6422=ORIENTED_EDGE('',*,*,#5098,.T.);
#6423=ORIENTED_EDGE('',*,*,#5099,.T.);
#6424=ORIENTED_EDGE('',*,*,#5100,.T.);
#6425=ORIENTED_EDGE('',*,*,#5101,.T.);
#6426=ORIENTED_EDGE('',*,*,#5102,.T.);
#6427=ORIENTED_EDGE('',*,*,#5103,.T.);
#6428=ORIENTED_EDGE('',*,*,#5104,.T.);
#6429=ORIENTED_EDGE('',*,*,#5105,.T.);
#6430=ORIENTED_EDGE('',*,*,#5106,.T.);
#6431=ORIENTED_EDGE('',*,*,#5107,.T.);
#6432=ORIENTED_EDGE('',*,*,#5108,.T.);
#6433=ORIENTED_EDGE('',*,*,#5109,.T.);
#6434=ORIENTED_EDGE('',*,*,#5110,.T.);
#6435=ORIENTED_EDGE('',*,*,#5111,.T.);
#6436=ORIENTED_EDGE('',*,*,#5112,.T.);
#6437=ORIENTED_EDGE('',*,*,#5113,.T.);
#6438=ORIENTED_EDGE('',*,*,#5114,.T.);
#6439=ORIENTED_EDGE('',*,*,#5115,.T.);
#6440=ORIENTED_EDGE('',*,*,#5116,.T.);
#6441=ORIENTED_EDGE('',*,*,#5117,.T.);
#6442=ORIENTED_EDGE('',*,*,#5118,.T.);
#6443=ORIENTED_EDGE('',*,*,#5119,.T.);
#6444=ORIENTED_EDGE('',*,*,#5120,.T.);
#6445=ORIENTED_EDGE('',*,*,#5121,.T.);
#6446=ORIENTED_EDGE('',*,*,#5122,.T.);
#6447=ORIENTED_EDGE('',*,*,#5123,.T.);
#6448=ORIENTED_EDGE('',*,*,#5124,.T.);
#6449=ORIENTED_EDGE('',*,*,#5125,.T.);
#6450=ORIENTED_EDGE('',*,*,#5126,.T.);
#6451=ORIENTED_EDGE('',*,*,#5127,.T.);
#6452=ORIENTED_EDGE('',*,*,#5128,.T.);
#6453=ORIENTED_EDGE('',*,*,#5129,.T.);
#6454=ORIENTED_EDGE('',*,*,#5130,.T.);
#6455=ORIENTED_EDGE('',*,*,#5131,.T.);
#6456=ORIENTED_EDGE('',*,*,#5132,.T.);
#6457=ORIENTED_EDGE('',*,*,#5133,.T.);
#6458=ORIENTED_EDGE('',*,*,#5134,.T.);
#6459=ORIENTED_EDGE('',*,*,#5135,.T.);
#6460=ORIENTED_EDGE('',*,*,#5136,.T.);
#6461=ORIENTED_EDGE('',*,*,#5137,.T.);
#6462=ORIENTED_EDGE('',*,*,#5138,.T.);
#6463=ORIENTED_EDGE('',*,*,#5139,.T.);
#6464=ORIENTED_EDGE('',*,*,#5140,.T.);
#6465=ORIENTED_EDGE('',*,*,#5141,.T.);
#6466=ORIENTED_EDGE('',*,*,#5142,.T.);
#6467=ORIENTED_EDGE('',*,*,#5143,.T.);
#6468=ORIENTED_EDGE('',*,*,#5144,.T.);
#6469=ORIENTED_EDGE('',*,*,#5145,.T.);
#6470=ORIENTED_EDGE('',*,*,#5146,.T.);
#6471=ORIENTED_EDGE('',*,*,#5147,.T.);
#6472=ORIENTED_EDGE('',*,*,#5148,.T.);
#6473=ORIENTED_EDGE('',*,*,#5149,.T.);
#6474=ORIENTED_EDGE('',*,*,#5150,.T.);
#6475=ORIENTED_EDGE('',*,*,#5151,.T.);
#6476=ORIENTED_EDGE('',*,*,#5152,.T.);
#6477=ORIENTED_EDGE('',*,*,#5153,.T.);
#6478=ORIENTED_EDGE('',*,*,#5154,.T.);
#6479=ORIENTED_EDGE('',*,*,#5155,.T.);
#6480=ORIENTED_EDGE('',*,*,#5156,.T.);
#6481=ORIENTED_EDGE('',*,*,#5157,.T.);
#6482=ORIENTED_EDGE('',*,*,#5158,.T.);
#6483=ORIENTED_EDGE('',*,*,#5159,.T.);
#6484=ORIENTED_EDGE('',*,*,#5160,.T.);
#6485=ORIENTED_EDGE('',*,*,#5161,.T.);
#6486=ORIENTED_EDGE('',*,*,#5162,.T.);
#6487=ORIENTED_EDGE('',*,*,#5163,.T.);
#6488=ORIENTED_EDGE('',*,*,#5164,.T.);
#6489=ORIENTED_EDGE('',*,*,#5165,.T.);
#6490=ORIENTED_EDGE('',*,*,#5166,.T.);
#6491=ORIENTED_EDGE('',*,*,#5167,.T.);
#6492=ORIENTED_EDGE('',*,*,#4826,.T.);
#6493=ORIENTED_EDGE('',*,*,#5168,.F.);
#6494=ORIENTED_EDGE('',*,*,#5169,.T.);
#6495=ORIENTED_EDGE('',*,*,#4830,.F.);
#6496=ORIENTED_EDGE('',*,*,#5170,.T.);
#6497=ORIENTED_EDGE('',*,*,#5171,.T.);
#6498=ORIENTED_EDGE('',*,*,#4834,.T.);
#6499=ORIENTED_EDGE('',*,*,#5172,.T.);
#6500=ORIENTED_EDGE('',*,*,#4829,.T.);
#6501=ORIENTED_EDGE('',*,*,#5173,.T.);
#6502=ORIENTED_EDGE('',*,*,#5174,.F.);
#6503=ORIENTED_EDGE('',*,*,#5175,.T.);
#6504=ORIENTED_EDGE('',*,*,#5170,.F.);
#6505=ORIENTED_EDGE('',*,*,#5176,.T.);
#6506=ORIENTED_EDGE('',*,*,#5177,.F.);
#6507=ORIENTED_EDGE('',*,*,#5178,.T.);
#6508=ORIENTED_EDGE('',*,*,#5168,.T.);
#6509=ORIENTED_EDGE('',*,*,#4825,.T.);
#6510=ORIENTED_EDGE('',*,*,#5179,.F.);
#6511=ORIENTED_EDGE('',*,*,#5180,.F.);
#6512=ORIENTED_EDGE('',*,*,#5181,.F.);
#6513=ORIENTED_EDGE('',*,*,#5182,.F.);
#6514=ORIENTED_EDGE('',*,*,#5183,.F.);
#6515=ORIENTED_EDGE('',*,*,#5184,.F.);
#6516=ORIENTED_EDGE('',*,*,#5185,.F.);
#6517=ORIENTED_EDGE('',*,*,#5186,.F.);
#6518=ORIENTED_EDGE('',*,*,#5187,.F.);
#6519=ORIENTED_EDGE('',*,*,#5188,.F.);
#6520=ORIENTED_EDGE('',*,*,#5189,.F.);
#6521=ORIENTED_EDGE('',*,*,#5190,.F.);
#6522=ORIENTED_EDGE('',*,*,#5191,.F.);
#6523=ORIENTED_EDGE('',*,*,#5192,.F.);
#6524=ORIENTED_EDGE('',*,*,#5193,.F.);
#6525=ORIENTED_EDGE('',*,*,#5194,.F.);
#6526=ORIENTED_EDGE('',*,*,#5195,.F.);
#6527=ORIENTED_EDGE('',*,*,#5196,.F.);
#6528=ORIENTED_EDGE('',*,*,#5197,.F.);
#6529=ORIENTED_EDGE('',*,*,#5198,.F.);
#6530=ORIENTED_EDGE('',*,*,#5199,.F.);
#6531=ORIENTED_EDGE('',*,*,#5200,.F.);
#6532=ORIENTED_EDGE('',*,*,#5201,.F.);
#6533=ORIENTED_EDGE('',*,*,#5202,.F.);
#6534=ORIENTED_EDGE('',*,*,#5203,.F.);
#6535=ORIENTED_EDGE('',*,*,#5204,.F.);
#6536=ORIENTED_EDGE('',*,*,#5205,.F.);
#6537=ORIENTED_EDGE('',*,*,#5206,.F.);
#6538=ORIENTED_EDGE('',*,*,#5207,.F.);
#6539=ORIENTED_EDGE('',*,*,#5208,.F.);
#6540=ORIENTED_EDGE('',*,*,#5209,.F.);
#6541=ORIENTED_EDGE('',*,*,#5210,.F.);
#6542=ORIENTED_EDGE('',*,*,#5211,.F.);
#6543=ORIENTED_EDGE('',*,*,#5212,.F.);
#6544=ORIENTED_EDGE('',*,*,#5213,.F.);
#6545=ORIENTED_EDGE('',*,*,#5214,.F.);
#6546=ORIENTED_EDGE('',*,*,#5215,.F.);
#6547=ORIENTED_EDGE('',*,*,#5216,.F.);
#6548=ORIENTED_EDGE('',*,*,#5217,.F.);
#6549=ORIENTED_EDGE('',*,*,#5218,.F.);
#6550=ORIENTED_EDGE('',*,*,#5219,.F.);
#6551=ORIENTED_EDGE('',*,*,#5220,.F.);
#6552=ORIENTED_EDGE('',*,*,#5221,.F.);
#6553=ORIENTED_EDGE('',*,*,#5222,.F.);
#6554=ORIENTED_EDGE('',*,*,#5223,.F.);
#6555=ORIENTED_EDGE('',*,*,#5224,.F.);
#6556=ORIENTED_EDGE('',*,*,#5225,.F.);
#6557=ORIENTED_EDGE('',*,*,#5226,.F.);
#6558=ORIENTED_EDGE('',*,*,#5227,.F.);
#6559=ORIENTED_EDGE('',*,*,#5228,.F.);
#6560=ORIENTED_EDGE('',*,*,#5229,.F.);
#6561=ORIENTED_EDGE('',*,*,#5230,.F.);
#6562=ORIENTED_EDGE('',*,*,#5231,.F.);
#6563=ORIENTED_EDGE('',*,*,#5232,.F.);
#6564=ORIENTED_EDGE('',*,*,#5233,.F.);
#6565=ORIENTED_EDGE('',*,*,#5234,.F.);
#6566=ORIENTED_EDGE('',*,*,#5235,.F.);
#6567=ORIENTED_EDGE('',*,*,#5236,.F.);
#6568=ORIENTED_EDGE('',*,*,#5237,.F.);
#6569=ORIENTED_EDGE('',*,*,#5238,.F.);
#6570=ORIENTED_EDGE('',*,*,#5239,.F.);
#6571=ORIENTED_EDGE('',*,*,#5240,.F.);
#6572=ORIENTED_EDGE('',*,*,#5241,.F.);
#6573=ORIENTED_EDGE('',*,*,#5242,.F.);
#6574=ORIENTED_EDGE('',*,*,#5243,.F.);
#6575=ORIENTED_EDGE('',*,*,#5244,.F.);
#6576=ORIENTED_EDGE('',*,*,#5245,.F.);
#6577=ORIENTED_EDGE('',*,*,#5246,.F.);
#6578=ORIENTED_EDGE('',*,*,#5247,.F.);
#6579=ORIENTED_EDGE('',*,*,#5248,.F.);
#6580=ORIENTED_EDGE('',*,*,#5249,.F.);
#6581=ORIENTED_EDGE('',*,*,#5250,.F.);
#6582=ORIENTED_EDGE('',*,*,#5251,.F.);
#6583=ORIENTED_EDGE('',*,*,#5252,.F.);
#6584=ORIENTED_EDGE('',*,*,#5253,.F.);
#6585=ORIENTED_EDGE('',*,*,#5254,.F.);
#6586=ORIENTED_EDGE('',*,*,#5255,.F.);
#6587=ORIENTED_EDGE('',*,*,#5256,.F.);
#6588=ORIENTED_EDGE('',*,*,#5257,.F.);
#6589=ORIENTED_EDGE('',*,*,#5258,.F.);
#6590=ORIENTED_EDGE('',*,*,#5259,.F.);
#6591=ORIENTED_EDGE('',*,*,#5260,.F.);
#6592=ORIENTED_EDGE('',*,*,#5261,.F.);
#6593=ORIENTED_EDGE('',*,*,#5262,.F.);
#6594=ORIENTED_EDGE('',*,*,#5263,.F.);
#6595=ORIENTED_EDGE('',*,*,#5264,.F.);
#6596=ORIENTED_EDGE('',*,*,#5265,.F.);
#6597=ORIENTED_EDGE('',*,*,#5266,.F.);
#6598=ORIENTED_EDGE('',*,*,#5267,.F.);
#6599=ORIENTED_EDGE('',*,*,#5268,.F.);
#6600=ORIENTED_EDGE('',*,*,#5269,.F.);
#6601=ORIENTED_EDGE('',*,*,#5270,.F.);
#6602=ORIENTED_EDGE('',*,*,#5271,.F.);
#6603=ORIENTED_EDGE('',*,*,#5272,.F.);
#6604=ORIENTED_EDGE('',*,*,#5273,.F.);
#6605=ORIENTED_EDGE('',*,*,#5274,.F.);
#6606=ORIENTED_EDGE('',*,*,#5275,.F.);
#6607=ORIENTED_EDGE('',*,*,#5276,.F.);
#6608=ORIENTED_EDGE('',*,*,#5277,.F.);
#6609=ORIENTED_EDGE('',*,*,#5278,.F.);
#6610=ORIENTED_EDGE('',*,*,#5279,.F.);
#6611=ORIENTED_EDGE('',*,*,#5280,.F.);
#6612=ORIENTED_EDGE('',*,*,#5281,.F.);
#6613=ORIENTED_EDGE('',*,*,#5282,.F.);
#6614=ORIENTED_EDGE('',*,*,#5283,.F.);
#6615=ORIENTED_EDGE('',*,*,#5284,.F.);
#6616=ORIENTED_EDGE('',*,*,#5285,.F.);
#6617=ORIENTED_EDGE('',*,*,#5286,.F.);
#6618=ORIENTED_EDGE('',*,*,#5287,.F.);
#6619=ORIENTED_EDGE('',*,*,#5288,.F.);
#6620=ORIENTED_EDGE('',*,*,#5289,.F.);
#6621=ORIENTED_EDGE('',*,*,#5290,.F.);
#6622=ORIENTED_EDGE('',*,*,#5291,.F.);
#6623=ORIENTED_EDGE('',*,*,#5292,.F.);
#6624=ORIENTED_EDGE('',*,*,#5293,.F.);
#6625=ORIENTED_EDGE('',*,*,#5294,.F.);
#6626=ORIENTED_EDGE('',*,*,#5295,.F.);
#6627=ORIENTED_EDGE('',*,*,#5296,.F.);
#6628=ORIENTED_EDGE('',*,*,#5297,.F.);
#6629=ORIENTED_EDGE('',*,*,#5298,.F.);
#6630=ORIENTED_EDGE('',*,*,#5299,.F.);
#6631=ORIENTED_EDGE('',*,*,#5300,.F.);
#6632=ORIENTED_EDGE('',*,*,#5301,.F.);
#6633=ORIENTED_EDGE('',*,*,#5302,.F.);
#6634=ORIENTED_EDGE('',*,*,#5303,.F.);
#6635=ORIENTED_EDGE('',*,*,#5304,.F.);
#6636=ORIENTED_EDGE('',*,*,#5305,.F.);
#6637=ORIENTED_EDGE('',*,*,#5306,.F.);
#6638=ORIENTED_EDGE('',*,*,#5307,.F.);
#6639=ORIENTED_EDGE('',*,*,#5308,.F.);
#6640=ORIENTED_EDGE('',*,*,#5309,.F.);
#6641=ORIENTED_EDGE('',*,*,#5310,.F.);
#6642=ORIENTED_EDGE('',*,*,#5311,.F.);
#6643=ORIENTED_EDGE('',*,*,#5312,.F.);
#6644=ORIENTED_EDGE('',*,*,#5313,.F.);
#6645=ORIENTED_EDGE('',*,*,#5314,.F.);
#6646=ORIENTED_EDGE('',*,*,#5315,.F.);
#6647=ORIENTED_EDGE('',*,*,#5316,.F.);
#6648=ORIENTED_EDGE('',*,*,#5317,.F.);
#6649=ORIENTED_EDGE('',*,*,#5318,.F.);
#6650=ORIENTED_EDGE('',*,*,#5319,.F.);
#6651=ORIENTED_EDGE('',*,*,#5320,.F.);
#6652=ORIENTED_EDGE('',*,*,#5321,.F.);
#6653=ORIENTED_EDGE('',*,*,#5322,.F.);
#6654=ORIENTED_EDGE('',*,*,#5323,.F.);
#6655=ORIENTED_EDGE('',*,*,#5324,.F.);
#6656=ORIENTED_EDGE('',*,*,#5325,.F.);
#6657=ORIENTED_EDGE('',*,*,#5326,.F.);
#6658=ORIENTED_EDGE('',*,*,#5327,.F.);
#6659=ORIENTED_EDGE('',*,*,#5328,.F.);
#6660=ORIENTED_EDGE('',*,*,#5329,.F.);
#6661=ORIENTED_EDGE('',*,*,#5330,.F.);
#6662=ORIENTED_EDGE('',*,*,#5331,.F.);
#6663=ORIENTED_EDGE('',*,*,#5332,.F.);
#6664=ORIENTED_EDGE('',*,*,#5333,.F.);
#6665=ORIENTED_EDGE('',*,*,#5334,.F.);
#6666=ORIENTED_EDGE('',*,*,#5335,.F.);
#6667=ORIENTED_EDGE('',*,*,#5336,.F.);
#6668=ORIENTED_EDGE('',*,*,#5337,.F.);
#6669=ORIENTED_EDGE('',*,*,#5338,.F.);
#6670=ORIENTED_EDGE('',*,*,#5339,.F.);
#6671=ORIENTED_EDGE('',*,*,#5340,.F.);
#6672=ORIENTED_EDGE('',*,*,#5341,.F.);
#6673=ORIENTED_EDGE('',*,*,#5342,.F.);
#6674=ORIENTED_EDGE('',*,*,#5343,.F.);
#6675=ORIENTED_EDGE('',*,*,#5344,.F.);
#6676=ORIENTED_EDGE('',*,*,#5345,.F.);
#6677=ORIENTED_EDGE('',*,*,#5346,.F.);
#6678=ORIENTED_EDGE('',*,*,#5347,.F.);
#6679=ORIENTED_EDGE('',*,*,#5348,.F.);
#6680=ORIENTED_EDGE('',*,*,#5349,.F.);
#6681=ORIENTED_EDGE('',*,*,#5350,.F.);
#6682=ORIENTED_EDGE('',*,*,#5351,.F.);
#6683=ORIENTED_EDGE('',*,*,#5352,.F.);
#6684=ORIENTED_EDGE('',*,*,#5353,.F.);
#6685=ORIENTED_EDGE('',*,*,#5354,.F.);
#6686=ORIENTED_EDGE('',*,*,#5355,.F.);
#6687=ORIENTED_EDGE('',*,*,#5356,.F.);
#6688=ORIENTED_EDGE('',*,*,#5357,.F.);
#6689=ORIENTED_EDGE('',*,*,#5358,.F.);
#6690=ORIENTED_EDGE('',*,*,#5359,.F.);
#6691=ORIENTED_EDGE('',*,*,#5360,.F.);
#6692=ORIENTED_EDGE('',*,*,#5361,.F.);
#6693=ORIENTED_EDGE('',*,*,#5362,.F.);
#6694=ORIENTED_EDGE('',*,*,#5363,.F.);
#6695=ORIENTED_EDGE('',*,*,#5364,.F.);
#6696=ORIENTED_EDGE('',*,*,#5365,.F.);
#6697=ORIENTED_EDGE('',*,*,#5366,.F.);
#6698=ORIENTED_EDGE('',*,*,#5367,.F.);
#6699=ORIENTED_EDGE('',*,*,#5368,.F.);
#6700=ORIENTED_EDGE('',*,*,#5369,.F.);
#6701=ORIENTED_EDGE('',*,*,#5370,.F.);
#6702=ORIENTED_EDGE('',*,*,#5371,.F.);
#6703=ORIENTED_EDGE('',*,*,#5372,.F.);
#6704=ORIENTED_EDGE('',*,*,#5373,.F.);
#6705=ORIENTED_EDGE('',*,*,#5374,.F.);
#6706=ORIENTED_EDGE('',*,*,#5375,.F.);
#6707=ORIENTED_EDGE('',*,*,#5376,.F.);
#6708=ORIENTED_EDGE('',*,*,#5377,.F.);
#6709=ORIENTED_EDGE('',*,*,#5378,.F.);
#6710=ORIENTED_EDGE('',*,*,#5379,.F.);
#6711=ORIENTED_EDGE('',*,*,#5380,.F.);
#6712=ORIENTED_EDGE('',*,*,#5381,.F.);
#6713=ORIENTED_EDGE('',*,*,#5382,.F.);
#6714=ORIENTED_EDGE('',*,*,#5383,.F.);
#6715=ORIENTED_EDGE('',*,*,#5384,.F.);
#6716=ORIENTED_EDGE('',*,*,#5385,.F.);
#6717=ORIENTED_EDGE('',*,*,#5386,.F.);
#6718=ORIENTED_EDGE('',*,*,#5387,.F.);
#6719=ORIENTED_EDGE('',*,*,#5388,.F.);
#6720=ORIENTED_EDGE('',*,*,#5389,.F.);
#6721=ORIENTED_EDGE('',*,*,#5390,.F.);
#6722=ORIENTED_EDGE('',*,*,#5391,.F.);
#6723=ORIENTED_EDGE('',*,*,#5392,.F.);
#6724=ORIENTED_EDGE('',*,*,#5393,.F.);
#6725=ORIENTED_EDGE('',*,*,#5394,.F.);
#6726=ORIENTED_EDGE('',*,*,#5395,.F.);
#6727=ORIENTED_EDGE('',*,*,#5396,.F.);
#6728=ORIENTED_EDGE('',*,*,#5397,.F.);
#6729=ORIENTED_EDGE('',*,*,#5398,.F.);
#6730=ORIENTED_EDGE('',*,*,#5399,.F.);
#6731=ORIENTED_EDGE('',*,*,#5400,.F.);
#6732=ORIENTED_EDGE('',*,*,#5401,.F.);
#6733=ORIENTED_EDGE('',*,*,#5402,.F.);
#6734=ORIENTED_EDGE('',*,*,#5403,.F.);
#6735=ORIENTED_EDGE('',*,*,#5404,.F.);
#6736=ORIENTED_EDGE('',*,*,#5405,.F.);
#6737=ORIENTED_EDGE('',*,*,#5406,.F.);
#6738=ORIENTED_EDGE('',*,*,#5407,.F.);
#6739=ORIENTED_EDGE('',*,*,#5408,.F.);
#6740=ORIENTED_EDGE('',*,*,#5409,.F.);
#6741=ORIENTED_EDGE('',*,*,#5410,.F.);
#6742=ORIENTED_EDGE('',*,*,#5411,.F.);
#6743=ORIENTED_EDGE('',*,*,#5412,.F.);
#6744=ORIENTED_EDGE('',*,*,#5413,.F.);
#6745=ORIENTED_EDGE('',*,*,#5414,.F.);
#6746=ORIENTED_EDGE('',*,*,#5415,.F.);
#6747=ORIENTED_EDGE('',*,*,#5416,.F.);
#6748=ORIENTED_EDGE('',*,*,#5417,.F.);
#6749=ORIENTED_EDGE('',*,*,#5418,.F.);
#6750=ORIENTED_EDGE('',*,*,#5419,.F.);
#6751=ORIENTED_EDGE('',*,*,#5420,.F.);
#6752=ORIENTED_EDGE('',*,*,#5421,.F.);
#6753=ORIENTED_EDGE('',*,*,#5422,.F.);
#6754=ORIENTED_EDGE('',*,*,#5423,.F.);
#6755=ORIENTED_EDGE('',*,*,#5424,.F.);
#6756=ORIENTED_EDGE('',*,*,#5425,.F.);
#6757=ORIENTED_EDGE('',*,*,#5426,.F.);
#6758=ORIENTED_EDGE('',*,*,#5427,.F.);
#6759=ORIENTED_EDGE('',*,*,#5428,.F.);
#6760=ORIENTED_EDGE('',*,*,#5429,.F.);
#6761=ORIENTED_EDGE('',*,*,#5430,.F.);
#6762=ORIENTED_EDGE('',*,*,#5431,.F.);
#6763=ORIENTED_EDGE('',*,*,#5432,.F.);
#6764=ORIENTED_EDGE('',*,*,#5433,.F.);
#6765=ORIENTED_EDGE('',*,*,#5434,.F.);
#6766=ORIENTED_EDGE('',*,*,#5435,.F.);
#6767=ORIENTED_EDGE('',*,*,#5436,.F.);
#6768=ORIENTED_EDGE('',*,*,#5437,.F.);
#6769=ORIENTED_EDGE('',*,*,#5438,.F.);
#6770=ORIENTED_EDGE('',*,*,#5439,.F.);
#6771=ORIENTED_EDGE('',*,*,#5440,.F.);
#6772=ORIENTED_EDGE('',*,*,#5441,.F.);
#6773=ORIENTED_EDGE('',*,*,#5442,.F.);
#6774=ORIENTED_EDGE('',*,*,#5443,.F.);
#6775=ORIENTED_EDGE('',*,*,#5444,.F.);
#6776=ORIENTED_EDGE('',*,*,#5445,.F.);
#6777=ORIENTED_EDGE('',*,*,#5446,.F.);
#6778=ORIENTED_EDGE('',*,*,#5447,.F.);
#6779=ORIENTED_EDGE('',*,*,#5448,.F.);
#6780=ORIENTED_EDGE('',*,*,#5449,.F.);
#6781=ORIENTED_EDGE('',*,*,#5450,.F.);
#6782=ORIENTED_EDGE('',*,*,#5451,.F.);
#6783=ORIENTED_EDGE('',*,*,#5452,.F.);
#6784=ORIENTED_EDGE('',*,*,#5453,.F.);
#6785=ORIENTED_EDGE('',*,*,#5454,.F.);
#6786=ORIENTED_EDGE('',*,*,#5455,.F.);
#6787=ORIENTED_EDGE('',*,*,#5456,.F.);
#6788=ORIENTED_EDGE('',*,*,#5457,.F.);
#6789=ORIENTED_EDGE('',*,*,#5458,.F.);
#6790=ORIENTED_EDGE('',*,*,#5459,.F.);
#6791=ORIENTED_EDGE('',*,*,#5460,.F.);
#6792=ORIENTED_EDGE('',*,*,#5461,.F.);
#6793=ORIENTED_EDGE('',*,*,#5462,.F.);
#6794=ORIENTED_EDGE('',*,*,#5463,.F.);
#6795=ORIENTED_EDGE('',*,*,#5464,.F.);
#6796=ORIENTED_EDGE('',*,*,#5465,.F.);
#6797=ORIENTED_EDGE('',*,*,#5466,.F.);
#6798=ORIENTED_EDGE('',*,*,#5467,.F.);
#6799=ORIENTED_EDGE('',*,*,#5468,.F.);
#6800=ORIENTED_EDGE('',*,*,#5469,.F.);
#6801=ORIENTED_EDGE('',*,*,#5470,.F.);
#6802=ORIENTED_EDGE('',*,*,#5471,.F.);
#6803=ORIENTED_EDGE('',*,*,#5472,.F.);
#6804=ORIENTED_EDGE('',*,*,#5473,.F.);
#6805=ORIENTED_EDGE('',*,*,#5474,.F.);
#6806=ORIENTED_EDGE('',*,*,#5475,.F.);
#6807=ORIENTED_EDGE('',*,*,#5476,.F.);
#6808=ORIENTED_EDGE('',*,*,#5477,.F.);
#6809=ORIENTED_EDGE('',*,*,#5478,.F.);
#6810=ORIENTED_EDGE('',*,*,#5479,.F.);
#6811=ORIENTED_EDGE('',*,*,#5480,.F.);
#6812=ORIENTED_EDGE('',*,*,#5481,.F.);
#6813=ORIENTED_EDGE('',*,*,#5482,.F.);
#6814=ORIENTED_EDGE('',*,*,#5483,.F.);
#6815=ORIENTED_EDGE('',*,*,#5484,.F.);
#6816=ORIENTED_EDGE('',*,*,#5485,.F.);
#6817=ORIENTED_EDGE('',*,*,#5486,.F.);
#6818=ORIENTED_EDGE('',*,*,#5487,.F.);
#6819=ORIENTED_EDGE('',*,*,#5488,.F.);
#6820=ORIENTED_EDGE('',*,*,#5489,.F.);
#6821=ORIENTED_EDGE('',*,*,#5490,.F.);
#6822=ORIENTED_EDGE('',*,*,#5491,.F.);
#6823=ORIENTED_EDGE('',*,*,#5492,.F.);
#6824=ORIENTED_EDGE('',*,*,#5493,.F.);
#6825=ORIENTED_EDGE('',*,*,#5494,.F.);
#6826=ORIENTED_EDGE('',*,*,#5495,.F.);
#6827=ORIENTED_EDGE('',*,*,#5496,.F.);
#6828=ORIENTED_EDGE('',*,*,#5497,.F.);
#6829=ORIENTED_EDGE('',*,*,#5498,.F.);
#6830=ORIENTED_EDGE('',*,*,#5499,.F.);
#6831=ORIENTED_EDGE('',*,*,#5500,.F.);
#6832=ORIENTED_EDGE('',*,*,#5501,.F.);
#6833=ORIENTED_EDGE('',*,*,#5502,.F.);
#6834=ORIENTED_EDGE('',*,*,#5503,.F.);
#6835=ORIENTED_EDGE('',*,*,#5504,.F.);
#6836=ORIENTED_EDGE('',*,*,#5505,.F.);
#6837=ORIENTED_EDGE('',*,*,#5506,.F.);
#6838=ORIENTED_EDGE('',*,*,#5507,.F.);
#6839=ORIENTED_EDGE('',*,*,#5508,.F.);
#6840=ORIENTED_EDGE('',*,*,#5172,.F.);
#6841=ORIENTED_EDGE('',*,*,#4833,.F.);
#6842=ORIENTED_EDGE('',*,*,#5509,.T.);
#6843=ORIENTED_EDGE('',*,*,#5176,.F.);
#6844=ORIENTED_EDGE('',*,*,#4836,.T.);
#6845=ORIENTED_EDGE('',*,*,#5510,.T.);
#6846=ORIENTED_EDGE('',*,*,#5174,.T.);
#6847=ORIENTED_EDGE('',*,*,#5511,.T.);
#6848=ORIENTED_EDGE('',*,*,#5171,.F.);
#6849=ORIENTED_EDGE('',*,*,#5175,.F.);
#6850=ORIENTED_EDGE('',*,*,#5510,.F.);
#6851=ORIENTED_EDGE('',*,*,#4835,.F.);
#6852=ORIENTED_EDGE('',*,*,#5177,.T.);
#6853=ORIENTED_EDGE('',*,*,#5509,.F.);
#6854=ORIENTED_EDGE('',*,*,#4832,.F.);
#6855=ORIENTED_EDGE('',*,*,#5512,.T.);
#6856=ORIENTED_EDGE('',*,*,#5180,.T.);
#6857=ORIENTED_EDGE('',*,*,#5513,.T.);
#6858=ORIENTED_EDGE('',*,*,#4841,.F.);
#6859=ORIENTED_EDGE('',*,*,#5514,.F.);
#6860=ORIENTED_EDGE('',*,*,#5181,.T.);
#6861=ORIENTED_EDGE('',*,*,#5514,.T.);
#6862=ORIENTED_EDGE('',*,*,#4840,.F.);
#6863=ORIENTED_EDGE('',*,*,#5515,.F.);
#6864=ORIENTED_EDGE('',*,*,#5182,.T.);
#6865=ORIENTED_EDGE('',*,*,#5515,.T.);
#6866=ORIENTED_EDGE('',*,*,#4839,.F.);
#6867=ORIENTED_EDGE('',*,*,#5516,.F.);
#6868=ORIENTED_EDGE('',*,*,#5179,.T.);
#6869=ORIENTED_EDGE('',*,*,#5516,.T.);
#6870=ORIENTED_EDGE('',*,*,#4838,.F.);
#6871=ORIENTED_EDGE('',*,*,#5513,.F.);
#6872=ORIENTED_EDGE('',*,*,#5184,.T.);
#6873=ORIENTED_EDGE('',*,*,#5517,.T.);
#6874=ORIENTED_EDGE('',*,*,#4845,.F.);
#6875=ORIENTED_EDGE('',*,*,#5518,.F.);
#6876=ORIENTED_EDGE('',*,*,#5185,.T.);
#6877=ORIENTED_EDGE('',*,*,#5518,.T.);
#6878=ORIENTED_EDGE('',*,*,#4844,.F.);
#6879=ORIENTED_EDGE('',*,*,#5519,.F.);
#6880=ORIENTED_EDGE('',*,*,#5186,.T.);
#6881=ORIENTED_EDGE('',*,*,#5519,.T.);
#6882=ORIENTED_EDGE('',*,*,#4843,.F.);
#6883=ORIENTED_EDGE('',*,*,#5520,.F.);
#6884=ORIENTED_EDGE('',*,*,#5183,.T.);
#6885=ORIENTED_EDGE('',*,*,#5520,.T.);
#6886=ORIENTED_EDGE('',*,*,#4842,.F.);
#6887=ORIENTED_EDGE('',*,*,#5517,.F.);
#6888=ORIENTED_EDGE('',*,*,#4846,.F.);
#6889=ORIENTED_EDGE('',*,*,#5521,.T.);
#6890=ORIENTED_EDGE('',*,*,#5187,.T.);
#6891=ORIENTED_EDGE('',*,*,#5521,.F.);
#6892=ORIENTED_EDGE('',*,*,#4847,.F.);
#6893=ORIENTED_EDGE('',*,*,#5522,.T.);
#6894=ORIENTED_EDGE('',*,*,#5188,.T.);
#6895=ORIENTED_EDGE('',*,*,#5522,.F.);
#6896=ORIENTED_EDGE('',*,*,#5190,.T.);
#6897=ORIENTED_EDGE('',*,*,#5523,.T.);
#6898=ORIENTED_EDGE('',*,*,#4851,.F.);
#6899=ORIENTED_EDGE('',*,*,#5524,.F.);
#6900=ORIENTED_EDGE('',*,*,#5191,.T.);
#6901=ORIENTED_EDGE('',*,*,#5524,.T.);
#6902=ORIENTED_EDGE('',*,*,#4850,.F.);
#6903=ORIENTED_EDGE('',*,*,#5525,.F.);
#6904=ORIENTED_EDGE('',*,*,#5192,.T.);
#6905=ORIENTED_EDGE('',*,*,#5525,.T.);
#6906=ORIENTED_EDGE('',*,*,#4849,.F.);
#6907=ORIENTED_EDGE('',*,*,#5526,.F.);
#6908=ORIENTED_EDGE('',*,*,#5189,.T.);
#6909=ORIENTED_EDGE('',*,*,#5526,.T.);
#6910=ORIENTED_EDGE('',*,*,#4848,.F.);
#6911=ORIENTED_EDGE('',*,*,#5523,.F.);
#6912=ORIENTED_EDGE('',*,*,#4852,.F.);
#6913=ORIENTED_EDGE('',*,*,#5527,.T.);
#6914=ORIENTED_EDGE('',*,*,#5193,.T.);
#6915=ORIENTED_EDGE('',*,*,#5527,.F.);
#6916=ORIENTED_EDGE('',*,*,#5195,.T.);
#6917=ORIENTED_EDGE('',*,*,#5528,.T.);
#6918=ORIENTED_EDGE('',*,*,#4856,.F.);
#6919=ORIENTED_EDGE('',*,*,#5529,.F.);
#6920=ORIENTED_EDGE('',*,*,#5196,.T.);
#6921=ORIENTED_EDGE('',*,*,#5529,.T.);
#6922=ORIENTED_EDGE('',*,*,#4855,.F.);
#6923=ORIENTED_EDGE('',*,*,#5530,.F.);
#6924=ORIENTED_EDGE('',*,*,#5197,.T.);
#6925=ORIENTED_EDGE('',*,*,#5530,.T.);
#6926=ORIENTED_EDGE('',*,*,#4854,.F.);
#6927=ORIENTED_EDGE('',*,*,#5531,.F.);
#6928=ORIENTED_EDGE('',*,*,#5194,.T.);
#6929=ORIENTED_EDGE('',*,*,#5531,.T.);
#6930=ORIENTED_EDGE('',*,*,#4853,.F.);
#6931=ORIENTED_EDGE('',*,*,#5528,.F.);
#6932=ORIENTED_EDGE('',*,*,#5199,.T.);
#6933=ORIENTED_EDGE('',*,*,#5532,.T.);
#6934=ORIENTED_EDGE('',*,*,#4860,.F.);
#6935=ORIENTED_EDGE('',*,*,#5533,.F.);
#6936=ORIENTED_EDGE('',*,*,#5200,.T.);
#6937=ORIENTED_EDGE('',*,*,#5533,.T.);
#6938=ORIENTED_EDGE('',*,*,#4859,.F.);
#6939=ORIENTED_EDGE('',*,*,#5534,.F.);
#6940=ORIENTED_EDGE('',*,*,#5201,.T.);
#6941=ORIENTED_EDGE('',*,*,#5534,.T.);
#6942=ORIENTED_EDGE('',*,*,#4858,.F.);
#6943=ORIENTED_EDGE('',*,*,#5535,.F.);
#6944=ORIENTED_EDGE('',*,*,#5198,.T.);
#6945=ORIENTED_EDGE('',*,*,#5535,.T.);
#6946=ORIENTED_EDGE('',*,*,#4857,.F.);
#6947=ORIENTED_EDGE('',*,*,#5532,.F.);
#6948=ORIENTED_EDGE('',*,*,#5203,.T.);
#6949=ORIENTED_EDGE('',*,*,#5536,.T.);
#6950=ORIENTED_EDGE('',*,*,#4864,.F.);
#6951=ORIENTED_EDGE('',*,*,#5537,.F.);
#6952=ORIENTED_EDGE('',*,*,#5204,.T.);
#6953=ORIENTED_EDGE('',*,*,#5537,.T.);
#6954=ORIENTED_EDGE('',*,*,#4863,.F.);
#6955=ORIENTED_EDGE('',*,*,#5538,.F.);
#6956=ORIENTED_EDGE('',*,*,#5205,.T.);
#6957=ORIENTED_EDGE('',*,*,#5538,.T.);
#6958=ORIENTED_EDGE('',*,*,#4862,.F.);
#6959=ORIENTED_EDGE('',*,*,#5539,.F.);
#6960=ORIENTED_EDGE('',*,*,#5202,.T.);
#6961=ORIENTED_EDGE('',*,*,#5539,.T.);
#6962=ORIENTED_EDGE('',*,*,#4861,.F.);
#6963=ORIENTED_EDGE('',*,*,#5536,.F.);
#6964=ORIENTED_EDGE('',*,*,#5207,.T.);
#6965=ORIENTED_EDGE('',*,*,#5540,.T.);
#6966=ORIENTED_EDGE('',*,*,#4868,.F.);
#6967=ORIENTED_EDGE('',*,*,#5541,.F.);
#6968=ORIENTED_EDGE('',*,*,#5208,.T.);
#6969=ORIENTED_EDGE('',*,*,#5541,.T.);
#6970=ORIENTED_EDGE('',*,*,#4867,.F.);
#6971=ORIENTED_EDGE('',*,*,#5542,.F.);
#6972=ORIENTED_EDGE('',*,*,#5209,.T.);
#6973=ORIENTED_EDGE('',*,*,#5542,.T.);
#6974=ORIENTED_EDGE('',*,*,#4866,.F.);
#6975=ORIENTED_EDGE('',*,*,#5543,.F.);
#6976=ORIENTED_EDGE('',*,*,#5206,.T.);
#6977=ORIENTED_EDGE('',*,*,#5543,.T.);
#6978=ORIENTED_EDGE('',*,*,#4865,.F.);
#6979=ORIENTED_EDGE('',*,*,#5540,.F.);
#6980=ORIENTED_EDGE('',*,*,#5211,.T.);
#6981=ORIENTED_EDGE('',*,*,#5544,.T.);
#6982=ORIENTED_EDGE('',*,*,#4872,.F.);
#6983=ORIENTED_EDGE('',*,*,#5545,.F.);
#6984=ORIENTED_EDGE('',*,*,#5212,.T.);
#6985=ORIENTED_EDGE('',*,*,#5545,.T.);
#6986=ORIENTED_EDGE('',*,*,#4871,.F.);
#6987=ORIENTED_EDGE('',*,*,#5546,.F.);
#6988=ORIENTED_EDGE('',*,*,#5213,.T.);
#6989=ORIENTED_EDGE('',*,*,#5546,.T.);
#6990=ORIENTED_EDGE('',*,*,#4870,.F.);
#6991=ORIENTED_EDGE('',*,*,#5547,.F.);
#6992=ORIENTED_EDGE('',*,*,#5210,.T.);
#6993=ORIENTED_EDGE('',*,*,#5547,.T.);
#6994=ORIENTED_EDGE('',*,*,#4869,.F.);
#6995=ORIENTED_EDGE('',*,*,#5544,.F.);
#6996=ORIENTED_EDGE('',*,*,#5215,.T.);
#6997=ORIENTED_EDGE('',*,*,#5548,.T.);
#6998=ORIENTED_EDGE('',*,*,#4876,.F.);
#6999=ORIENTED_EDGE('',*,*,#5549,.F.);
#7000=ORIENTED_EDGE('',*,*,#5216,.T.);
#7001=ORIENTED_EDGE('',*,*,#5549,.T.);
#7002=ORIENTED_EDGE('',*,*,#4875,.F.);
#7003=ORIENTED_EDGE('',*,*,#5550,.F.);
#7004=ORIENTED_EDGE('',*,*,#5217,.T.);
#7005=ORIENTED_EDGE('',*,*,#5550,.T.);
#7006=ORIENTED_EDGE('',*,*,#4874,.F.);
#7007=ORIENTED_EDGE('',*,*,#5551,.F.);
#7008=ORIENTED_EDGE('',*,*,#5214,.T.);
#7009=ORIENTED_EDGE('',*,*,#5551,.T.);
#7010=ORIENTED_EDGE('',*,*,#4873,.F.);
#7011=ORIENTED_EDGE('',*,*,#5548,.F.);
#7012=ORIENTED_EDGE('',*,*,#5219,.T.);
#7013=ORIENTED_EDGE('',*,*,#5552,.T.);
#7014=ORIENTED_EDGE('',*,*,#4880,.F.);
#7015=ORIENTED_EDGE('',*,*,#5553,.F.);
#7016=ORIENTED_EDGE('',*,*,#5220,.T.);
#7017=ORIENTED_EDGE('',*,*,#5553,.T.);
#7018=ORIENTED_EDGE('',*,*,#4879,.F.);
#7019=ORIENTED_EDGE('',*,*,#5554,.F.);
#7020=ORIENTED_EDGE('',*,*,#5221,.T.);
#7021=ORIENTED_EDGE('',*,*,#5554,.T.);
#7022=ORIENTED_EDGE('',*,*,#4878,.F.);
#7023=ORIENTED_EDGE('',*,*,#5555,.F.);
#7024=ORIENTED_EDGE('',*,*,#5218,.T.);
#7025=ORIENTED_EDGE('',*,*,#5555,.T.);
#7026=ORIENTED_EDGE('',*,*,#4877,.F.);
#7027=ORIENTED_EDGE('',*,*,#5552,.F.);
#7028=ORIENTED_EDGE('',*,*,#5223,.T.);
#7029=ORIENTED_EDGE('',*,*,#5556,.T.);
#7030=ORIENTED_EDGE('',*,*,#4884,.F.);
#7031=ORIENTED_EDGE('',*,*,#5557,.F.);
#7032=ORIENTED_EDGE('',*,*,#5224,.T.);
#7033=ORIENTED_EDGE('',*,*,#5557,.T.);
#7034=ORIENTED_EDGE('',*,*,#4883,.F.);
#7035=ORIENTED_EDGE('',*,*,#5558,.F.);
#7036=ORIENTED_EDGE('',*,*,#5225,.T.);
#7037=ORIENTED_EDGE('',*,*,#5558,.T.);
#7038=ORIENTED_EDGE('',*,*,#4882,.F.);
#7039=ORIENTED_EDGE('',*,*,#5559,.F.);
#7040=ORIENTED_EDGE('',*,*,#5222,.T.);
#7041=ORIENTED_EDGE('',*,*,#5559,.T.);
#7042=ORIENTED_EDGE('',*,*,#4881,.F.);
#7043=ORIENTED_EDGE('',*,*,#5556,.F.);
#7044=ORIENTED_EDGE('',*,*,#5227,.T.);
#7045=ORIENTED_EDGE('',*,*,#5560,.T.);
#7046=ORIENTED_EDGE('',*,*,#4888,.F.);
#7047=ORIENTED_EDGE('',*,*,#5561,.F.);
#7048=ORIENTED_EDGE('',*,*,#5228,.T.);
#7049=ORIENTED_EDGE('',*,*,#5561,.T.);
#7050=ORIENTED_EDGE('',*,*,#4887,.F.);
#7051=ORIENTED_EDGE('',*,*,#5562,.F.);
#7052=ORIENTED_EDGE('',*,*,#5229,.T.);
#7053=ORIENTED_EDGE('',*,*,#5562,.T.);
#7054=ORIENTED_EDGE('',*,*,#4886,.F.);
#7055=ORIENTED_EDGE('',*,*,#5563,.F.);
#7056=ORIENTED_EDGE('',*,*,#5226,.T.);
#7057=ORIENTED_EDGE('',*,*,#5563,.T.);
#7058=ORIENTED_EDGE('',*,*,#4885,.F.);
#7059=ORIENTED_EDGE('',*,*,#5560,.F.);
#7060=ORIENTED_EDGE('',*,*,#4889,.F.);
#7061=ORIENTED_EDGE('',*,*,#5564,.T.);
#7062=ORIENTED_EDGE('',*,*,#5230,.T.);
#7063=ORIENTED_EDGE('',*,*,#5564,.F.);
#7064=ORIENTED_EDGE('',*,*,#5232,.T.);
#7065=ORIENTED_EDGE('',*,*,#5565,.T.);
#7066=ORIENTED_EDGE('',*,*,#4893,.F.);
#7067=ORIENTED_EDGE('',*,*,#5566,.F.);
#7068=ORIENTED_EDGE('',*,*,#5233,.T.);
#7069=ORIENTED_EDGE('',*,*,#5566,.T.);
#7070=ORIENTED_EDGE('',*,*,#4892,.F.);
#7071=ORIENTED_EDGE('',*,*,#5567,.F.);
#7072=ORIENTED_EDGE('',*,*,#5234,.T.);
#7073=ORIENTED_EDGE('',*,*,#5567,.T.);
#7074=ORIENTED_EDGE('',*,*,#4891,.F.);
#7075=ORIENTED_EDGE('',*,*,#5568,.F.);
#7076=ORIENTED_EDGE('',*,*,#5231,.T.);
#7077=ORIENTED_EDGE('',*,*,#5568,.T.);
#7078=ORIENTED_EDGE('',*,*,#4890,.F.);
#7079=ORIENTED_EDGE('',*,*,#5565,.F.);
#7080=ORIENTED_EDGE('',*,*,#5236,.T.);
#7081=ORIENTED_EDGE('',*,*,#5569,.T.);
#7082=ORIENTED_EDGE('',*,*,#4897,.F.);
#7083=ORIENTED_EDGE('',*,*,#5570,.F.);
#7084=ORIENTED_EDGE('',*,*,#5237,.T.);
#7085=ORIENTED_EDGE('',*,*,#5570,.T.);
#7086=ORIENTED_EDGE('',*,*,#4896,.F.);
#7087=ORIENTED_EDGE('',*,*,#5571,.F.);
#7088=ORIENTED_EDGE('',*,*,#5238,.T.);
#7089=ORIENTED_EDGE('',*,*,#5571,.T.);
#7090=ORIENTED_EDGE('',*,*,#4895,.F.);
#7091=ORIENTED_EDGE('',*,*,#5572,.F.);
#7092=ORIENTED_EDGE('',*,*,#5235,.T.);
#7093=ORIENTED_EDGE('',*,*,#5572,.T.);
#7094=ORIENTED_EDGE('',*,*,#4894,.F.);
#7095=ORIENTED_EDGE('',*,*,#5569,.F.);
#7096=ORIENTED_EDGE('',*,*,#5240,.T.);
#7097=ORIENTED_EDGE('',*,*,#5573,.T.);
#7098=ORIENTED_EDGE('',*,*,#4901,.F.);
#7099=ORIENTED_EDGE('',*,*,#5574,.F.);
#7100=ORIENTED_EDGE('',*,*,#5241,.T.);
#7101=ORIENTED_EDGE('',*,*,#5574,.T.);
#7102=ORIENTED_EDGE('',*,*,#4900,.F.);
#7103=ORIENTED_EDGE('',*,*,#5575,.F.);
#7104=ORIENTED_EDGE('',*,*,#5242,.T.);
#7105=ORIENTED_EDGE('',*,*,#5575,.T.);
#7106=ORIENTED_EDGE('',*,*,#4899,.F.);
#7107=ORIENTED_EDGE('',*,*,#5576,.F.);
#7108=ORIENTED_EDGE('',*,*,#5239,.T.);
#7109=ORIENTED_EDGE('',*,*,#5576,.T.);
#7110=ORIENTED_EDGE('',*,*,#4898,.F.);
#7111=ORIENTED_EDGE('',*,*,#5573,.F.);
#7112=ORIENTED_EDGE('',*,*,#5244,.T.);
#7113=ORIENTED_EDGE('',*,*,#5577,.T.);
#7114=ORIENTED_EDGE('',*,*,#4905,.F.);
#7115=ORIENTED_EDGE('',*,*,#5578,.F.);
#7116=ORIENTED_EDGE('',*,*,#5245,.T.);
#7117=ORIENTED_EDGE('',*,*,#5578,.T.);
#7118=ORIENTED_EDGE('',*,*,#4904,.F.);
#7119=ORIENTED_EDGE('',*,*,#5579,.F.);
#7120=ORIENTED_EDGE('',*,*,#5246,.T.);
#7121=ORIENTED_EDGE('',*,*,#5579,.T.);
#7122=ORIENTED_EDGE('',*,*,#4903,.F.);
#7123=ORIENTED_EDGE('',*,*,#5580,.F.);
#7124=ORIENTED_EDGE('',*,*,#5243,.T.);
#7125=ORIENTED_EDGE('',*,*,#5580,.T.);
#7126=ORIENTED_EDGE('',*,*,#4902,.F.);
#7127=ORIENTED_EDGE('',*,*,#5577,.F.);
#7128=ORIENTED_EDGE('',*,*,#5248,.T.);
#7129=ORIENTED_EDGE('',*,*,#5581,.T.);
#7130=ORIENTED_EDGE('',*,*,#4909,.F.);
#7131=ORIENTED_EDGE('',*,*,#5582,.F.);
#7132=ORIENTED_EDGE('',*,*,#5249,.T.);
#7133=ORIENTED_EDGE('',*,*,#5582,.T.);
#7134=ORIENTED_EDGE('',*,*,#4908,.F.);
#7135=ORIENTED_EDGE('',*,*,#5583,.F.);
#7136=ORIENTED_EDGE('',*,*,#5250,.T.);
#7137=ORIENTED_EDGE('',*,*,#5583,.T.);
#7138=ORIENTED_EDGE('',*,*,#4907,.F.);
#7139=ORIENTED_EDGE('',*,*,#5584,.F.);
#7140=ORIENTED_EDGE('',*,*,#5247,.T.);
#7141=ORIENTED_EDGE('',*,*,#5584,.T.);
#7142=ORIENTED_EDGE('',*,*,#4906,.F.);
#7143=ORIENTED_EDGE('',*,*,#5581,.F.);
#7144=ORIENTED_EDGE('',*,*,#4910,.F.);
#7145=ORIENTED_EDGE('',*,*,#5585,.T.);
#7146=ORIENTED_EDGE('',*,*,#5251,.T.);
#7147=ORIENTED_EDGE('',*,*,#5585,.F.);
#7148=ORIENTED_EDGE('',*,*,#5253,.T.);
#7149=ORIENTED_EDGE('',*,*,#5586,.T.);
#7150=ORIENTED_EDGE('',*,*,#4914,.F.);
#7151=ORIENTED_EDGE('',*,*,#5587,.F.);
#7152=ORIENTED_EDGE('',*,*,#5254,.T.);
#7153=ORIENTED_EDGE('',*,*,#5587,.T.);
#7154=ORIENTED_EDGE('',*,*,#4913,.F.);
#7155=ORIENTED_EDGE('',*,*,#5588,.F.);
#7156=ORIENTED_EDGE('',*,*,#5255,.T.);
#7157=ORIENTED_EDGE('',*,*,#5588,.T.);
#7158=ORIENTED_EDGE('',*,*,#4912,.F.);
#7159=ORIENTED_EDGE('',*,*,#5589,.F.);
#7160=ORIENTED_EDGE('',*,*,#5252,.T.);
#7161=ORIENTED_EDGE('',*,*,#5589,.T.);
#7162=ORIENTED_EDGE('',*,*,#4911,.F.);
#7163=ORIENTED_EDGE('',*,*,#5586,.F.);
#7164=ORIENTED_EDGE('',*,*,#5257,.T.);
#7165=ORIENTED_EDGE('',*,*,#5590,.T.);
#7166=ORIENTED_EDGE('',*,*,#4918,.F.);
#7167=ORIENTED_EDGE('',*,*,#5591,.F.);
#7168=ORIENTED_EDGE('',*,*,#5258,.T.);
#7169=ORIENTED_EDGE('',*,*,#5591,.T.);
#7170=ORIENTED_EDGE('',*,*,#4917,.F.);
#7171=ORIENTED_EDGE('',*,*,#5592,.F.);
#7172=ORIENTED_EDGE('',*,*,#5259,.T.);
#7173=ORIENTED_EDGE('',*,*,#5592,.T.);
#7174=ORIENTED_EDGE('',*,*,#4916,.F.);
#7175=ORIENTED_EDGE('',*,*,#5593,.F.);
#7176=ORIENTED_EDGE('',*,*,#5256,.T.);
#7177=ORIENTED_EDGE('',*,*,#5593,.T.);
#7178=ORIENTED_EDGE('',*,*,#4915,.F.);
#7179=ORIENTED_EDGE('',*,*,#5590,.F.);
#7180=ORIENTED_EDGE('',*,*,#5261,.T.);
#7181=ORIENTED_EDGE('',*,*,#5594,.T.);
#7182=ORIENTED_EDGE('',*,*,#4922,.F.);
#7183=ORIENTED_EDGE('',*,*,#5595,.F.);
#7184=ORIENTED_EDGE('',*,*,#5262,.T.);
#7185=ORIENTED_EDGE('',*,*,#5595,.T.);
#7186=ORIENTED_EDGE('',*,*,#4921,.F.);
#7187=ORIENTED_EDGE('',*,*,#5596,.F.);
#7188=ORIENTED_EDGE('',*,*,#5263,.T.);
#7189=ORIENTED_EDGE('',*,*,#5596,.T.);
#7190=ORIENTED_EDGE('',*,*,#4920,.F.);
#7191=ORIENTED_EDGE('',*,*,#5597,.F.);
#7192=ORIENTED_EDGE('',*,*,#5260,.T.);
#7193=ORIENTED_EDGE('',*,*,#5597,.T.);
#7194=ORIENTED_EDGE('',*,*,#4919,.F.);
#7195=ORIENTED_EDGE('',*,*,#5594,.F.);
#7196=ORIENTED_EDGE('',*,*,#5265,.T.);
#7197=ORIENTED_EDGE('',*,*,#5598,.T.);
#7198=ORIENTED_EDGE('',*,*,#4926,.F.);
#7199=ORIENTED_EDGE('',*,*,#5599,.F.);
#7200=ORIENTED_EDGE('',*,*,#5266,.T.);
#7201=ORIENTED_EDGE('',*,*,#5599,.T.);
#7202=ORIENTED_EDGE('',*,*,#4925,.F.);
#7203=ORIENTED_EDGE('',*,*,#5600,.F.);
#7204=ORIENTED_EDGE('',*,*,#5267,.T.);
#7205=ORIENTED_EDGE('',*,*,#5600,.T.);
#7206=ORIENTED_EDGE('',*,*,#4924,.F.);
#7207=ORIENTED_EDGE('',*,*,#5601,.F.);
#7208=ORIENTED_EDGE('',*,*,#5264,.T.);
#7209=ORIENTED_EDGE('',*,*,#5601,.T.);
#7210=ORIENTED_EDGE('',*,*,#4923,.F.);
#7211=ORIENTED_EDGE('',*,*,#5598,.F.);
#7212=ORIENTED_EDGE('',*,*,#4927,.F.);
#7213=ORIENTED_EDGE('',*,*,#5602,.T.);
#7214=ORIENTED_EDGE('',*,*,#5268,.T.);
#7215=ORIENTED_EDGE('',*,*,#5602,.F.);
#7216=ORIENTED_EDGE('',*,*,#5270,.T.);
#7217=ORIENTED_EDGE('',*,*,#5603,.T.);
#7218=ORIENTED_EDGE('',*,*,#4931,.F.);
#7219=ORIENTED_EDGE('',*,*,#5604,.F.);
#7220=ORIENTED_EDGE('',*,*,#5271,.T.);
#7221=ORIENTED_EDGE('',*,*,#5604,.T.);
#7222=ORIENTED_EDGE('',*,*,#4930,.F.);
#7223=ORIENTED_EDGE('',*,*,#5605,.F.);
#7224=ORIENTED_EDGE('',*,*,#5272,.T.);
#7225=ORIENTED_EDGE('',*,*,#5605,.T.);
#7226=ORIENTED_EDGE('',*,*,#4929,.F.);
#7227=ORIENTED_EDGE('',*,*,#5606,.F.);
#7228=ORIENTED_EDGE('',*,*,#5269,.T.);
#7229=ORIENTED_EDGE('',*,*,#5606,.T.);
#7230=ORIENTED_EDGE('',*,*,#4928,.F.);
#7231=ORIENTED_EDGE('',*,*,#5603,.F.);
#7232=ORIENTED_EDGE('',*,*,#4932,.F.);
#7233=ORIENTED_EDGE('',*,*,#5607,.T.);
#7234=ORIENTED_EDGE('',*,*,#5273,.T.);
#7235=ORIENTED_EDGE('',*,*,#5607,.F.);
#7236=ORIENTED_EDGE('',*,*,#5275,.T.);
#7237=ORIENTED_EDGE('',*,*,#5608,.T.);
#7238=ORIENTED_EDGE('',*,*,#4936,.F.);
#7239=ORIENTED_EDGE('',*,*,#5609,.F.);
#7240=ORIENTED_EDGE('',*,*,#5276,.T.);
#7241=ORIENTED_EDGE('',*,*,#5609,.T.);
#7242=ORIENTED_EDGE('',*,*,#4935,.F.);
#7243=ORIENTED_EDGE('',*,*,#5610,.F.);
#7244=ORIENTED_EDGE('',*,*,#5277,.T.);
#7245=ORIENTED_EDGE('',*,*,#5610,.T.);
#7246=ORIENTED_EDGE('',*,*,#4934,.F.);
#7247=ORIENTED_EDGE('',*,*,#5611,.F.);
#7248=ORIENTED_EDGE('',*,*,#5274,.T.);
#7249=ORIENTED_EDGE('',*,*,#5611,.T.);
#7250=ORIENTED_EDGE('',*,*,#4933,.F.);
#7251=ORIENTED_EDGE('',*,*,#5608,.F.);
#7252=ORIENTED_EDGE('',*,*,#4937,.F.);
#7253=ORIENTED_EDGE('',*,*,#5612,.T.);
#7254=ORIENTED_EDGE('',*,*,#5278,.T.);
#7255=ORIENTED_EDGE('',*,*,#5612,.F.);
#7256=ORIENTED_EDGE('',*,*,#5280,.T.);
#7257=ORIENTED_EDGE('',*,*,#5613,.T.);
#7258=ORIENTED_EDGE('',*,*,#4941,.F.);
#7259=ORIENTED_EDGE('',*,*,#5614,.F.);
#7260=ORIENTED_EDGE('',*,*,#5281,.T.);
#7261=ORIENTED_EDGE('',*,*,#5614,.T.);
#7262=ORIENTED_EDGE('',*,*,#4940,.F.);
#7263=ORIENTED_EDGE('',*,*,#5615,.F.);
#7264=ORIENTED_EDGE('',*,*,#5282,.T.);
#7265=ORIENTED_EDGE('',*,*,#5615,.T.);
#7266=ORIENTED_EDGE('',*,*,#4939,.F.);
#7267=ORIENTED_EDGE('',*,*,#5616,.F.);
#7268=ORIENTED_EDGE('',*,*,#5279,.T.);
#7269=ORIENTED_EDGE('',*,*,#5616,.T.);
#7270=ORIENTED_EDGE('',*,*,#4938,.F.);
#7271=ORIENTED_EDGE('',*,*,#5613,.F.);
#7272=ORIENTED_EDGE('',*,*,#5284,.T.);
#7273=ORIENTED_EDGE('',*,*,#5617,.T.);
#7274=ORIENTED_EDGE('',*,*,#4945,.F.);
#7275=ORIENTED_EDGE('',*,*,#5618,.F.);
#7276=ORIENTED_EDGE('',*,*,#5285,.T.);
#7277=ORIENTED_EDGE('',*,*,#5618,.T.);
#7278=ORIENTED_EDGE('',*,*,#4944,.F.);
#7279=ORIENTED_EDGE('',*,*,#5619,.F.);
#7280=ORIENTED_EDGE('',*,*,#5286,.T.);
#7281=ORIENTED_EDGE('',*,*,#5619,.T.);
#7282=ORIENTED_EDGE('',*,*,#4943,.F.);
#7283=ORIENTED_EDGE('',*,*,#5620,.F.);
#7284=ORIENTED_EDGE('',*,*,#5283,.T.);
#7285=ORIENTED_EDGE('',*,*,#5620,.T.);
#7286=ORIENTED_EDGE('',*,*,#4942,.F.);
#7287=ORIENTED_EDGE('',*,*,#5617,.F.);
#7288=ORIENTED_EDGE('',*,*,#5288,.T.);
#7289=ORIENTED_EDGE('',*,*,#5621,.T.);
#7290=ORIENTED_EDGE('',*,*,#4949,.F.);
#7291=ORIENTED_EDGE('',*,*,#5622,.F.);
#7292=ORIENTED_EDGE('',*,*,#5289,.T.);
#7293=ORIENTED_EDGE('',*,*,#5622,.T.);
#7294=ORIENTED_EDGE('',*,*,#4948,.F.);
#7295=ORIENTED_EDGE('',*,*,#5623,.F.);
#7296=ORIENTED_EDGE('',*,*,#5290,.T.);
#7297=ORIENTED_EDGE('',*,*,#5623,.T.);
#7298=ORIENTED_EDGE('',*,*,#4947,.F.);
#7299=ORIENTED_EDGE('',*,*,#5624,.F.);
#7300=ORIENTED_EDGE('',*,*,#5287,.T.);
#7301=ORIENTED_EDGE('',*,*,#5624,.T.);
#7302=ORIENTED_EDGE('',*,*,#4946,.F.);
#7303=ORIENTED_EDGE('',*,*,#5621,.F.);
#7304=ORIENTED_EDGE('',*,*,#4950,.F.);
#7305=ORIENTED_EDGE('',*,*,#5625,.T.);
#7306=ORIENTED_EDGE('',*,*,#5291,.T.);
#7307=ORIENTED_EDGE('',*,*,#5625,.F.);
#7308=ORIENTED_EDGE('',*,*,#5293,.T.);
#7309=ORIENTED_EDGE('',*,*,#5626,.T.);
#7310=ORIENTED_EDGE('',*,*,#4954,.F.);
#7311=ORIENTED_EDGE('',*,*,#5627,.F.);
#7312=ORIENTED_EDGE('',*,*,#5294,.T.);
#7313=ORIENTED_EDGE('',*,*,#5627,.T.);
#7314=ORIENTED_EDGE('',*,*,#4953,.F.);
#7315=ORIENTED_EDGE('',*,*,#5628,.F.);
#7316=ORIENTED_EDGE('',*,*,#5295,.T.);
#7317=ORIENTED_EDGE('',*,*,#5628,.T.);
#7318=ORIENTED_EDGE('',*,*,#4952,.F.);
#7319=ORIENTED_EDGE('',*,*,#5629,.F.);
#7320=ORIENTED_EDGE('',*,*,#5292,.T.);
#7321=ORIENTED_EDGE('',*,*,#5629,.T.);
#7322=ORIENTED_EDGE('',*,*,#4951,.F.);
#7323=ORIENTED_EDGE('',*,*,#5626,.F.);
#7324=ORIENTED_EDGE('',*,*,#5297,.T.);
#7325=ORIENTED_EDGE('',*,*,#5630,.T.);
#7326=ORIENTED_EDGE('',*,*,#4958,.F.);
#7327=ORIENTED_EDGE('',*,*,#5631,.F.);
#7328=ORIENTED_EDGE('',*,*,#5298,.T.);
#7329=ORIENTED_EDGE('',*,*,#5631,.T.);
#7330=ORIENTED_EDGE('',*,*,#4957,.F.);
#7331=ORIENTED_EDGE('',*,*,#5632,.F.);
#7332=ORIENTED_EDGE('',*,*,#5299,.T.);
#7333=ORIENTED_EDGE('',*,*,#5632,.T.);
#7334=ORIENTED_EDGE('',*,*,#4956,.F.);
#7335=ORIENTED_EDGE('',*,*,#5633,.F.);
#7336=ORIENTED_EDGE('',*,*,#5296,.T.);
#7337=ORIENTED_EDGE('',*,*,#5633,.T.);
#7338=ORIENTED_EDGE('',*,*,#4955,.F.);
#7339=ORIENTED_EDGE('',*,*,#5630,.F.);
#7340=ORIENTED_EDGE('',*,*,#4959,.F.);
#7341=ORIENTED_EDGE('',*,*,#5634,.T.);
#7342=ORIENTED_EDGE('',*,*,#5300,.T.);
#7343=ORIENTED_EDGE('',*,*,#5634,.F.);
#7344=ORIENTED_EDGE('',*,*,#5302,.T.);
#7345=ORIENTED_EDGE('',*,*,#5635,.T.);
#7346=ORIENTED_EDGE('',*,*,#4963,.F.);
#7347=ORIENTED_EDGE('',*,*,#5636,.F.);
#7348=ORIENTED_EDGE('',*,*,#5303,.T.);
#7349=ORIENTED_EDGE('',*,*,#5636,.T.);
#7350=ORIENTED_EDGE('',*,*,#4962,.F.);
#7351=ORIENTED_EDGE('',*,*,#5637,.F.);
#7352=ORIENTED_EDGE('',*,*,#5304,.T.);
#7353=ORIENTED_EDGE('',*,*,#5637,.T.);
#7354=ORIENTED_EDGE('',*,*,#4961,.F.);
#7355=ORIENTED_EDGE('',*,*,#5638,.F.);
#7356=ORIENTED_EDGE('',*,*,#5301,.T.);
#7357=ORIENTED_EDGE('',*,*,#5638,.T.);
#7358=ORIENTED_EDGE('',*,*,#4960,.F.);
#7359=ORIENTED_EDGE('',*,*,#5635,.F.);
#7360=ORIENTED_EDGE('',*,*,#5306,.T.);
#7361=ORIENTED_EDGE('',*,*,#5639,.T.);
#7362=ORIENTED_EDGE('',*,*,#4967,.F.);
#7363=ORIENTED_EDGE('',*,*,#5640,.F.);
#7364=ORIENTED_EDGE('',*,*,#5307,.T.);
#7365=ORIENTED_EDGE('',*,*,#5640,.T.);
#7366=ORIENTED_EDGE('',*,*,#4966,.F.);
#7367=ORIENTED_EDGE('',*,*,#5641,.F.);
#7368=ORIENTED_EDGE('',*,*,#5308,.T.);
#7369=ORIENTED_EDGE('',*,*,#5641,.T.);
#7370=ORIENTED_EDGE('',*,*,#4965,.F.);
#7371=ORIENTED_EDGE('',*,*,#5642,.F.);
#7372=ORIENTED_EDGE('',*,*,#5305,.T.);
#7373=ORIENTED_EDGE('',*,*,#5642,.T.);
#7374=ORIENTED_EDGE('',*,*,#4964,.F.);
#7375=ORIENTED_EDGE('',*,*,#5639,.F.);
#7376=ORIENTED_EDGE('',*,*,#5310,.T.);
#7377=ORIENTED_EDGE('',*,*,#5643,.T.);
#7378=ORIENTED_EDGE('',*,*,#4971,.F.);
#7379=ORIENTED_EDGE('',*,*,#5644,.F.);
#7380=ORIENTED_EDGE('',*,*,#5311,.T.);
#7381=ORIENTED_EDGE('',*,*,#5644,.T.);
#7382=ORIENTED_EDGE('',*,*,#4970,.F.);
#7383=ORIENTED_EDGE('',*,*,#5645,.F.);
#7384=ORIENTED_EDGE('',*,*,#5312,.T.);
#7385=ORIENTED_EDGE('',*,*,#5645,.T.);
#7386=ORIENTED_EDGE('',*,*,#4969,.F.);
#7387=ORIENTED_EDGE('',*,*,#5646,.F.);
#7388=ORIENTED_EDGE('',*,*,#5309,.T.);
#7389=ORIENTED_EDGE('',*,*,#5646,.T.);
#7390=ORIENTED_EDGE('',*,*,#4968,.F.);
#7391=ORIENTED_EDGE('',*,*,#5643,.F.);
#7392=ORIENTED_EDGE('',*,*,#5314,.T.);
#7393=ORIENTED_EDGE('',*,*,#5647,.T.);
#7394=ORIENTED_EDGE('',*,*,#4975,.F.);
#7395=ORIENTED_EDGE('',*,*,#5648,.F.);
#7396=ORIENTED_EDGE('',*,*,#5315,.T.);
#7397=ORIENTED_EDGE('',*,*,#5648,.T.);
#7398=ORIENTED_EDGE('',*,*,#4974,.F.);
#7399=ORIENTED_EDGE('',*,*,#5649,.F.);
#7400=ORIENTED_EDGE('',*,*,#5316,.T.);
#7401=ORIENTED_EDGE('',*,*,#5649,.T.);
#7402=ORIENTED_EDGE('',*,*,#4973,.F.);
#7403=ORIENTED_EDGE('',*,*,#5650,.F.);
#7404=ORIENTED_EDGE('',*,*,#5313,.T.);
#7405=ORIENTED_EDGE('',*,*,#5650,.T.);
#7406=ORIENTED_EDGE('',*,*,#4972,.F.);
#7407=ORIENTED_EDGE('',*,*,#5647,.F.);
#7408=ORIENTED_EDGE('',*,*,#5318,.T.);
#7409=ORIENTED_EDGE('',*,*,#5651,.T.);
#7410=ORIENTED_EDGE('',*,*,#4979,.F.);
#7411=ORIENTED_EDGE('',*,*,#5652,.F.);
#7412=ORIENTED_EDGE('',*,*,#5319,.T.);
#7413=ORIENTED_EDGE('',*,*,#5652,.T.);
#7414=ORIENTED_EDGE('',*,*,#4978,.F.);
#7415=ORIENTED_EDGE('',*,*,#5653,.F.);
#7416=ORIENTED_EDGE('',*,*,#5320,.T.);
#7417=ORIENTED_EDGE('',*,*,#5653,.T.);
#7418=ORIENTED_EDGE('',*,*,#4977,.F.);
#7419=ORIENTED_EDGE('',*,*,#5654,.F.);
#7420=ORIENTED_EDGE('',*,*,#5317,.T.);
#7421=ORIENTED_EDGE('',*,*,#5654,.T.);
#7422=ORIENTED_EDGE('',*,*,#4976,.F.);
#7423=ORIENTED_EDGE('',*,*,#5651,.F.);
#7424=ORIENTED_EDGE('',*,*,#5322,.T.);
#7425=ORIENTED_EDGE('',*,*,#5655,.T.);
#7426=ORIENTED_EDGE('',*,*,#4983,.F.);
#7427=ORIENTED_EDGE('',*,*,#5656,.F.);
#7428=ORIENTED_EDGE('',*,*,#5323,.T.);
#7429=ORIENTED_EDGE('',*,*,#5656,.T.);
#7430=ORIENTED_EDGE('',*,*,#4982,.F.);
#7431=ORIENTED_EDGE('',*,*,#5657,.F.);
#7432=ORIENTED_EDGE('',*,*,#5324,.T.);
#7433=ORIENTED_EDGE('',*,*,#5657,.T.);
#7434=ORIENTED_EDGE('',*,*,#4981,.F.);
#7435=ORIENTED_EDGE('',*,*,#5658,.F.);
#7436=ORIENTED_EDGE('',*,*,#5321,.T.);
#7437=ORIENTED_EDGE('',*,*,#5658,.T.);
#7438=ORIENTED_EDGE('',*,*,#4980,.F.);
#7439=ORIENTED_EDGE('',*,*,#5655,.F.);
#7440=ORIENTED_EDGE('',*,*,#5326,.T.);
#7441=ORIENTED_EDGE('',*,*,#5659,.T.);
#7442=ORIENTED_EDGE('',*,*,#4987,.F.);
#7443=ORIENTED_EDGE('',*,*,#5660,.F.);
#7444=ORIENTED_EDGE('',*,*,#5327,.T.);
#7445=ORIENTED_EDGE('',*,*,#5660,.T.);
#7446=ORIENTED_EDGE('',*,*,#4986,.F.);
#7447=ORIENTED_EDGE('',*,*,#5661,.F.);
#7448=ORIENTED_EDGE('',*,*,#5328,.T.);
#7449=ORIENTED_EDGE('',*,*,#5661,.T.);
#7450=ORIENTED_EDGE('',*,*,#4985,.F.);
#7451=ORIENTED_EDGE('',*,*,#5662,.F.);
#7452=ORIENTED_EDGE('',*,*,#5325,.T.);
#7453=ORIENTED_EDGE('',*,*,#5662,.T.);
#7454=ORIENTED_EDGE('',*,*,#4984,.F.);
#7455=ORIENTED_EDGE('',*,*,#5659,.F.);
#7456=ORIENTED_EDGE('',*,*,#5330,.T.);
#7457=ORIENTED_EDGE('',*,*,#5663,.T.);
#7458=ORIENTED_EDGE('',*,*,#4991,.F.);
#7459=ORIENTED_EDGE('',*,*,#5664,.F.);
#7460=ORIENTED_EDGE('',*,*,#5331,.T.);
#7461=ORIENTED_EDGE('',*,*,#5664,.T.);
#7462=ORIENTED_EDGE('',*,*,#4990,.F.);
#7463=ORIENTED_EDGE('',*,*,#5665,.F.);
#7464=ORIENTED_EDGE('',*,*,#5332,.T.);
#7465=ORIENTED_EDGE('',*,*,#5665,.T.);
#7466=ORIENTED_EDGE('',*,*,#4989,.F.);
#7467=ORIENTED_EDGE('',*,*,#5666,.F.);
#7468=ORIENTED_EDGE('',*,*,#5329,.T.);
#7469=ORIENTED_EDGE('',*,*,#5666,.T.);
#7470=ORIENTED_EDGE('',*,*,#4988,.F.);
#7471=ORIENTED_EDGE('',*,*,#5663,.F.);
#7472=ORIENTED_EDGE('',*,*,#5334,.T.);
#7473=ORIENTED_EDGE('',*,*,#5667,.T.);
#7474=ORIENTED_EDGE('',*,*,#4995,.F.);
#7475=ORIENTED_EDGE('',*,*,#5668,.F.);
#7476=ORIENTED_EDGE('',*,*,#5335,.T.);
#7477=ORIENTED_EDGE('',*,*,#5668,.T.);
#7478=ORIENTED_EDGE('',*,*,#4994,.F.);
#7479=ORIENTED_EDGE('',*,*,#5669,.F.);
#7480=ORIENTED_EDGE('',*,*,#5336,.T.);
#7481=ORIENTED_EDGE('',*,*,#5669,.T.);
#7482=ORIENTED_EDGE('',*,*,#4993,.F.);
#7483=ORIENTED_EDGE('',*,*,#5670,.F.);
#7484=ORIENTED_EDGE('',*,*,#5333,.T.);
#7485=ORIENTED_EDGE('',*,*,#5670,.T.);
#7486=ORIENTED_EDGE('',*,*,#4992,.F.);
#7487=ORIENTED_EDGE('',*,*,#5667,.F.);
#7488=ORIENTED_EDGE('',*,*,#5338,.T.);
#7489=ORIENTED_EDGE('',*,*,#5671,.T.);
#7490=ORIENTED_EDGE('',*,*,#4999,.F.);
#7491=ORIENTED_EDGE('',*,*,#5672,.F.);
#7492=ORIENTED_EDGE('',*,*,#5339,.T.);
#7493=ORIENTED_EDGE('',*,*,#5672,.T.);
#7494=ORIENTED_EDGE('',*,*,#4998,.F.);
#7495=ORIENTED_EDGE('',*,*,#5673,.F.);
#7496=ORIENTED_EDGE('',*,*,#5340,.T.);
#7497=ORIENTED_EDGE('',*,*,#5673,.T.);
#7498=ORIENTED_EDGE('',*,*,#4997,.F.);
#7499=ORIENTED_EDGE('',*,*,#5674,.F.);
#7500=ORIENTED_EDGE('',*,*,#5337,.T.);
#7501=ORIENTED_EDGE('',*,*,#5674,.T.);
#7502=ORIENTED_EDGE('',*,*,#4996,.F.);
#7503=ORIENTED_EDGE('',*,*,#5671,.F.);
#7504=ORIENTED_EDGE('',*,*,#5342,.T.);
#7505=ORIENTED_EDGE('',*,*,#5675,.T.);
#7506=ORIENTED_EDGE('',*,*,#5003,.F.);
#7507=ORIENTED_EDGE('',*,*,#5676,.F.);
#7508=ORIENTED_EDGE('',*,*,#5343,.T.);
#7509=ORIENTED_EDGE('',*,*,#5676,.T.);
#7510=ORIENTED_EDGE('',*,*,#5002,.F.);
#7511=ORIENTED_EDGE('',*,*,#5677,.F.);
#7512=ORIENTED_EDGE('',*,*,#5344,.T.);
#7513=ORIENTED_EDGE('',*,*,#5677,.T.);
#7514=ORIENTED_EDGE('',*,*,#5001,.F.);
#7515=ORIENTED_EDGE('',*,*,#5678,.F.);
#7516=ORIENTED_EDGE('',*,*,#5341,.T.);
#7517=ORIENTED_EDGE('',*,*,#5678,.T.);
#7518=ORIENTED_EDGE('',*,*,#5000,.F.);
#7519=ORIENTED_EDGE('',*,*,#5675,.F.);
#7520=ORIENTED_EDGE('',*,*,#5346,.T.);
#7521=ORIENTED_EDGE('',*,*,#5679,.T.);
#7522=ORIENTED_EDGE('',*,*,#5007,.F.);
#7523=ORIENTED_EDGE('',*,*,#5680,.F.);
#7524=ORIENTED_EDGE('',*,*,#5347,.T.);
#7525=ORIENTED_EDGE('',*,*,#5680,.T.);
#7526=ORIENTED_EDGE('',*,*,#5006,.F.);
#7527=ORIENTED_EDGE('',*,*,#5681,.F.);
#7528=ORIENTED_EDGE('',*,*,#5348,.T.);
#7529=ORIENTED_EDGE('',*,*,#5681,.T.);
#7530=ORIENTED_EDGE('',*,*,#5005,.F.);
#7531=ORIENTED_EDGE('',*,*,#5682,.F.);
#7532=ORIENTED_EDGE('',*,*,#5345,.T.);
#7533=ORIENTED_EDGE('',*,*,#5682,.T.);
#7534=ORIENTED_EDGE('',*,*,#5004,.F.);
#7535=ORIENTED_EDGE('',*,*,#5679,.F.);
#7536=ORIENTED_EDGE('',*,*,#5350,.T.);
#7537=ORIENTED_EDGE('',*,*,#5683,.T.);
#7538=ORIENTED_EDGE('',*,*,#5011,.F.);
#7539=ORIENTED_EDGE('',*,*,#5684,.F.);
#7540=ORIENTED_EDGE('',*,*,#5351,.T.);
#7541=ORIENTED_EDGE('',*,*,#5684,.T.);
#7542=ORIENTED_EDGE('',*,*,#5010,.F.);
#7543=ORIENTED_EDGE('',*,*,#5685,.F.);
#7544=ORIENTED_EDGE('',*,*,#5352,.T.);
#7545=ORIENTED_EDGE('',*,*,#5685,.T.);
#7546=ORIENTED_EDGE('',*,*,#5009,.F.);
#7547=ORIENTED_EDGE('',*,*,#5686,.F.);
#7548=ORIENTED_EDGE('',*,*,#5349,.T.);
#7549=ORIENTED_EDGE('',*,*,#5686,.T.);
#7550=ORIENTED_EDGE('',*,*,#5008,.F.);
#7551=ORIENTED_EDGE('',*,*,#5683,.F.);
#7552=ORIENTED_EDGE('',*,*,#5354,.T.);
#7553=ORIENTED_EDGE('',*,*,#5687,.T.);
#7554=ORIENTED_EDGE('',*,*,#5015,.F.);
#7555=ORIENTED_EDGE('',*,*,#5688,.F.);
#7556=ORIENTED_EDGE('',*,*,#5355,.T.);
#7557=ORIENTED_EDGE('',*,*,#5688,.T.);
#7558=ORIENTED_EDGE('',*,*,#5014,.F.);
#7559=ORIENTED_EDGE('',*,*,#5689,.F.);
#7560=ORIENTED_EDGE('',*,*,#5356,.T.);
#7561=ORIENTED_EDGE('',*,*,#5689,.T.);
#7562=ORIENTED_EDGE('',*,*,#5013,.F.);
#7563=ORIENTED_EDGE('',*,*,#5690,.F.);
#7564=ORIENTED_EDGE('',*,*,#5353,.T.);
#7565=ORIENTED_EDGE('',*,*,#5690,.T.);
#7566=ORIENTED_EDGE('',*,*,#5012,.F.);
#7567=ORIENTED_EDGE('',*,*,#5687,.F.);
#7568=ORIENTED_EDGE('',*,*,#5358,.T.);
#7569=ORIENTED_EDGE('',*,*,#5691,.T.);
#7570=ORIENTED_EDGE('',*,*,#5019,.F.);
#7571=ORIENTED_EDGE('',*,*,#5692,.F.);
#7572=ORIENTED_EDGE('',*,*,#5359,.T.);
#7573=ORIENTED_EDGE('',*,*,#5692,.T.);
#7574=ORIENTED_EDGE('',*,*,#5018,.F.);
#7575=ORIENTED_EDGE('',*,*,#5693,.F.);
#7576=ORIENTED_EDGE('',*,*,#5360,.T.);
#7577=ORIENTED_EDGE('',*,*,#5693,.T.);
#7578=ORIENTED_EDGE('',*,*,#5017,.F.);
#7579=ORIENTED_EDGE('',*,*,#5694,.F.);
#7580=ORIENTED_EDGE('',*,*,#5357,.T.);
#7581=ORIENTED_EDGE('',*,*,#5694,.T.);
#7582=ORIENTED_EDGE('',*,*,#5016,.F.);
#7583=ORIENTED_EDGE('',*,*,#5691,.F.);
#7584=ORIENTED_EDGE('',*,*,#5362,.T.);
#7585=ORIENTED_EDGE('',*,*,#5695,.T.);
#7586=ORIENTED_EDGE('',*,*,#5023,.F.);
#7587=ORIENTED_EDGE('',*,*,#5696,.F.);
#7588=ORIENTED_EDGE('',*,*,#5363,.T.);
#7589=ORIENTED_EDGE('',*,*,#5696,.T.);
#7590=ORIENTED_EDGE('',*,*,#5022,.F.);
#7591=ORIENTED_EDGE('',*,*,#5697,.F.);
#7592=ORIENTED_EDGE('',*,*,#5364,.T.);
#7593=ORIENTED_EDGE('',*,*,#5697,.T.);
#7594=ORIENTED_EDGE('',*,*,#5021,.F.);
#7595=ORIENTED_EDGE('',*,*,#5698,.F.);
#7596=ORIENTED_EDGE('',*,*,#5361,.T.);
#7597=ORIENTED_EDGE('',*,*,#5698,.T.);
#7598=ORIENTED_EDGE('',*,*,#5020,.F.);
#7599=ORIENTED_EDGE('',*,*,#5695,.F.);
#7600=ORIENTED_EDGE('',*,*,#5366,.T.);
#7601=ORIENTED_EDGE('',*,*,#5699,.T.);
#7602=ORIENTED_EDGE('',*,*,#5027,.F.);
#7603=ORIENTED_EDGE('',*,*,#5700,.F.);
#7604=ORIENTED_EDGE('',*,*,#5367,.T.);
#7605=ORIENTED_EDGE('',*,*,#5700,.T.);
#7606=ORIENTED_EDGE('',*,*,#5026,.F.);
#7607=ORIENTED_EDGE('',*,*,#5701,.F.);
#7608=ORIENTED_EDGE('',*,*,#5368,.T.);
#7609=ORIENTED_EDGE('',*,*,#5701,.T.);
#7610=ORIENTED_EDGE('',*,*,#5025,.F.);
#7611=ORIENTED_EDGE('',*,*,#5702,.F.);
#7612=ORIENTED_EDGE('',*,*,#5365,.T.);
#7613=ORIENTED_EDGE('',*,*,#5702,.T.);
#7614=ORIENTED_EDGE('',*,*,#5024,.F.);
#7615=ORIENTED_EDGE('',*,*,#5699,.F.);
#7616=ORIENTED_EDGE('',*,*,#5370,.T.);
#7617=ORIENTED_EDGE('',*,*,#5703,.T.);
#7618=ORIENTED_EDGE('',*,*,#5031,.F.);
#7619=ORIENTED_EDGE('',*,*,#5704,.F.);
#7620=ORIENTED_EDGE('',*,*,#5371,.T.);
#7621=ORIENTED_EDGE('',*,*,#5704,.T.);
#7622=ORIENTED_EDGE('',*,*,#5030,.F.);
#7623=ORIENTED_EDGE('',*,*,#5705,.F.);
#7624=ORIENTED_EDGE('',*,*,#5372,.T.);
#7625=ORIENTED_EDGE('',*,*,#5705,.T.);
#7626=ORIENTED_EDGE('',*,*,#5029,.F.);
#7627=ORIENTED_EDGE('',*,*,#5706,.F.);
#7628=ORIENTED_EDGE('',*,*,#5369,.T.);
#7629=ORIENTED_EDGE('',*,*,#5706,.T.);
#7630=ORIENTED_EDGE('',*,*,#5028,.F.);
#7631=ORIENTED_EDGE('',*,*,#5703,.F.);
#7632=ORIENTED_EDGE('',*,*,#5374,.T.);
#7633=ORIENTED_EDGE('',*,*,#5707,.T.);
#7634=ORIENTED_EDGE('',*,*,#5035,.F.);
#7635=ORIENTED_EDGE('',*,*,#5708,.F.);
#7636=ORIENTED_EDGE('',*,*,#5375,.T.);
#7637=ORIENTED_EDGE('',*,*,#5708,.T.);
#7638=ORIENTED_EDGE('',*,*,#5034,.F.);
#7639=ORIENTED_EDGE('',*,*,#5709,.F.);
#7640=ORIENTED_EDGE('',*,*,#5376,.T.);
#7641=ORIENTED_EDGE('',*,*,#5709,.T.);
#7642=ORIENTED_EDGE('',*,*,#5033,.F.);
#7643=ORIENTED_EDGE('',*,*,#5710,.F.);
#7644=ORIENTED_EDGE('',*,*,#5373,.T.);
#7645=ORIENTED_EDGE('',*,*,#5710,.T.);
#7646=ORIENTED_EDGE('',*,*,#5032,.F.);
#7647=ORIENTED_EDGE('',*,*,#5707,.F.);
#7648=ORIENTED_EDGE('',*,*,#5378,.T.);
#7649=ORIENTED_EDGE('',*,*,#5711,.T.);
#7650=ORIENTED_EDGE('',*,*,#5039,.F.);
#7651=ORIENTED_EDGE('',*,*,#5712,.F.);
#7652=ORIENTED_EDGE('',*,*,#5379,.T.);
#7653=ORIENTED_EDGE('',*,*,#5712,.T.);
#7654=ORIENTED_EDGE('',*,*,#5038,.F.);
#7655=ORIENTED_EDGE('',*,*,#5713,.F.);
#7656=ORIENTED_EDGE('',*,*,#5380,.T.);
#7657=ORIENTED_EDGE('',*,*,#5713,.T.);
#7658=ORIENTED_EDGE('',*,*,#5037,.F.);
#7659=ORIENTED_EDGE('',*,*,#5714,.F.);
#7660=ORIENTED_EDGE('',*,*,#5377,.T.);
#7661=ORIENTED_EDGE('',*,*,#5714,.T.);
#7662=ORIENTED_EDGE('',*,*,#5036,.F.);
#7663=ORIENTED_EDGE('',*,*,#5711,.F.);
#7664=ORIENTED_EDGE('',*,*,#5382,.T.);
#7665=ORIENTED_EDGE('',*,*,#5715,.T.);
#7666=ORIENTED_EDGE('',*,*,#5043,.F.);
#7667=ORIENTED_EDGE('',*,*,#5716,.F.);
#7668=ORIENTED_EDGE('',*,*,#5383,.T.);
#7669=ORIENTED_EDGE('',*,*,#5716,.T.);
#7670=ORIENTED_EDGE('',*,*,#5042,.F.);
#7671=ORIENTED_EDGE('',*,*,#5717,.F.);
#7672=ORIENTED_EDGE('',*,*,#5384,.T.);
#7673=ORIENTED_EDGE('',*,*,#5717,.T.);
#7674=ORIENTED_EDGE('',*,*,#5041,.F.);
#7675=ORIENTED_EDGE('',*,*,#5718,.F.);
#7676=ORIENTED_EDGE('',*,*,#5381,.T.);
#7677=ORIENTED_EDGE('',*,*,#5718,.T.);
#7678=ORIENTED_EDGE('',*,*,#5040,.F.);
#7679=ORIENTED_EDGE('',*,*,#5715,.F.);
#7680=ORIENTED_EDGE('',*,*,#5386,.T.);
#7681=ORIENTED_EDGE('',*,*,#5719,.T.);
#7682=ORIENTED_EDGE('',*,*,#5047,.F.);
#7683=ORIENTED_EDGE('',*,*,#5720,.F.);
#7684=ORIENTED_EDGE('',*,*,#5387,.T.);
#7685=ORIENTED_EDGE('',*,*,#5720,.T.);
#7686=ORIENTED_EDGE('',*,*,#5046,.F.);
#7687=ORIENTED_EDGE('',*,*,#5721,.F.);
#7688=ORIENTED_EDGE('',*,*,#5388,.T.);
#7689=ORIENTED_EDGE('',*,*,#5721,.T.);
#7690=ORIENTED_EDGE('',*,*,#5045,.F.);
#7691=ORIENTED_EDGE('',*,*,#5722,.F.);
#7692=ORIENTED_EDGE('',*,*,#5385,.T.);
#7693=ORIENTED_EDGE('',*,*,#5722,.T.);
#7694=ORIENTED_EDGE('',*,*,#5044,.F.);
#7695=ORIENTED_EDGE('',*,*,#5719,.F.);
#7696=ORIENTED_EDGE('',*,*,#5390,.T.);
#7697=ORIENTED_EDGE('',*,*,#5723,.T.);
#7698=ORIENTED_EDGE('',*,*,#5051,.F.);
#7699=ORIENTED_EDGE('',*,*,#5724,.F.);
#7700=ORIENTED_EDGE('',*,*,#5391,.T.);
#7701=ORIENTED_EDGE('',*,*,#5724,.T.);
#7702=ORIENTED_EDGE('',*,*,#5050,.F.);
#7703=ORIENTED_EDGE('',*,*,#5725,.F.);
#7704=ORIENTED_EDGE('',*,*,#5392,.T.);
#7705=ORIENTED_EDGE('',*,*,#5725,.T.);
#7706=ORIENTED_EDGE('',*,*,#5049,.F.);
#7707=ORIENTED_EDGE('',*,*,#5726,.F.);
#7708=ORIENTED_EDGE('',*,*,#5389,.T.);
#7709=ORIENTED_EDGE('',*,*,#5726,.T.);
#7710=ORIENTED_EDGE('',*,*,#5048,.F.);
#7711=ORIENTED_EDGE('',*,*,#5723,.F.);
#7712=ORIENTED_EDGE('',*,*,#5394,.T.);
#7713=ORIENTED_EDGE('',*,*,#5727,.T.);
#7714=ORIENTED_EDGE('',*,*,#5055,.F.);
#7715=ORIENTED_EDGE('',*,*,#5728,.F.);
#7716=ORIENTED_EDGE('',*,*,#5395,.T.);
#7717=ORIENTED_EDGE('',*,*,#5728,.T.);
#7718=ORIENTED_EDGE('',*,*,#5054,.F.);
#7719=ORIENTED_EDGE('',*,*,#5729,.F.);
#7720=ORIENTED_EDGE('',*,*,#5396,.T.);
#7721=ORIENTED_EDGE('',*,*,#5729,.T.);
#7722=ORIENTED_EDGE('',*,*,#5053,.F.);
#7723=ORIENTED_EDGE('',*,*,#5730,.F.);
#7724=ORIENTED_EDGE('',*,*,#5393,.T.);
#7725=ORIENTED_EDGE('',*,*,#5730,.T.);
#7726=ORIENTED_EDGE('',*,*,#5052,.F.);
#7727=ORIENTED_EDGE('',*,*,#5727,.F.);
#7728=ORIENTED_EDGE('',*,*,#5398,.T.);
#7729=ORIENTED_EDGE('',*,*,#5731,.T.);
#7730=ORIENTED_EDGE('',*,*,#5059,.F.);
#7731=ORIENTED_EDGE('',*,*,#5732,.F.);
#7732=ORIENTED_EDGE('',*,*,#5399,.T.);
#7733=ORIENTED_EDGE('',*,*,#5732,.T.);
#7734=ORIENTED_EDGE('',*,*,#5058,.F.);
#7735=ORIENTED_EDGE('',*,*,#5733,.F.);
#7736=ORIENTED_EDGE('',*,*,#5400,.T.);
#7737=ORIENTED_EDGE('',*,*,#5733,.T.);
#7738=ORIENTED_EDGE('',*,*,#5057,.F.);
#7739=ORIENTED_EDGE('',*,*,#5734,.F.);
#7740=ORIENTED_EDGE('',*,*,#5397,.T.);
#7741=ORIENTED_EDGE('',*,*,#5734,.T.);
#7742=ORIENTED_EDGE('',*,*,#5056,.F.);
#7743=ORIENTED_EDGE('',*,*,#5731,.F.);
#7744=ORIENTED_EDGE('',*,*,#5402,.T.);
#7745=ORIENTED_EDGE('',*,*,#5735,.T.);
#7746=ORIENTED_EDGE('',*,*,#5063,.F.);
#7747=ORIENTED_EDGE('',*,*,#5736,.F.);
#7748=ORIENTED_EDGE('',*,*,#5403,.T.);
#7749=ORIENTED_EDGE('',*,*,#5736,.T.);
#7750=ORIENTED_EDGE('',*,*,#5062,.F.);
#7751=ORIENTED_EDGE('',*,*,#5737,.F.);
#7752=ORIENTED_EDGE('',*,*,#5404,.T.);
#7753=ORIENTED_EDGE('',*,*,#5737,.T.);
#7754=ORIENTED_EDGE('',*,*,#5061,.F.);
#7755=ORIENTED_EDGE('',*,*,#5738,.F.);
#7756=ORIENTED_EDGE('',*,*,#5401,.T.);
#7757=ORIENTED_EDGE('',*,*,#5738,.T.);
#7758=ORIENTED_EDGE('',*,*,#5060,.F.);
#7759=ORIENTED_EDGE('',*,*,#5735,.F.);
#7760=ORIENTED_EDGE('',*,*,#5406,.T.);
#7761=ORIENTED_EDGE('',*,*,#5739,.T.);
#7762=ORIENTED_EDGE('',*,*,#5067,.F.);
#7763=ORIENTED_EDGE('',*,*,#5740,.F.);
#7764=ORIENTED_EDGE('',*,*,#5407,.T.);
#7765=ORIENTED_EDGE('',*,*,#5740,.T.);
#7766=ORIENTED_EDGE('',*,*,#5066,.F.);
#7767=ORIENTED_EDGE('',*,*,#5741,.F.);
#7768=ORIENTED_EDGE('',*,*,#5408,.T.);
#7769=ORIENTED_EDGE('',*,*,#5741,.T.);
#7770=ORIENTED_EDGE('',*,*,#5065,.F.);
#7771=ORIENTED_EDGE('',*,*,#5742,.F.);
#7772=ORIENTED_EDGE('',*,*,#5405,.T.);
#7773=ORIENTED_EDGE('',*,*,#5742,.T.);
#7774=ORIENTED_EDGE('',*,*,#5064,.F.);
#7775=ORIENTED_EDGE('',*,*,#5739,.F.);
#7776=ORIENTED_EDGE('',*,*,#5410,.T.);
#7777=ORIENTED_EDGE('',*,*,#5743,.T.);
#7778=ORIENTED_EDGE('',*,*,#5071,.F.);
#7779=ORIENTED_EDGE('',*,*,#5744,.F.);
#7780=ORIENTED_EDGE('',*,*,#5411,.T.);
#7781=ORIENTED_EDGE('',*,*,#5744,.T.);
#7782=ORIENTED_EDGE('',*,*,#5070,.F.);
#7783=ORIENTED_EDGE('',*,*,#5745,.F.);
#7784=ORIENTED_EDGE('',*,*,#5412,.T.);
#7785=ORIENTED_EDGE('',*,*,#5745,.T.);
#7786=ORIENTED_EDGE('',*,*,#5069,.F.);
#7787=ORIENTED_EDGE('',*,*,#5746,.F.);
#7788=ORIENTED_EDGE('',*,*,#5409,.T.);
#7789=ORIENTED_EDGE('',*,*,#5746,.T.);
#7790=ORIENTED_EDGE('',*,*,#5068,.F.);
#7791=ORIENTED_EDGE('',*,*,#5743,.F.);
#7792=ORIENTED_EDGE('',*,*,#5414,.T.);
#7793=ORIENTED_EDGE('',*,*,#5747,.T.);
#7794=ORIENTED_EDGE('',*,*,#5075,.F.);
#7795=ORIENTED_EDGE('',*,*,#5748,.F.);
#7796=ORIENTED_EDGE('',*,*,#5415,.T.);
#7797=ORIENTED_EDGE('',*,*,#5748,.T.);
#7798=ORIENTED_EDGE('',*,*,#5074,.F.);
#7799=ORIENTED_EDGE('',*,*,#5749,.F.);
#7800=ORIENTED_EDGE('',*,*,#5416,.T.);
#7801=ORIENTED_EDGE('',*,*,#5749,.T.);
#7802=ORIENTED_EDGE('',*,*,#5073,.F.);
#7803=ORIENTED_EDGE('',*,*,#5750,.F.);
#7804=ORIENTED_EDGE('',*,*,#5413,.T.);
#7805=ORIENTED_EDGE('',*,*,#5750,.T.);
#7806=ORIENTED_EDGE('',*,*,#5072,.F.);
#7807=ORIENTED_EDGE('',*,*,#5747,.F.);
#7808=ORIENTED_EDGE('',*,*,#5418,.T.);
#7809=ORIENTED_EDGE('',*,*,#5751,.T.);
#7810=ORIENTED_EDGE('',*,*,#5079,.F.);
#7811=ORIENTED_EDGE('',*,*,#5752,.F.);
#7812=ORIENTED_EDGE('',*,*,#5419,.T.);
#7813=ORIENTED_EDGE('',*,*,#5752,.T.);
#7814=ORIENTED_EDGE('',*,*,#5078,.F.);
#7815=ORIENTED_EDGE('',*,*,#5753,.F.);
#7816=ORIENTED_EDGE('',*,*,#5420,.T.);
#7817=ORIENTED_EDGE('',*,*,#5753,.T.);
#7818=ORIENTED_EDGE('',*,*,#5077,.F.);
#7819=ORIENTED_EDGE('',*,*,#5754,.F.);
#7820=ORIENTED_EDGE('',*,*,#5417,.T.);
#7821=ORIENTED_EDGE('',*,*,#5754,.T.);
#7822=ORIENTED_EDGE('',*,*,#5076,.F.);
#7823=ORIENTED_EDGE('',*,*,#5751,.F.);
#7824=ORIENTED_EDGE('',*,*,#5422,.T.);
#7825=ORIENTED_EDGE('',*,*,#5755,.T.);
#7826=ORIENTED_EDGE('',*,*,#5083,.F.);
#7827=ORIENTED_EDGE('',*,*,#5756,.F.);
#7828=ORIENTED_EDGE('',*,*,#5423,.T.);
#7829=ORIENTED_EDGE('',*,*,#5756,.T.);
#7830=ORIENTED_EDGE('',*,*,#5082,.F.);
#7831=ORIENTED_EDGE('',*,*,#5757,.F.);
#7832=ORIENTED_EDGE('',*,*,#5424,.T.);
#7833=ORIENTED_EDGE('',*,*,#5757,.T.);
#7834=ORIENTED_EDGE('',*,*,#5081,.F.);
#7835=ORIENTED_EDGE('',*,*,#5758,.F.);
#7836=ORIENTED_EDGE('',*,*,#5421,.T.);
#7837=ORIENTED_EDGE('',*,*,#5758,.T.);
#7838=ORIENTED_EDGE('',*,*,#5080,.F.);
#7839=ORIENTED_EDGE('',*,*,#5755,.F.);
#7840=ORIENTED_EDGE('',*,*,#5426,.T.);
#7841=ORIENTED_EDGE('',*,*,#5759,.T.);
#7842=ORIENTED_EDGE('',*,*,#5087,.F.);
#7843=ORIENTED_EDGE('',*,*,#5760,.F.);
#7844=ORIENTED_EDGE('',*,*,#5427,.T.);
#7845=ORIENTED_EDGE('',*,*,#5760,.T.);
#7846=ORIENTED_EDGE('',*,*,#5086,.F.);
#7847=ORIENTED_EDGE('',*,*,#5761,.F.);
#7848=ORIENTED_EDGE('',*,*,#5428,.T.);
#7849=ORIENTED_EDGE('',*,*,#5761,.T.);
#7850=ORIENTED_EDGE('',*,*,#5085,.F.);
#7851=ORIENTED_EDGE('',*,*,#5762,.F.);
#7852=ORIENTED_EDGE('',*,*,#5425,.T.);
#7853=ORIENTED_EDGE('',*,*,#5762,.T.);
#7854=ORIENTED_EDGE('',*,*,#5084,.F.);
#7855=ORIENTED_EDGE('',*,*,#5759,.F.);
#7856=ORIENTED_EDGE('',*,*,#5430,.T.);
#7857=ORIENTED_EDGE('',*,*,#5763,.T.);
#7858=ORIENTED_EDGE('',*,*,#5091,.F.);
#7859=ORIENTED_EDGE('',*,*,#5764,.F.);
#7860=ORIENTED_EDGE('',*,*,#5431,.T.);
#7861=ORIENTED_EDGE('',*,*,#5764,.T.);
#7862=ORIENTED_EDGE('',*,*,#5090,.F.);
#7863=ORIENTED_EDGE('',*,*,#5765,.F.);
#7864=ORIENTED_EDGE('',*,*,#5432,.T.);
#7865=ORIENTED_EDGE('',*,*,#5765,.T.);
#7866=ORIENTED_EDGE('',*,*,#5089,.F.);
#7867=ORIENTED_EDGE('',*,*,#5766,.F.);
#7868=ORIENTED_EDGE('',*,*,#5429,.T.);
#7869=ORIENTED_EDGE('',*,*,#5766,.T.);
#7870=ORIENTED_EDGE('',*,*,#5088,.F.);
#7871=ORIENTED_EDGE('',*,*,#5763,.F.);
#7872=ORIENTED_EDGE('',*,*,#5434,.T.);
#7873=ORIENTED_EDGE('',*,*,#5767,.T.);
#7874=ORIENTED_EDGE('',*,*,#5095,.F.);
#7875=ORIENTED_EDGE('',*,*,#5768,.F.);
#7876=ORIENTED_EDGE('',*,*,#5435,.T.);
#7877=ORIENTED_EDGE('',*,*,#5768,.T.);
#7878=ORIENTED_EDGE('',*,*,#5094,.F.);
#7879=ORIENTED_EDGE('',*,*,#5769,.F.);
#7880=ORIENTED_EDGE('',*,*,#5436,.T.);
#7881=ORIENTED_EDGE('',*,*,#5769,.T.);
#7882=ORIENTED_EDGE('',*,*,#5093,.F.);
#7883=ORIENTED_EDGE('',*,*,#5770,.F.);
#7884=ORIENTED_EDGE('',*,*,#5433,.T.);
#7885=ORIENTED_EDGE('',*,*,#5770,.T.);
#7886=ORIENTED_EDGE('',*,*,#5092,.F.);
#7887=ORIENTED_EDGE('',*,*,#5767,.F.);
#7888=ORIENTED_EDGE('',*,*,#5438,.T.);
#7889=ORIENTED_EDGE('',*,*,#5771,.T.);
#7890=ORIENTED_EDGE('',*,*,#5099,.F.);
#7891=ORIENTED_EDGE('',*,*,#5772,.F.);
#7892=ORIENTED_EDGE('',*,*,#5439,.T.);
#7893=ORIENTED_EDGE('',*,*,#5772,.T.);
#7894=ORIENTED_EDGE('',*,*,#5098,.F.);
#7895=ORIENTED_EDGE('',*,*,#5773,.F.);
#7896=ORIENTED_EDGE('',*,*,#5440,.T.);
#7897=ORIENTED_EDGE('',*,*,#5773,.T.);
#7898=ORIENTED_EDGE('',*,*,#5097,.F.);
#7899=ORIENTED_EDGE('',*,*,#5774,.F.);
#7900=ORIENTED_EDGE('',*,*,#5437,.T.);
#7901=ORIENTED_EDGE('',*,*,#5774,.T.);
#7902=ORIENTED_EDGE('',*,*,#5096,.F.);
#7903=ORIENTED_EDGE('',*,*,#5771,.F.);
#7904=ORIENTED_EDGE('',*,*,#5442,.T.);
#7905=ORIENTED_EDGE('',*,*,#5775,.T.);
#7906=ORIENTED_EDGE('',*,*,#5103,.F.);
#7907=ORIENTED_EDGE('',*,*,#5776,.F.);
#7908=ORIENTED_EDGE('',*,*,#5443,.T.);
#7909=ORIENTED_EDGE('',*,*,#5776,.T.);
#7910=ORIENTED_EDGE('',*,*,#5102,.F.);
#7911=ORIENTED_EDGE('',*,*,#5777,.F.);
#7912=ORIENTED_EDGE('',*,*,#5444,.T.);
#7913=ORIENTED_EDGE('',*,*,#5777,.T.);
#7914=ORIENTED_EDGE('',*,*,#5101,.F.);
#7915=ORIENTED_EDGE('',*,*,#5778,.F.);
#7916=ORIENTED_EDGE('',*,*,#5441,.T.);
#7917=ORIENTED_EDGE('',*,*,#5778,.T.);
#7918=ORIENTED_EDGE('',*,*,#5100,.F.);
#7919=ORIENTED_EDGE('',*,*,#5775,.F.);
#7920=ORIENTED_EDGE('',*,*,#5446,.T.);
#7921=ORIENTED_EDGE('',*,*,#5779,.T.);
#7922=ORIENTED_EDGE('',*,*,#5107,.F.);
#7923=ORIENTED_EDGE('',*,*,#5780,.F.);
#7924=ORIENTED_EDGE('',*,*,#5447,.T.);
#7925=ORIENTED_EDGE('',*,*,#5780,.T.);
#7926=ORIENTED_EDGE('',*,*,#5106,.F.);
#7927=ORIENTED_EDGE('',*,*,#5781,.F.);
#7928=ORIENTED_EDGE('',*,*,#5448,.T.);
#7929=ORIENTED_EDGE('',*,*,#5781,.T.);
#7930=ORIENTED_EDGE('',*,*,#5105,.F.);
#7931=ORIENTED_EDGE('',*,*,#5782,.F.);
#7932=ORIENTED_EDGE('',*,*,#5445,.T.);
#7933=ORIENTED_EDGE('',*,*,#5782,.T.);
#7934=ORIENTED_EDGE('',*,*,#5104,.F.);
#7935=ORIENTED_EDGE('',*,*,#5779,.F.);
#7936=ORIENTED_EDGE('',*,*,#5450,.T.);
#7937=ORIENTED_EDGE('',*,*,#5783,.T.);
#7938=ORIENTED_EDGE('',*,*,#5111,.F.);
#7939=ORIENTED_EDGE('',*,*,#5784,.F.);
#7940=ORIENTED_EDGE('',*,*,#5451,.T.);
#7941=ORIENTED_EDGE('',*,*,#5784,.T.);
#7942=ORIENTED_EDGE('',*,*,#5110,.F.);
#7943=ORIENTED_EDGE('',*,*,#5785,.F.);
#7944=ORIENTED_EDGE('',*,*,#5452,.T.);
#7945=ORIENTED_EDGE('',*,*,#5785,.T.);
#7946=ORIENTED_EDGE('',*,*,#5109,.F.);
#7947=ORIENTED_EDGE('',*,*,#5786,.F.);
#7948=ORIENTED_EDGE('',*,*,#5449,.T.);
#7949=ORIENTED_EDGE('',*,*,#5786,.T.);
#7950=ORIENTED_EDGE('',*,*,#5108,.F.);
#7951=ORIENTED_EDGE('',*,*,#5783,.F.);
#7952=ORIENTED_EDGE('',*,*,#5454,.T.);
#7953=ORIENTED_EDGE('',*,*,#5787,.T.);
#7954=ORIENTED_EDGE('',*,*,#5115,.F.);
#7955=ORIENTED_EDGE('',*,*,#5788,.F.);
#7956=ORIENTED_EDGE('',*,*,#5455,.T.);
#7957=ORIENTED_EDGE('',*,*,#5788,.T.);
#7958=ORIENTED_EDGE('',*,*,#5114,.F.);
#7959=ORIENTED_EDGE('',*,*,#5789,.F.);
#7960=ORIENTED_EDGE('',*,*,#5456,.T.);
#7961=ORIENTED_EDGE('',*,*,#5789,.T.);
#7962=ORIENTED_EDGE('',*,*,#5113,.F.);
#7963=ORIENTED_EDGE('',*,*,#5790,.F.);
#7964=ORIENTED_EDGE('',*,*,#5453,.T.);
#7965=ORIENTED_EDGE('',*,*,#5790,.T.);
#7966=ORIENTED_EDGE('',*,*,#5112,.F.);
#7967=ORIENTED_EDGE('',*,*,#5787,.F.);
#7968=ORIENTED_EDGE('',*,*,#5458,.T.);
#7969=ORIENTED_EDGE('',*,*,#5791,.T.);
#7970=ORIENTED_EDGE('',*,*,#5119,.F.);
#7971=ORIENTED_EDGE('',*,*,#5792,.F.);
#7972=ORIENTED_EDGE('',*,*,#5459,.T.);
#7973=ORIENTED_EDGE('',*,*,#5792,.T.);
#7974=ORIENTED_EDGE('',*,*,#5118,.F.);
#7975=ORIENTED_EDGE('',*,*,#5793,.F.);
#7976=ORIENTED_EDGE('',*,*,#5460,.T.);
#7977=ORIENTED_EDGE('',*,*,#5793,.T.);
#7978=ORIENTED_EDGE('',*,*,#5117,.F.);
#7979=ORIENTED_EDGE('',*,*,#5794,.F.);
#7980=ORIENTED_EDGE('',*,*,#5457,.T.);
#7981=ORIENTED_EDGE('',*,*,#5794,.T.);
#7982=ORIENTED_EDGE('',*,*,#5116,.F.);
#7983=ORIENTED_EDGE('',*,*,#5791,.F.);
#7984=ORIENTED_EDGE('',*,*,#5462,.T.);
#7985=ORIENTED_EDGE('',*,*,#5795,.T.);
#7986=ORIENTED_EDGE('',*,*,#5123,.F.);
#7987=ORIENTED_EDGE('',*,*,#5796,.F.);
#7988=ORIENTED_EDGE('',*,*,#5463,.T.);
#7989=ORIENTED_EDGE('',*,*,#5796,.T.);
#7990=ORIENTED_EDGE('',*,*,#5122,.F.);
#7991=ORIENTED_EDGE('',*,*,#5797,.F.);
#7992=ORIENTED_EDGE('',*,*,#5464,.T.);
#7993=ORIENTED_EDGE('',*,*,#5797,.T.);
#7994=ORIENTED_EDGE('',*,*,#5121,.F.);
#7995=ORIENTED_EDGE('',*,*,#5798,.F.);
#7996=ORIENTED_EDGE('',*,*,#5461,.T.);
#7997=ORIENTED_EDGE('',*,*,#5798,.T.);
#7998=ORIENTED_EDGE('',*,*,#5120,.F.);
#7999=ORIENTED_EDGE('',*,*,#5795,.F.);
#8000=ORIENTED_EDGE('',*,*,#5466,.T.);
#8001=ORIENTED_EDGE('',*,*,#5799,.T.);
#8002=ORIENTED_EDGE('',*,*,#5127,.F.);
#8003=ORIENTED_EDGE('',*,*,#5800,.F.);
#8004=ORIENTED_EDGE('',*,*,#5467,.T.);
#8005=ORIENTED_EDGE('',*,*,#5800,.T.);
#8006=ORIENTED_EDGE('',*,*,#5126,.F.);
#8007=ORIENTED_EDGE('',*,*,#5801,.F.);
#8008=ORIENTED_EDGE('',*,*,#5468,.T.);
#8009=ORIENTED_EDGE('',*,*,#5801,.T.);
#8010=ORIENTED_EDGE('',*,*,#5125,.F.);
#8011=ORIENTED_EDGE('',*,*,#5802,.F.);
#8012=ORIENTED_EDGE('',*,*,#5465,.T.);
#8013=ORIENTED_EDGE('',*,*,#5802,.T.);
#8014=ORIENTED_EDGE('',*,*,#5124,.F.);
#8015=ORIENTED_EDGE('',*,*,#5799,.F.);
#8016=ORIENTED_EDGE('',*,*,#5470,.T.);
#8017=ORIENTED_EDGE('',*,*,#5803,.T.);
#8018=ORIENTED_EDGE('',*,*,#5131,.F.);
#8019=ORIENTED_EDGE('',*,*,#5804,.F.);
#8020=ORIENTED_EDGE('',*,*,#5471,.T.);
#8021=ORIENTED_EDGE('',*,*,#5804,.T.);
#8022=ORIENTED_EDGE('',*,*,#5130,.F.);
#8023=ORIENTED_EDGE('',*,*,#5805,.F.);
#8024=ORIENTED_EDGE('',*,*,#5472,.T.);
#8025=ORIENTED_EDGE('',*,*,#5805,.T.);
#8026=ORIENTED_EDGE('',*,*,#5129,.F.);
#8027=ORIENTED_EDGE('',*,*,#5806,.F.);
#8028=ORIENTED_EDGE('',*,*,#5469,.T.);
#8029=ORIENTED_EDGE('',*,*,#5806,.T.);
#8030=ORIENTED_EDGE('',*,*,#5128,.F.);
#8031=ORIENTED_EDGE('',*,*,#5803,.F.);
#8032=ORIENTED_EDGE('',*,*,#5474,.T.);
#8033=ORIENTED_EDGE('',*,*,#5807,.T.);
#8034=ORIENTED_EDGE('',*,*,#5135,.F.);
#8035=ORIENTED_EDGE('',*,*,#5808,.F.);
#8036=ORIENTED_EDGE('',*,*,#5475,.T.);
#8037=ORIENTED_EDGE('',*,*,#5808,.T.);
#8038=ORIENTED_EDGE('',*,*,#5134,.F.);
#8039=ORIENTED_EDGE('',*,*,#5809,.F.);
#8040=ORIENTED_EDGE('',*,*,#5476,.T.);
#8041=ORIENTED_EDGE('',*,*,#5809,.T.);
#8042=ORIENTED_EDGE('',*,*,#5133,.F.);
#8043=ORIENTED_EDGE('',*,*,#5810,.F.);
#8044=ORIENTED_EDGE('',*,*,#5473,.T.);
#8045=ORIENTED_EDGE('',*,*,#5810,.T.);
#8046=ORIENTED_EDGE('',*,*,#5132,.F.);
#8047=ORIENTED_EDGE('',*,*,#5807,.F.);
#8048=ORIENTED_EDGE('',*,*,#5478,.T.);
#8049=ORIENTED_EDGE('',*,*,#5811,.T.);
#8050=ORIENTED_EDGE('',*,*,#5139,.F.);
#8051=ORIENTED_EDGE('',*,*,#5812,.F.);
#8052=ORIENTED_EDGE('',*,*,#5479,.T.);
#8053=ORIENTED_EDGE('',*,*,#5812,.T.);
#8054=ORIENTED_EDGE('',*,*,#5138,.F.);
#8055=ORIENTED_EDGE('',*,*,#5813,.F.);
#8056=ORIENTED_EDGE('',*,*,#5480,.T.);
#8057=ORIENTED_EDGE('',*,*,#5813,.T.);
#8058=ORIENTED_EDGE('',*,*,#5137,.F.);
#8059=ORIENTED_EDGE('',*,*,#5814,.F.);
#8060=ORIENTED_EDGE('',*,*,#5477,.T.);
#8061=ORIENTED_EDGE('',*,*,#5814,.T.);
#8062=ORIENTED_EDGE('',*,*,#5136,.F.);
#8063=ORIENTED_EDGE('',*,*,#5811,.F.);
#8064=ORIENTED_EDGE('',*,*,#5482,.T.);
#8065=ORIENTED_EDGE('',*,*,#5815,.T.);
#8066=ORIENTED_EDGE('',*,*,#5143,.F.);
#8067=ORIENTED_EDGE('',*,*,#5816,.F.);
#8068=ORIENTED_EDGE('',*,*,#5483,.T.);
#8069=ORIENTED_EDGE('',*,*,#5816,.T.);
#8070=ORIENTED_EDGE('',*,*,#5142,.F.);
#8071=ORIENTED_EDGE('',*,*,#5817,.F.);
#8072=ORIENTED_EDGE('',*,*,#5484,.T.);
#8073=ORIENTED_EDGE('',*,*,#5817,.T.);
#8074=ORIENTED_EDGE('',*,*,#5141,.F.);
#8075=ORIENTED_EDGE('',*,*,#5818,.F.);
#8076=ORIENTED_EDGE('',*,*,#5481,.T.);
#8077=ORIENTED_EDGE('',*,*,#5818,.T.);
#8078=ORIENTED_EDGE('',*,*,#5140,.F.);
#8079=ORIENTED_EDGE('',*,*,#5815,.F.);
#8080=ORIENTED_EDGE('',*,*,#5486,.T.);
#8081=ORIENTED_EDGE('',*,*,#5819,.T.);
#8082=ORIENTED_EDGE('',*,*,#5147,.F.);
#8083=ORIENTED_EDGE('',*,*,#5820,.F.);
#8084=ORIENTED_EDGE('',*,*,#5487,.T.);
#8085=ORIENTED_EDGE('',*,*,#5820,.T.);
#8086=ORIENTED_EDGE('',*,*,#5146,.F.);
#8087=ORIENTED_EDGE('',*,*,#5821,.F.);
#8088=ORIENTED_EDGE('',*,*,#5488,.T.);
#8089=ORIENTED_EDGE('',*,*,#5821,.T.);
#8090=ORIENTED_EDGE('',*,*,#5145,.F.);
#8091=ORIENTED_EDGE('',*,*,#5822,.F.);
#8092=ORIENTED_EDGE('',*,*,#5485,.T.);
#8093=ORIENTED_EDGE('',*,*,#5822,.T.);
#8094=ORIENTED_EDGE('',*,*,#5144,.F.);
#8095=ORIENTED_EDGE('',*,*,#5819,.F.);
#8096=ORIENTED_EDGE('',*,*,#5490,.T.);
#8097=ORIENTED_EDGE('',*,*,#5823,.T.);
#8098=ORIENTED_EDGE('',*,*,#5151,.F.);
#8099=ORIENTED_EDGE('',*,*,#5824,.F.);
#8100=ORIENTED_EDGE('',*,*,#5491,.T.);
#8101=ORIENTED_EDGE('',*,*,#5824,.T.);
#8102=ORIENTED_EDGE('',*,*,#5150,.F.);
#8103=ORIENTED_EDGE('',*,*,#5825,.F.);
#8104=ORIENTED_EDGE('',*,*,#5492,.T.);
#8105=ORIENTED_EDGE('',*,*,#5825,.T.);
#8106=ORIENTED_EDGE('',*,*,#5149,.F.);
#8107=ORIENTED_EDGE('',*,*,#5826,.F.);
#8108=ORIENTED_EDGE('',*,*,#5489,.T.);
#8109=ORIENTED_EDGE('',*,*,#5826,.T.);
#8110=ORIENTED_EDGE('',*,*,#5148,.F.);
#8111=ORIENTED_EDGE('',*,*,#5823,.F.);
#8112=ORIENTED_EDGE('',*,*,#5494,.T.);
#8113=ORIENTED_EDGE('',*,*,#5827,.T.);
#8114=ORIENTED_EDGE('',*,*,#5155,.F.);
#8115=ORIENTED_EDGE('',*,*,#5828,.F.);
#8116=ORIENTED_EDGE('',*,*,#5495,.T.);
#8117=ORIENTED_EDGE('',*,*,#5828,.T.);
#8118=ORIENTED_EDGE('',*,*,#5154,.F.);
#8119=ORIENTED_EDGE('',*,*,#5829,.F.);
#8120=ORIENTED_EDGE('',*,*,#5496,.T.);
#8121=ORIENTED_EDGE('',*,*,#5829,.T.);
#8122=ORIENTED_EDGE('',*,*,#5153,.F.);
#8123=ORIENTED_EDGE('',*,*,#5830,.F.);
#8124=ORIENTED_EDGE('',*,*,#5493,.T.);
#8125=ORIENTED_EDGE('',*,*,#5830,.T.);
#8126=ORIENTED_EDGE('',*,*,#5152,.F.);
#8127=ORIENTED_EDGE('',*,*,#5827,.F.);
#8128=ORIENTED_EDGE('',*,*,#5498,.T.);
#8129=ORIENTED_EDGE('',*,*,#5831,.T.);
#8130=ORIENTED_EDGE('',*,*,#5159,.F.);
#8131=ORIENTED_EDGE('',*,*,#5832,.F.);
#8132=ORIENTED_EDGE('',*,*,#5499,.T.);
#8133=ORIENTED_EDGE('',*,*,#5832,.T.);
#8134=ORIENTED_EDGE('',*,*,#5158,.F.);
#8135=ORIENTED_EDGE('',*,*,#5833,.F.);
#8136=ORIENTED_EDGE('',*,*,#5500,.T.);
#8137=ORIENTED_EDGE('',*,*,#5833,.T.);
#8138=ORIENTED_EDGE('',*,*,#5157,.F.);
#8139=ORIENTED_EDGE('',*,*,#5834,.F.);
#8140=ORIENTED_EDGE('',*,*,#5497,.T.);
#8141=ORIENTED_EDGE('',*,*,#5834,.T.);
#8142=ORIENTED_EDGE('',*,*,#5156,.F.);
#8143=ORIENTED_EDGE('',*,*,#5831,.F.);
#8144=ORIENTED_EDGE('',*,*,#5502,.T.);
#8145=ORIENTED_EDGE('',*,*,#5835,.T.);
#8146=ORIENTED_EDGE('',*,*,#5163,.F.);
#8147=ORIENTED_EDGE('',*,*,#5836,.F.);
#8148=ORIENTED_EDGE('',*,*,#5503,.T.);
#8149=ORIENTED_EDGE('',*,*,#5836,.T.);
#8150=ORIENTED_EDGE('',*,*,#5162,.F.);
#8151=ORIENTED_EDGE('',*,*,#5837,.F.);
#8152=ORIENTED_EDGE('',*,*,#5504,.T.);
#8153=ORIENTED_EDGE('',*,*,#5837,.T.);
#8154=ORIENTED_EDGE('',*,*,#5161,.F.);
#8155=ORIENTED_EDGE('',*,*,#5838,.F.);
#8156=ORIENTED_EDGE('',*,*,#5501,.T.);
#8157=ORIENTED_EDGE('',*,*,#5838,.T.);
#8158=ORIENTED_EDGE('',*,*,#5160,.F.);
#8159=ORIENTED_EDGE('',*,*,#5835,.F.);
#8160=ORIENTED_EDGE('',*,*,#5506,.T.);
#8161=ORIENTED_EDGE('',*,*,#5839,.T.);
#8162=ORIENTED_EDGE('',*,*,#5167,.F.);
#8163=ORIENTED_EDGE('',*,*,#5840,.F.);
#8164=ORIENTED_EDGE('',*,*,#5507,.T.);
#8165=ORIENTED_EDGE('',*,*,#5840,.T.);
#8166=ORIENTED_EDGE('',*,*,#5166,.F.);
#8167=ORIENTED_EDGE('',*,*,#5841,.F.);
#8168=ORIENTED_EDGE('',*,*,#5508,.T.);
#8169=ORIENTED_EDGE('',*,*,#5841,.T.);
#8170=ORIENTED_EDGE('',*,*,#5165,.F.);
#8171=ORIENTED_EDGE('',*,*,#5842,.F.);
#8172=ORIENTED_EDGE('',*,*,#5505,.T.);
#8173=ORIENTED_EDGE('',*,*,#5842,.T.);
#8174=ORIENTED_EDGE('',*,*,#5164,.F.);
#8175=ORIENTED_EDGE('',*,*,#5839,.F.);
#8176=ORIENTED_EDGE('',*,*,#4828,.T.);
#8177=ORIENTED_EDGE('',*,*,#4837,.T.);
#8178=ORIENTED_EDGE('',*,*,#5511,.F.);
#8179=ORIENTED_EDGE('',*,*,#5173,.F.);
#8180=ORIENTED_EDGE('',*,*,#5178,.F.);
#8181=ORIENTED_EDGE('',*,*,#5512,.F.);
#8182=ORIENTED_EDGE('',*,*,#4831,.F.);
#8183=ORIENTED_EDGE('',*,*,#5169,.F.);
#8184=ORIENTED_EDGE('',*,*,#5843,.T.);
#8185=ORIENTED_EDGE('',*,*,#5844,.T.);
#8186=ORIENTED_EDGE('',*,*,#5845,.T.);
#8187=ORIENTED_EDGE('',*,*,#5846,.T.);
#8188=ORIENTED_EDGE('',*,*,#5843,.F.);
#8189=ORIENTED_EDGE('',*,*,#5847,.T.);
#8190=ORIENTED_EDGE('',*,*,#5848,.T.);
#8191=ORIENTED_EDGE('',*,*,#5849,.T.);
#8192=ORIENTED_EDGE('',*,*,#5850,.T.);
#8193=ORIENTED_EDGE('',*,*,#5851,.T.);
#8194=ORIENTED_EDGE('',*,*,#5848,.F.);
#8195=ORIENTED_EDGE('',*,*,#5852,.T.);
#8196=ORIENTED_EDGE('',*,*,#5850,.F.);
#8197=ORIENTED_EDGE('',*,*,#5853,.T.);
#8198=ORIENTED_EDGE('',*,*,#5854,.T.);
#8199=ORIENTED_EDGE('',*,*,#5855,.T.);
#8200=ORIENTED_EDGE('',*,*,#5856,.T.);
#8201=ORIENTED_EDGE('',*,*,#5857,.T.);
#8202=ORIENTED_EDGE('',*,*,#5854,.F.);
#8203=ORIENTED_EDGE('',*,*,#5858,.T.);
#8204=ORIENTED_EDGE('',*,*,#5856,.F.);
#8205=ORIENTED_EDGE('',*,*,#5859,.T.);
#8206=ORIENTED_EDGE('',*,*,#5860,.T.);
#8207=ORIENTED_EDGE('',*,*,#5861,.T.);
#8208=ORIENTED_EDGE('',*,*,#5862,.T.);
#8209=ORIENTED_EDGE('',*,*,#5863,.T.);
#8210=ORIENTED_EDGE('',*,*,#5860,.F.);
#8211=ORIENTED_EDGE('',*,*,#5864,.T.);
#8212=ORIENTED_EDGE('',*,*,#5862,.F.);
#8213=ORIENTED_EDGE('',*,*,#5865,.T.);
#8214=ORIENTED_EDGE('',*,*,#5866,.T.);
#8215=ORIENTED_EDGE('',*,*,#5867,.T.);
#8216=ORIENTED_EDGE('',*,*,#5868,.T.);
#8217=ORIENTED_EDGE('',*,*,#5869,.T.);
#8218=ORIENTED_EDGE('',*,*,#5866,.F.);
#8219=ORIENTED_EDGE('',*,*,#5870,.T.);
#8220=ORIENTED_EDGE('',*,*,#5868,.F.);
#8221=ORIENTED_EDGE('',*,*,#5871,.T.);
#8222=ORIENTED_EDGE('',*,*,#5872,.T.);
#8223=ORIENTED_EDGE('',*,*,#5873,.T.);
#8224=ORIENTED_EDGE('',*,*,#5874,.T.);
#8225=ORIENTED_EDGE('',*,*,#5875,.T.);
#8226=ORIENTED_EDGE('',*,*,#5872,.F.);
#8227=ORIENTED_EDGE('',*,*,#5876,.T.);
#8228=ORIENTED_EDGE('',*,*,#5874,.F.);
#8229=ORIENTED_EDGE('',*,*,#5877,.T.);
#8230=ORIENTED_EDGE('',*,*,#5845,.F.);
#8231=ORIENTED_EDGE('',*,*,#5878,.T.);
#8232=ORIENTED_EDGE('',*,*,#5867,.F.);
#8233=ORIENTED_EDGE('',*,*,#5879,.F.);
#8234=ORIENTED_EDGE('',*,*,#5880,.F.);
#8235=ORIENTED_EDGE('',*,*,#5881,.F.);
#8236=ORIENTED_EDGE('',*,*,#5869,.F.);
#8237=ORIENTED_EDGE('',*,*,#5882,.T.);
#8238=ORIENTED_EDGE('',*,*,#5883,.F.);
#8239=ORIENTED_EDGE('',*,*,#5879,.T.);
#8240=ORIENTED_EDGE('',*,*,#5873,.F.);
#8241=ORIENTED_EDGE('',*,*,#5884,.F.);
#8242=ORIENTED_EDGE('',*,*,#5885,.F.);
#8243=ORIENTED_EDGE('',*,*,#5882,.F.);
#8244=ORIENTED_EDGE('',*,*,#5875,.F.);
#8245=ORIENTED_EDGE('',*,*,#5886,.T.);
#8246=ORIENTED_EDGE('',*,*,#5887,.F.);
#8247=ORIENTED_EDGE('',*,*,#5884,.T.);
#8248=ORIENTED_EDGE('',*,*,#5878,.F.);
#8249=ORIENTED_EDGE('',*,*,#5888,.F.);
#8250=ORIENTED_EDGE('',*,*,#5889,.F.);
#8251=ORIENTED_EDGE('',*,*,#5886,.F.);
#8252=ORIENTED_EDGE('',*,*,#5844,.F.);
#8253=ORIENTED_EDGE('',*,*,#5890,.T.);
#8254=ORIENTED_EDGE('',*,*,#5891,.F.);
#8255=ORIENTED_EDGE('',*,*,#5888,.T.);
#8256=ORIENTED_EDGE('',*,*,#5846,.F.);
#8257=ORIENTED_EDGE('',*,*,#5877,.F.);
#8258=ORIENTED_EDGE('',*,*,#5876,.F.);
#8259=ORIENTED_EDGE('',*,*,#5871,.F.);
#8260=ORIENTED_EDGE('',*,*,#5870,.F.);
#8261=ORIENTED_EDGE('',*,*,#5865,.F.);
#8262=ORIENTED_EDGE('',*,*,#5864,.F.);
#8263=ORIENTED_EDGE('',*,*,#5859,.F.);
#8264=ORIENTED_EDGE('',*,*,#5858,.F.);
#8265=ORIENTED_EDGE('',*,*,#5853,.F.);
#8266=ORIENTED_EDGE('',*,*,#5852,.F.);
#8267=ORIENTED_EDGE('',*,*,#5847,.F.);
#8268=ORIENTED_EDGE('',*,*,#5892,.F.);
#8269=ORIENTED_EDGE('',*,*,#5893,.F.);
#8270=ORIENTED_EDGE('',*,*,#5894,.F.);
#8271=ORIENTED_EDGE('',*,*,#5895,.F.);
#8272=ORIENTED_EDGE('',*,*,#5896,.F.);
#8273=ORIENTED_EDGE('',*,*,#5897,.F.);
#8274=ORIENTED_EDGE('',*,*,#5898,.F.);
#8275=ORIENTED_EDGE('',*,*,#5899,.F.);
#8276=ORIENTED_EDGE('',*,*,#5900,.F.);
#8277=ORIENTED_EDGE('',*,*,#5901,.F.);
#8278=ORIENTED_EDGE('',*,*,#5892,.T.);
#8279=ORIENTED_EDGE('',*,*,#5902,.T.);
#8280=ORIENTED_EDGE('',*,*,#5903,.F.);
#8281=ORIENTED_EDGE('',*,*,#5902,.F.);
#8282=ORIENTED_EDGE('',*,*,#5901,.T.);
#8283=ORIENTED_EDGE('',*,*,#5904,.T.);
#8284=ORIENTED_EDGE('',*,*,#5905,.F.);
#8285=ORIENTED_EDGE('',*,*,#5904,.F.);
#8286=ORIENTED_EDGE('',*,*,#5893,.T.);
#8287=ORIENTED_EDGE('',*,*,#5906,.T.);
#8288=ORIENTED_EDGE('',*,*,#5907,.F.);
#8289=ORIENTED_EDGE('',*,*,#5906,.F.);
#8290=ORIENTED_EDGE('',*,*,#5900,.T.);
#8291=ORIENTED_EDGE('',*,*,#5908,.T.);
#8292=ORIENTED_EDGE('',*,*,#5909,.F.);
#8293=ORIENTED_EDGE('',*,*,#5908,.F.);
#8294=ORIENTED_EDGE('',*,*,#5894,.T.);
#8295=ORIENTED_EDGE('',*,*,#5910,.T.);
#8296=ORIENTED_EDGE('',*,*,#5911,.F.);
#8297=ORIENTED_EDGE('',*,*,#5910,.F.);
#8298=ORIENTED_EDGE('',*,*,#5899,.T.);
#8299=ORIENTED_EDGE('',*,*,#5912,.T.);
#8300=ORIENTED_EDGE('',*,*,#5913,.F.);
#8301=ORIENTED_EDGE('',*,*,#5912,.F.);
#8302=ORIENTED_EDGE('',*,*,#5895,.T.);
#8303=ORIENTED_EDGE('',*,*,#5914,.T.);
#8304=ORIENTED_EDGE('',*,*,#5915,.F.);
#8305=ORIENTED_EDGE('',*,*,#5914,.F.);
#8306=ORIENTED_EDGE('',*,*,#5898,.T.);
#8307=ORIENTED_EDGE('',*,*,#5916,.T.);
#8308=ORIENTED_EDGE('',*,*,#5917,.F.);
#8309=ORIENTED_EDGE('',*,*,#5916,.F.);
#8310=ORIENTED_EDGE('',*,*,#5896,.T.);
#8311=ORIENTED_EDGE('',*,*,#5918,.T.);
#8312=ORIENTED_EDGE('',*,*,#5919,.F.);
#8313=ORIENTED_EDGE('',*,*,#5918,.F.);
#8314=ORIENTED_EDGE('',*,*,#5897,.T.);
#8315=ORIENTED_EDGE('',*,*,#5920,.T.);
#8316=ORIENTED_EDGE('',*,*,#5921,.F.);
#8317=ORIENTED_EDGE('',*,*,#5920,.F.);
#8318=ORIENTED_EDGE('',*,*,#5922,.T.);
#8319=ORIENTED_EDGE('',*,*,#5923,.T.);
#8320=ORIENTED_EDGE('',*,*,#5924,.T.);
#8321=ORIENTED_EDGE('',*,*,#5925,.F.);
#8322=ORIENTED_EDGE('',*,*,#5926,.T.);
#8323=ORIENTED_EDGE('',*,*,#5927,.T.);
#8324=ORIENTED_EDGE('',*,*,#5928,.T.);
#8325=ORIENTED_EDGE('',*,*,#5923,.F.);
#8326=ORIENTED_EDGE('',*,*,#5929,.T.);
#8327=ORIENTED_EDGE('',*,*,#5930,.T.);
#8328=ORIENTED_EDGE('',*,*,#5931,.T.);
#8329=ORIENTED_EDGE('',*,*,#5927,.F.);
#8330=ORIENTED_EDGE('',*,*,#5932,.T.);
#8331=ORIENTED_EDGE('',*,*,#5933,.T.);
#8332=ORIENTED_EDGE('',*,*,#5934,.T.);
#8333=ORIENTED_EDGE('',*,*,#5930,.F.);
#8334=ORIENTED_EDGE('',*,*,#5935,.T.);
#8335=ORIENTED_EDGE('',*,*,#5933,.F.);
#8336=ORIENTED_EDGE('',*,*,#5936,.T.);
#8337=ORIENTED_EDGE('',*,*,#5937,.T.);
#8338=ORIENTED_EDGE('',*,*,#5938,.T.);
#8339=ORIENTED_EDGE('',*,*,#5937,.F.);
#8340=ORIENTED_EDGE('',*,*,#5939,.T.);
#8341=ORIENTED_EDGE('',*,*,#5925,.T.);
#8342=ORIENTED_EDGE('',*,*,#5935,.F.);
#8343=ORIENTED_EDGE('',*,*,#5940,.F.);
#8344=ORIENTED_EDGE('',*,*,#5941,.F.);
#8345=ORIENTED_EDGE('',*,*,#5942,.F.);
#8346=ORIENTED_EDGE('',*,*,#5938,.F.);
#8347=ORIENTED_EDGE('',*,*,#5943,.F.);
#8348=ORIENTED_EDGE('',*,*,#5944,.F.);
#8349=ORIENTED_EDGE('',*,*,#5940,.T.);
#8350=ORIENTED_EDGE('',*,*,#5924,.F.);
#8351=ORIENTED_EDGE('',*,*,#5945,.F.);
#8352=ORIENTED_EDGE('',*,*,#5946,.F.);
#8353=ORIENTED_EDGE('',*,*,#5943,.T.);
#8354=ORIENTED_EDGE('',*,*,#5947,.T.);
#8355=ORIENTED_EDGE('',*,*,#5948,.F.);
#8356=ORIENTED_EDGE('',*,*,#5949,.T.);
#8357=ORIENTED_EDGE('',*,*,#5950,.F.);
#8358=ORIENTED_EDGE('',*,*,#5951,.T.);
#8359=ORIENTED_EDGE('',*,*,#5952,.F.);
#8360=ORIENTED_EDGE('',*,*,#5953,.T.);
#8361=ORIENTED_EDGE('',*,*,#5954,.F.);
#8362=ORIENTED_EDGE('',*,*,#5955,.F.);
#8363=ORIENTED_EDGE('',*,*,#5956,.F.);
#8364=ORIENTED_EDGE('',*,*,#5957,.F.);
#8365=ORIENTED_EDGE('',*,*,#5958,.F.);
#8366=ORIENTED_EDGE('',*,*,#5959,.F.);
#8367=ORIENTED_EDGE('',*,*,#5960,.F.);
#8368=ORIENTED_EDGE('',*,*,#5961,.F.);
#8369=ORIENTED_EDGE('',*,*,#5962,.F.);
#8370=ORIENTED_EDGE('',*,*,#5963,.F.);
#8371=ORIENTED_EDGE('',*,*,#5964,.F.);
#8372=ORIENTED_EDGE('',*,*,#5965,.F.);
#8373=ORIENTED_EDGE('',*,*,#5966,.F.);
#8374=ORIENTED_EDGE('',*,*,#5922,.F.);
#8375=ORIENTED_EDGE('',*,*,#5939,.F.);
#8376=ORIENTED_EDGE('',*,*,#5936,.F.);
#8377=ORIENTED_EDGE('',*,*,#5932,.F.);
#8378=ORIENTED_EDGE('',*,*,#5929,.F.);
#8379=ORIENTED_EDGE('',*,*,#5926,.F.);
#8380=ORIENTED_EDGE('',*,*,#5967,.T.);
#8381=ORIENTED_EDGE('',*,*,#5891,.T.);
#8382=ORIENTED_EDGE('',*,*,#5968,.T.);
#8383=ORIENTED_EDGE('',*,*,#5955,.T.);
#8384=ORIENTED_EDGE('',*,*,#5967,.F.);
#8385=ORIENTED_EDGE('',*,*,#5966,.T.);
#8386=ORIENTED_EDGE('',*,*,#5969,.T.);
#8387=ORIENTED_EDGE('',*,*,#5889,.T.);
#8388=ORIENTED_EDGE('',*,*,#5970,.T.);
#8389=ORIENTED_EDGE('',*,*,#5887,.T.);
#8390=ORIENTED_EDGE('',*,*,#5969,.F.);
#8391=ORIENTED_EDGE('',*,*,#5965,.T.);
#8392=ORIENTED_EDGE('',*,*,#5970,.F.);
#8393=ORIENTED_EDGE('',*,*,#5964,.T.);
#8394=ORIENTED_EDGE('',*,*,#5971,.T.);
#8395=ORIENTED_EDGE('',*,*,#5885,.T.);
#8396=ORIENTED_EDGE('',*,*,#5972,.T.);
#8397=ORIENTED_EDGE('',*,*,#5883,.T.);
#8398=ORIENTED_EDGE('',*,*,#5971,.F.);
#8399=ORIENTED_EDGE('',*,*,#5963,.T.);
#8400=ORIENTED_EDGE('',*,*,#5972,.F.);
#8401=ORIENTED_EDGE('',*,*,#5962,.T.);
#8402=ORIENTED_EDGE('',*,*,#5973,.T.);
#8403=ORIENTED_EDGE('',*,*,#5880,.T.);
#8404=ORIENTED_EDGE('',*,*,#5974,.T.);
#8405=ORIENTED_EDGE('',*,*,#5975,.T.);
#8406=ORIENTED_EDGE('',*,*,#5973,.F.);
#8407=ORIENTED_EDGE('',*,*,#5961,.T.);
#8408=ORIENTED_EDGE('',*,*,#5974,.F.);
#8409=ORIENTED_EDGE('',*,*,#5960,.T.);
#8410=ORIENTED_EDGE('',*,*,#5976,.T.);
#8411=ORIENTED_EDGE('',*,*,#5977,.T.);
#8412=ORIENTED_EDGE('',*,*,#5978,.T.);
#8413=ORIENTED_EDGE('',*,*,#5979,.T.);
#8414=ORIENTED_EDGE('',*,*,#5976,.F.);
#8415=ORIENTED_EDGE('',*,*,#5959,.T.);
#8416=ORIENTED_EDGE('',*,*,#5978,.F.);
#8417=ORIENTED_EDGE('',*,*,#5958,.T.);
#8418=ORIENTED_EDGE('',*,*,#5980,.T.);
#8419=ORIENTED_EDGE('',*,*,#5981,.T.);
#8420=ORIENTED_EDGE('',*,*,#5982,.T.);
#8421=ORIENTED_EDGE('',*,*,#5983,.T.);
#8422=ORIENTED_EDGE('',*,*,#5980,.F.);
#8423=ORIENTED_EDGE('',*,*,#5957,.T.);
#8424=ORIENTED_EDGE('',*,*,#5982,.F.);
#8425=ORIENTED_EDGE('',*,*,#5956,.T.);
#8426=ORIENTED_EDGE('',*,*,#5968,.F.);
#8427=ORIENTED_EDGE('',*,*,#5984,.T.);
#8428=ORIENTED_EDGE('',*,*,#5861,.F.);
#8429=ORIENTED_EDGE('',*,*,#5985,.F.);
#8430=ORIENTED_EDGE('',*,*,#5977,.F.);
#8431=ORIENTED_EDGE('',*,*,#5986,.F.);
#8432=ORIENTED_EDGE('',*,*,#5857,.F.);
#8433=ORIENTED_EDGE('',*,*,#5986,.T.);
#8434=ORIENTED_EDGE('',*,*,#5979,.F.);
#8435=ORIENTED_EDGE('',*,*,#5987,.T.);
#8436=ORIENTED_EDGE('',*,*,#5855,.F.);
#8437=ORIENTED_EDGE('',*,*,#5987,.F.);
#8438=ORIENTED_EDGE('',*,*,#5981,.F.);
#8439=ORIENTED_EDGE('',*,*,#5988,.F.);
#8440=ORIENTED_EDGE('',*,*,#5989,.T.);
#8441=ORIENTED_EDGE('',*,*,#5990,.F.);
#8442=ORIENTED_EDGE('',*,*,#5991,.T.);
#8443=ORIENTED_EDGE('',*,*,#5992,.F.);
#8444=ORIENTED_EDGE('',*,*,#5993,.T.);
#8445=ORIENTED_EDGE('',*,*,#5994,.F.);
#8446=ORIENTED_EDGE('',*,*,#5995,.T.);
#8447=ORIENTED_EDGE('',*,*,#5996,.F.);
#8448=ORIENTED_EDGE('',*,*,#5851,.F.);
#8449=ORIENTED_EDGE('',*,*,#5988,.T.);
#8450=ORIENTED_EDGE('',*,*,#5983,.F.);
#8451=ORIENTED_EDGE('',*,*,#5997,.T.);
#8452=ORIENTED_EDGE('',*,*,#5849,.F.);
#8453=ORIENTED_EDGE('',*,*,#5997,.F.);
#8454=ORIENTED_EDGE('',*,*,#5984,.F.);
#8455=ORIENTED_EDGE('',*,*,#5890,.F.);
#8456=ORIENTED_EDGE('',*,*,#5990,.T.);
#8457=ORIENTED_EDGE('',*,*,#5998,.T.);
#8458=ORIENTED_EDGE('',*,*,#5954,.T.);
#8459=ORIENTED_EDGE('',*,*,#5999,.T.);
#8460=ORIENTED_EDGE('',*,*,#5998,.F.);
#8461=ORIENTED_EDGE('',*,*,#5989,.F.);
#8462=ORIENTED_EDGE('',*,*,#6000,.F.);
#8463=ORIENTED_EDGE('',*,*,#5947,.F.);
#8464=ORIENTED_EDGE('',*,*,#5996,.T.);
#8465=ORIENTED_EDGE('',*,*,#6001,.T.);
#8466=ORIENTED_EDGE('',*,*,#5948,.T.);
#8467=ORIENTED_EDGE('',*,*,#6000,.T.);
#8468=ORIENTED_EDGE('',*,*,#6001,.F.);
#8469=ORIENTED_EDGE('',*,*,#5995,.F.);
#8470=ORIENTED_EDGE('',*,*,#6002,.F.);
#8471=ORIENTED_EDGE('',*,*,#5949,.F.);
#8472=ORIENTED_EDGE('',*,*,#5994,.T.);
#8473=ORIENTED_EDGE('',*,*,#6003,.T.);
#8474=ORIENTED_EDGE('',*,*,#5950,.T.);
#8475=ORIENTED_EDGE('',*,*,#6002,.T.);
#8476=ORIENTED_EDGE('',*,*,#6003,.F.);
#8477=ORIENTED_EDGE('',*,*,#5993,.F.);
#8478=ORIENTED_EDGE('',*,*,#6004,.F.);
#8479=ORIENTED_EDGE('',*,*,#5951,.F.);
#8480=ORIENTED_EDGE('',*,*,#5992,.T.);
#8481=ORIENTED_EDGE('',*,*,#6005,.T.);
#8482=ORIENTED_EDGE('',*,*,#5952,.T.);
#8483=ORIENTED_EDGE('',*,*,#6004,.T.);
#8484=ORIENTED_EDGE('',*,*,#5999,.F.);
#8485=ORIENTED_EDGE('',*,*,#5953,.F.);
#8486=ORIENTED_EDGE('',*,*,#6005,.F.);
#8487=ORIENTED_EDGE('',*,*,#5991,.F.);
#8488=ORIENTED_EDGE('',*,*,#5863,.F.);
#8489=ORIENTED_EDGE('',*,*,#5881,.T.);
#8490=ORIENTED_EDGE('',*,*,#5975,.F.);
#8491=ORIENTED_EDGE('',*,*,#5985,.T.);
#8492=ORIENTED_EDGE('',*,*,#5941,.T.);
#8493=ORIENTED_EDGE('',*,*,#5944,.T.);
#8494=ORIENTED_EDGE('',*,*,#5946,.T.);
#8495=ORIENTED_EDGE('',*,*,#6006,.T.);
#8496=ORIENTED_EDGE('',*,*,#6007,.T.);
#8497=ORIENTED_EDGE('',*,*,#6008,.T.);
#8498=ORIENTED_EDGE('',*,*,#5921,.T.);
#8499=ORIENTED_EDGE('',*,*,#5919,.T.);
#8500=ORIENTED_EDGE('',*,*,#5917,.T.);
#8501=ORIENTED_EDGE('',*,*,#5915,.T.);
#8502=ORIENTED_EDGE('',*,*,#5913,.T.);
#8503=ORIENTED_EDGE('',*,*,#5911,.T.);
#8504=ORIENTED_EDGE('',*,*,#5909,.T.);
#8505=ORIENTED_EDGE('',*,*,#5907,.T.);
#8506=ORIENTED_EDGE('',*,*,#5905,.T.);
#8507=ORIENTED_EDGE('',*,*,#5903,.T.);
#8508=ORIENTED_EDGE('',*,*,#5928,.F.);
#8509=ORIENTED_EDGE('',*,*,#6009,.F.);
#8510=ORIENTED_EDGE('',*,*,#6006,.F.);
#8511=ORIENTED_EDGE('',*,*,#5945,.T.);
#8512=ORIENTED_EDGE('',*,*,#5931,.F.);
#8513=ORIENTED_EDGE('',*,*,#6010,.F.);
#8514=ORIENTED_EDGE('',*,*,#6007,.F.);
#8515=ORIENTED_EDGE('',*,*,#6009,.T.);
#8516=ORIENTED_EDGE('',*,*,#5934,.F.);
#8517=ORIENTED_EDGE('',*,*,#5942,.T.);
#8518=ORIENTED_EDGE('',*,*,#6008,.F.);
#8519=ORIENTED_EDGE('',*,*,#6010,.T.);
#8520=ORIENTED_EDGE('',*,*,#6011,.T.);
#8521=ORIENTED_EDGE('',*,*,#6012,.T.);
#8522=ORIENTED_EDGE('',*,*,#6013,.T.);
#8523=ORIENTED_EDGE('',*,*,#6014,.T.);
#8524=ORIENTED_EDGE('',*,*,#6014,.F.);
#8525=ORIENTED_EDGE('',*,*,#6015,.T.);
#8526=ORIENTED_EDGE('',*,*,#6016,.F.);
#8527=ORIENTED_EDGE('',*,*,#6017,.F.);
#8528=ORIENTED_EDGE('',*,*,#6013,.F.);
#8529=ORIENTED_EDGE('',*,*,#6018,.T.);
#8530=ORIENTED_EDGE('',*,*,#6019,.F.);
#8531=ORIENTED_EDGE('',*,*,#6020,.F.);
#8532=ORIENTED_EDGE('',*,*,#6021,.F.);
#8533=ORIENTED_EDGE('',*,*,#6015,.F.);
#8534=ORIENTED_EDGE('',*,*,#6022,.T.);
#8535=ORIENTED_EDGE('',*,*,#6023,.T.);
#8536=ORIENTED_EDGE('',*,*,#6024,.T.);
#8537=ORIENTED_EDGE('',*,*,#6016,.T.);
#8538=ORIENTED_EDGE('',*,*,#6021,.T.);
#8539=ORIENTED_EDGE('',*,*,#6025,.T.);
#8540=ORIENTED_EDGE('',*,*,#6026,.F.);
#8541=ORIENTED_EDGE('',*,*,#6027,.T.);
#8542=ORIENTED_EDGE('',*,*,#6023,.F.);
#8543=ORIENTED_EDGE('',*,*,#6027,.F.);
#8544=ORIENTED_EDGE('',*,*,#6028,.F.);
#8545=ORIENTED_EDGE('',*,*,#6029,.T.);
#8546=ORIENTED_EDGE('',*,*,#6022,.F.);
#8547=ORIENTED_EDGE('',*,*,#6029,.F.);
#8548=ORIENTED_EDGE('',*,*,#6019,.T.);
#8549=ORIENTED_EDGE('',*,*,#6030,.T.);
#8550=ORIENTED_EDGE('',*,*,#6031,.F.);
#8551=ORIENTED_EDGE('',*,*,#6032,.F.);
#8552=ORIENTED_EDGE('',*,*,#6025,.F.);
#8553=ORIENTED_EDGE('',*,*,#6020,.T.);
#8554=ORIENTED_EDGE('',*,*,#6032,.T.);
#8555=ORIENTED_EDGE('',*,*,#6033,.F.);
#8556=ORIENTED_EDGE('',*,*,#6012,.F.);
#8557=ORIENTED_EDGE('',*,*,#6034,.F.);
#8558=ORIENTED_EDGE('',*,*,#6030,.F.);
#8559=ORIENTED_EDGE('',*,*,#6018,.F.);
#8560=ORIENTED_EDGE('',*,*,#6011,.F.);
#8561=ORIENTED_EDGE('',*,*,#6017,.T.);
#8562=ORIENTED_EDGE('',*,*,#6024,.F.);
#8563=ORIENTED_EDGE('',*,*,#6033,.T.);
#8564=ORIENTED_EDGE('',*,*,#6031,.T.);
#8565=ORIENTED_EDGE('',*,*,#6034,.T.);
#8566=ORIENTED_EDGE('',*,*,#6028,.T.);
#8567=ORIENTED_EDGE('',*,*,#6026,.T.);
#8568=ORIENTED_EDGE('',*,*,#6035,.T.);
#8569=ORIENTED_EDGE('',*,*,#6036,.T.);
#8570=ORIENTED_EDGE('',*,*,#6037,.T.);
#8571=ORIENTED_EDGE('',*,*,#6038,.T.);
#8572=ORIENTED_EDGE('',*,*,#6035,.F.);
#8573=ORIENTED_EDGE('',*,*,#6039,.T.);
#8574=ORIENTED_EDGE('',*,*,#6040,.T.);
#8575=ORIENTED_EDGE('',*,*,#6041,.T.);
#8576=ORIENTED_EDGE('',*,*,#6042,.T.);
#8577=ORIENTED_EDGE('',*,*,#6043,.T.);
#8578=ORIENTED_EDGE('',*,*,#6040,.F.);
#8579=ORIENTED_EDGE('',*,*,#6044,.T.);
#8580=ORIENTED_EDGE('',*,*,#6042,.F.);
#8581=ORIENTED_EDGE('',*,*,#6045,.T.);
#8582=ORIENTED_EDGE('',*,*,#6046,.T.);
#8583=ORIENTED_EDGE('',*,*,#6047,.T.);
#8584=ORIENTED_EDGE('',*,*,#6048,.T.);
#8585=ORIENTED_EDGE('',*,*,#6049,.T.);
#8586=ORIENTED_EDGE('',*,*,#6046,.F.);
#8587=ORIENTED_EDGE('',*,*,#6050,.T.);
#8588=ORIENTED_EDGE('',*,*,#6048,.F.);
#8589=ORIENTED_EDGE('',*,*,#6051,.T.);
#8590=ORIENTED_EDGE('',*,*,#6052,.T.);
#8591=ORIENTED_EDGE('',*,*,#6053,.T.);
#8592=ORIENTED_EDGE('',*,*,#6054,.T.);
#8593=ORIENTED_EDGE('',*,*,#6055,.T.);
#8594=ORIENTED_EDGE('',*,*,#6052,.F.);
#8595=ORIENTED_EDGE('',*,*,#6056,.T.);
#8596=ORIENTED_EDGE('',*,*,#6054,.F.);
#8597=ORIENTED_EDGE('',*,*,#6057,.T.);
#8598=ORIENTED_EDGE('',*,*,#6058,.T.);
#8599=ORIENTED_EDGE('',*,*,#6059,.T.);
#8600=ORIENTED_EDGE('',*,*,#6060,.T.);
#8601=ORIENTED_EDGE('',*,*,#6061,.T.);
#8602=ORIENTED_EDGE('',*,*,#6058,.F.);
#8603=ORIENTED_EDGE('',*,*,#6062,.T.);
#8604=ORIENTED_EDGE('',*,*,#6060,.F.);
#8605=ORIENTED_EDGE('',*,*,#6063,.T.);
#8606=ORIENTED_EDGE('',*,*,#6064,.T.);
#8607=ORIENTED_EDGE('',*,*,#6065,.T.);
#8608=ORIENTED_EDGE('',*,*,#6066,.T.);
#8609=ORIENTED_EDGE('',*,*,#6067,.T.);
#8610=ORIENTED_EDGE('',*,*,#6064,.F.);
#8611=ORIENTED_EDGE('',*,*,#6068,.T.);
#8612=ORIENTED_EDGE('',*,*,#6066,.F.);
#8613=ORIENTED_EDGE('',*,*,#6069,.T.);
#8614=ORIENTED_EDGE('',*,*,#6070,.T.);
#8615=ORIENTED_EDGE('',*,*,#6071,.T.);
#8616=ORIENTED_EDGE('',*,*,#6072,.T.);
#8617=ORIENTED_EDGE('',*,*,#6073,.T.);
#8618=ORIENTED_EDGE('',*,*,#6070,.F.);
#8619=ORIENTED_EDGE('',*,*,#6074,.T.);
#8620=ORIENTED_EDGE('',*,*,#6072,.F.);
#8621=ORIENTED_EDGE('',*,*,#6075,.T.);
#8622=ORIENTED_EDGE('',*,*,#6076,.T.);
#8623=ORIENTED_EDGE('',*,*,#6077,.T.);
#8624=ORIENTED_EDGE('',*,*,#6078,.T.);
#8625=ORIENTED_EDGE('',*,*,#6079,.T.);
#8626=ORIENTED_EDGE('',*,*,#6076,.F.);
#8627=ORIENTED_EDGE('',*,*,#6080,.T.);
#8628=ORIENTED_EDGE('',*,*,#6078,.F.);
#8629=ORIENTED_EDGE('',*,*,#6081,.T.);
#8630=ORIENTED_EDGE('',*,*,#6082,.T.);
#8631=ORIENTED_EDGE('',*,*,#6083,.T.);
#8632=ORIENTED_EDGE('',*,*,#6084,.T.);
#8633=ORIENTED_EDGE('',*,*,#6085,.T.);
#8634=ORIENTED_EDGE('',*,*,#6082,.F.);
#8635=ORIENTED_EDGE('',*,*,#6086,.T.);
#8636=ORIENTED_EDGE('',*,*,#6084,.F.);
#8637=ORIENTED_EDGE('',*,*,#6087,.T.);
#8638=ORIENTED_EDGE('',*,*,#6088,.T.);
#8639=ORIENTED_EDGE('',*,*,#6089,.T.);
#8640=ORIENTED_EDGE('',*,*,#6090,.T.);
#8641=ORIENTED_EDGE('',*,*,#6091,.T.);
#8642=ORIENTED_EDGE('',*,*,#6088,.F.);
#8643=ORIENTED_EDGE('',*,*,#6092,.T.);
#8644=ORIENTED_EDGE('',*,*,#6090,.F.);
#8645=ORIENTED_EDGE('',*,*,#6093,.T.);
#8646=ORIENTED_EDGE('',*,*,#6037,.F.);
#8647=ORIENTED_EDGE('',*,*,#6094,.T.);
#8648=ORIENTED_EDGE('',*,*,#6071,.F.);
#8649=ORIENTED_EDGE('',*,*,#6095,.F.);
#8650=ORIENTED_EDGE('',*,*,#6096,.F.);
#8651=ORIENTED_EDGE('',*,*,#6097,.F.);
#8652=ORIENTED_EDGE('',*,*,#6073,.F.);
#8653=ORIENTED_EDGE('',*,*,#6098,.T.);
#8654=ORIENTED_EDGE('',*,*,#6099,.T.);
#8655=ORIENTED_EDGE('',*,*,#6095,.T.);
#8656=ORIENTED_EDGE('',*,*,#6077,.F.);
#8657=ORIENTED_EDGE('',*,*,#6100,.F.);
#8658=ORIENTED_EDGE('',*,*,#6101,.F.);
#8659=ORIENTED_EDGE('',*,*,#6098,.F.);
#8660=ORIENTED_EDGE('',*,*,#6079,.F.);
#8661=ORIENTED_EDGE('',*,*,#6102,.T.);
#8662=ORIENTED_EDGE('',*,*,#6103,.T.);
#8663=ORIENTED_EDGE('',*,*,#6100,.T.);
#8664=ORIENTED_EDGE('',*,*,#6083,.F.);
#8665=ORIENTED_EDGE('',*,*,#6104,.F.);
#8666=ORIENTED_EDGE('',*,*,#6105,.F.);
#8667=ORIENTED_EDGE('',*,*,#6102,.F.);
#8668=ORIENTED_EDGE('',*,*,#6085,.F.);
#8669=ORIENTED_EDGE('',*,*,#6106,.T.);
#8670=ORIENTED_EDGE('',*,*,#6107,.T.);
#8671=ORIENTED_EDGE('',*,*,#6104,.T.);
#8672=ORIENTED_EDGE('',*,*,#6089,.F.);
#8673=ORIENTED_EDGE('',*,*,#6108,.F.);
#8674=ORIENTED_EDGE('',*,*,#6109,.F.);
#8675=ORIENTED_EDGE('',*,*,#6106,.F.);
#8676=ORIENTED_EDGE('',*,*,#6091,.F.);
#8677=ORIENTED_EDGE('',*,*,#6110,.T.);
#8678=ORIENTED_EDGE('',*,*,#6111,.T.);
#8679=ORIENTED_EDGE('',*,*,#6108,.T.);
#8680=ORIENTED_EDGE('',*,*,#6094,.F.);
#8681=ORIENTED_EDGE('',*,*,#6112,.F.);
#8682=ORIENTED_EDGE('',*,*,#6113,.F.);
#8683=ORIENTED_EDGE('',*,*,#6110,.F.);
#8684=ORIENTED_EDGE('',*,*,#6036,.F.);
#8685=ORIENTED_EDGE('',*,*,#6114,.T.);
#8686=ORIENTED_EDGE('',*,*,#6115,.T.);
#8687=ORIENTED_EDGE('',*,*,#6112,.T.);
#8688=ORIENTED_EDGE('',*,*,#6038,.F.);
#8689=ORIENTED_EDGE('',*,*,#6093,.F.);
#8690=ORIENTED_EDGE('',*,*,#6092,.F.);
#8691=ORIENTED_EDGE('',*,*,#6087,.F.);
#8692=ORIENTED_EDGE('',*,*,#6086,.F.);
#8693=ORIENTED_EDGE('',*,*,#6081,.F.);
#8694=ORIENTED_EDGE('',*,*,#6080,.F.);
#8695=ORIENTED_EDGE('',*,*,#6075,.F.);
#8696=ORIENTED_EDGE('',*,*,#6074,.F.);
#8697=ORIENTED_EDGE('',*,*,#6069,.F.);
#8698=ORIENTED_EDGE('',*,*,#6068,.F.);
#8699=ORIENTED_EDGE('',*,*,#6063,.F.);
#8700=ORIENTED_EDGE('',*,*,#6062,.F.);
#8701=ORIENTED_EDGE('',*,*,#6057,.F.);
#8702=ORIENTED_EDGE('',*,*,#6056,.F.);
#8703=ORIENTED_EDGE('',*,*,#6051,.F.);
#8704=ORIENTED_EDGE('',*,*,#6050,.F.);
#8705=ORIENTED_EDGE('',*,*,#6045,.F.);
#8706=ORIENTED_EDGE('',*,*,#6044,.F.);
#8707=ORIENTED_EDGE('',*,*,#6039,.F.);
#8708=ORIENTED_EDGE('',*,*,#6115,.F.);
#8709=ORIENTED_EDGE('',*,*,#6116,.T.);
#8710=ORIENTED_EDGE('',*,*,#6117,.F.);
#8711=ORIENTED_EDGE('',*,*,#6118,.T.);
#8712=ORIENTED_EDGE('',*,*,#6119,.F.);
#8713=ORIENTED_EDGE('',*,*,#6120,.T.);
#8714=ORIENTED_EDGE('',*,*,#6121,.F.);
#8715=ORIENTED_EDGE('',*,*,#6122,.T.);
#8716=ORIENTED_EDGE('',*,*,#6123,.F.);
#8717=ORIENTED_EDGE('',*,*,#6124,.T.);
#8718=ORIENTED_EDGE('',*,*,#6125,.F.);
#8719=ORIENTED_EDGE('',*,*,#6096,.T.);
#8720=ORIENTED_EDGE('',*,*,#6099,.F.);
#8721=ORIENTED_EDGE('',*,*,#6101,.T.);
#8722=ORIENTED_EDGE('',*,*,#6103,.F.);
#8723=ORIENTED_EDGE('',*,*,#6105,.T.);
#8724=ORIENTED_EDGE('',*,*,#6107,.F.);
#8725=ORIENTED_EDGE('',*,*,#6109,.T.);
#8726=ORIENTED_EDGE('',*,*,#6111,.F.);
#8727=ORIENTED_EDGE('',*,*,#6113,.T.);
#8728=ORIENTED_EDGE('',*,*,#6126,.T.);
#8729=ORIENTED_EDGE('',*,*,#6067,.F.);
#8730=ORIENTED_EDGE('',*,*,#6097,.T.);
#8731=ORIENTED_EDGE('',*,*,#6125,.T.);
#8732=ORIENTED_EDGE('',*,*,#6127,.T.);
#8733=ORIENTED_EDGE('',*,*,#6065,.F.);
#8734=ORIENTED_EDGE('',*,*,#6127,.F.);
#8735=ORIENTED_EDGE('',*,*,#6124,.F.);
#8736=ORIENTED_EDGE('',*,*,#6128,.F.);
#8737=ORIENTED_EDGE('',*,*,#6061,.F.);
#8738=ORIENTED_EDGE('',*,*,#6128,.T.);
#8739=ORIENTED_EDGE('',*,*,#6123,.T.);
#8740=ORIENTED_EDGE('',*,*,#6129,.T.);
#8741=ORIENTED_EDGE('',*,*,#6055,.F.);
#8742=ORIENTED_EDGE('',*,*,#6130,.T.);
#8743=ORIENTED_EDGE('',*,*,#6121,.T.);
#8744=ORIENTED_EDGE('',*,*,#6131,.T.);
#8745=ORIENTED_EDGE('',*,*,#6053,.F.);
#8746=ORIENTED_EDGE('',*,*,#6131,.F.);
#8747=ORIENTED_EDGE('',*,*,#6120,.F.);
#8748=ORIENTED_EDGE('',*,*,#6132,.F.);
#8749=ORIENTED_EDGE('',*,*,#6049,.F.);
#8750=ORIENTED_EDGE('',*,*,#6132,.T.);
#8751=ORIENTED_EDGE('',*,*,#6119,.T.);
#8752=ORIENTED_EDGE('',*,*,#6133,.T.);
#8753=ORIENTED_EDGE('',*,*,#6047,.F.);
#8754=ORIENTED_EDGE('',*,*,#6133,.F.);
#8755=ORIENTED_EDGE('',*,*,#6118,.F.);
#8756=ORIENTED_EDGE('',*,*,#6134,.F.);
#8757=ORIENTED_EDGE('',*,*,#6043,.F.);
#8758=ORIENTED_EDGE('',*,*,#6134,.T.);
#8759=ORIENTED_EDGE('',*,*,#6117,.T.);
#8760=ORIENTED_EDGE('',*,*,#6135,.T.);
#8761=ORIENTED_EDGE('',*,*,#6041,.F.);
#8762=ORIENTED_EDGE('',*,*,#6135,.F.);
#8763=ORIENTED_EDGE('',*,*,#6116,.F.);
#8764=ORIENTED_EDGE('',*,*,#6114,.F.);
#8765=ORIENTED_EDGE('',*,*,#6126,.F.);
#8766=ORIENTED_EDGE('',*,*,#6136,.T.);
#8767=ORIENTED_EDGE('',*,*,#6137,.F.);
#8768=ORIENTED_EDGE('',*,*,#6136,.F.);
#8769=ORIENTED_EDGE('',*,*,#6059,.F.);
#8770=ORIENTED_EDGE('',*,*,#6129,.F.);
#8771=ORIENTED_EDGE('',*,*,#6122,.F.);
#8772=ORIENTED_EDGE('',*,*,#6130,.F.);
#8773=ORIENTED_EDGE('',*,*,#6137,.T.);
#8774=ORIENTED_EDGE('',*,*,#6138,.T.);
#8775=ORIENTED_EDGE('',*,*,#6139,.T.);
#8776=ORIENTED_EDGE('',*,*,#6140,.T.);
#8777=ORIENTED_EDGE('',*,*,#6141,.T.);
#8778=ORIENTED_EDGE('',*,*,#6140,.F.);
#8779=ORIENTED_EDGE('',*,*,#6142,.T.);
#8780=ORIENTED_EDGE('',*,*,#6139,.F.);
#8781=ORIENTED_EDGE('',*,*,#6143,.F.);
#8782=ORIENTED_EDGE('',*,*,#6141,.F.);
#8783=ORIENTED_EDGE('',*,*,#6143,.T.);
#8784=ORIENTED_EDGE('',*,*,#6138,.F.);
#8785=ORIENTED_EDGE('',*,*,#6142,.F.);
#8786=PLANE('',#9637);
#8787=PLANE('',#9638);
#8788=PLANE('',#9639);
#8789=PLANE('',#9652);
#8790=PLANE('',#9655);
#8791=PLANE('',#9667);
#8792=PLANE('',#9669);
#8793=PLANE('',#9670);
#8794=PLANE('',#9671);
#8795=PLANE('',#9672);
#8796=PLANE('',#9673);
#8797=PLANE('',#9674);
#8798=PLANE('',#9675);
#8799=PLANE('',#9676);
#8800=PLANE('',#9677);
#8801=PLANE('',#9678);
#8802=PLANE('',#9681);
#8803=PLANE('',#9682);
#8804=PLANE('',#9683);
#8805=PLANE('',#9684);
#8806=PLANE('',#9686);
#8807=PLANE('',#9687);
#8808=PLANE('',#9688);
#8809=PLANE('',#9689);
#8810=PLANE('',#9690);
#8811=PLANE('',#9691);
#8812=PLANE('',#9692);
#8813=PLANE('',#9693);
#8814=PLANE('',#9694);
#8815=PLANE('',#9695);
#8816=PLANE('',#9696);
#8817=PLANE('',#9697);
#8818=PLANE('',#9698);
#8819=PLANE('',#9699);
#8820=PLANE('',#9700);
#8821=PLANE('',#9701);
#8822=PLANE('',#9702);
#8823=PLANE('',#9703);
#8824=PLANE('',#9704);
#8825=PLANE('',#9705);
#8826=PLANE('',#9706);
#8827=PLANE('',#9707);
#8828=PLANE('',#9708);
#8829=PLANE('',#9709);
#8830=PLANE('',#9710);
#8831=PLANE('',#9711);
#8832=PLANE('',#9712);
#8833=PLANE('',#9713);
#8834=PLANE('',#9714);
#8835=PLANE('',#9715);
#8836=PLANE('',#9716);
#8837=PLANE('',#9717);
#8838=PLANE('',#9718);
#8839=PLANE('',#9719);
#8840=PLANE('',#9720);
#8841=PLANE('',#9721);
#8842=PLANE('',#9723);
#8843=PLANE('',#9724);
#8844=PLANE('',#9725);
#8845=PLANE('',#9726);
#8846=PLANE('',#9727);
#8847=PLANE('',#9728);
#8848=PLANE('',#9729);
#8849=PLANE('',#9730);
#8850=PLANE('',#9731);
#8851=PLANE('',#9732);
#8852=PLANE('',#9733);
#8853=PLANE('',#9734);
#8854=PLANE('',#9735);
#8855=PLANE('',#9736);
#8856=PLANE('',#9737);
#8857=PLANE('',#9738);
#8858=PLANE('',#9739);
#8859=PLANE('',#9740);
#8860=PLANE('',#9741);
#8861=PLANE('',#9742);
#8862=PLANE('',#9744);
#8863=PLANE('',#9745);
#8864=PLANE('',#9746);
#8865=PLANE('',#9747);
#8866=PLANE('',#9748);
#8867=PLANE('',#9749);
#8868=PLANE('',#9750);
#8869=PLANE('',#9751);
#8870=PLANE('',#9752);
#8871=PLANE('',#9753);
#8872=PLANE('',#9754);
#8873=PLANE('',#9755);
#8874=PLANE('',#9756);
#8875=PLANE('',#9757);
#8876=PLANE('',#9758);
#8877=PLANE('',#9759);
#8878=PLANE('',#9761);
#8879=PLANE('',#9762);
#8880=PLANE('',#9763);
#8881=PLANE('',#9764);
#8882=PLANE('',#9766);
#8883=PLANE('',#9767);
#8884=PLANE('',#9768);
#8885=PLANE('',#9769);
#8886=PLANE('',#9771);
#8887=PLANE('',#9772);
#8888=PLANE('',#9773);
#8889=PLANE('',#9774);
#8890=PLANE('',#9775);
#8891=PLANE('',#9776);
#8892=PLANE('',#9777);
#8893=PLANE('',#9778);
#8894=PLANE('',#9779);
#8895=PLANE('',#9780);
#8896=PLANE('',#9781);
#8897=PLANE('',#9782);
#8898=PLANE('',#9784);
#8899=PLANE('',#9785);
#8900=PLANE('',#9786);
#8901=PLANE('',#9787);
#8902=PLANE('',#9788);
#8903=PLANE('',#9789);
#8904=PLANE('',#9790);
#8905=PLANE('',#9791);
#8906=PLANE('',#9793);
#8907=PLANE('',#9794);
#8908=PLANE('',#9795);
#8909=PLANE('',#9796);
#8910=PLANE('',#9797);
#8911=PLANE('',#9798);
#8912=PLANE('',#9799);
#8913=PLANE('',#9800);
#8914=PLANE('',#9801);
#8915=PLANE('',#9802);
#8916=PLANE('',#9803);
#8917=PLANE('',#9804);
#8918=PLANE('',#9805);
#8919=PLANE('',#9806);
#8920=PLANE('',#9807);
#8921=PLANE('',#9808);
#8922=PLANE('',#9809);
#8923=PLANE('',#9810);
#8924=PLANE('',#9811);
#8925=PLANE('',#9812);
#8926=PLANE('',#9813);
#8927=PLANE('',#9814);
#8928=PLANE('',#9815);
#8929=PLANE('',#9816);
#8930=PLANE('',#9817);
#8931=PLANE('',#9818);
#8932=PLANE('',#9819);
#8933=PLANE('',#9820);
#8934=PLANE('',#9821);
#8935=PLANE('',#9822);
#8936=PLANE('',#9823);
#8937=PLANE('',#9824);
#8938=PLANE('',#9825);
#8939=PLANE('',#9826);
#8940=PLANE('',#9827);
#8941=PLANE('',#9828);
#8942=PLANE('',#9829);
#8943=PLANE('',#9830);
#8944=PLANE('',#9831);
#8945=PLANE('',#9832);
#8946=PLANE('',#9833);
#8947=PLANE('',#9834);
#8948=PLANE('',#9835);
#8949=PLANE('',#9836);
#8950=PLANE('',#9837);
#8951=PLANE('',#9838);
#8952=PLANE('',#9839);
#8953=PLANE('',#9840);
#8954=PLANE('',#9841);
#8955=PLANE('',#9842);
#8956=PLANE('',#9843);
#8957=PLANE('',#9844);
#8958=PLANE('',#9845);
#8959=PLANE('',#9846);
#8960=PLANE('',#9847);
#8961=PLANE('',#9848);
#8962=PLANE('',#9849);
#8963=PLANE('',#9850);
#8964=PLANE('',#9851);
#8965=PLANE('',#9852);
#8966=PLANE('',#9853);
#8967=PLANE('',#9854);
#8968=PLANE('',#9855);
#8969=PLANE('',#9856);
#8970=PLANE('',#9857);
#8971=PLANE('',#9858);
#8972=PLANE('',#9859);
#8973=PLANE('',#9860);
#8974=PLANE('',#9861);
#8975=PLANE('',#9862);
#8976=PLANE('',#9863);
#8977=PLANE('',#9864);
#8978=PLANE('',#9865);
#8979=PLANE('',#9866);
#8980=PLANE('',#9867);
#8981=PLANE('',#9868);
#8982=PLANE('',#9869);
#8983=PLANE('',#9870);
#8984=PLANE('',#9871);
#8985=PLANE('',#9872);
#8986=PLANE('',#9873);
#8987=PLANE('',#9874);
#8988=PLANE('',#9875);
#8989=PLANE('',#9876);
#8990=PLANE('',#9877);
#8991=PLANE('',#9878);
#8992=PLANE('',#9879);
#8993=PLANE('',#9880);
#8994=PLANE('',#9881);
#8995=PLANE('',#9882);
#8996=PLANE('',#9883);
#8997=PLANE('',#9884);
#8998=PLANE('',#9885);
#8999=PLANE('',#9886);
#9000=PLANE('',#9887);
#9001=PLANE('',#9888);
#9002=PLANE('',#9889);
#9003=PLANE('',#9890);
#9004=PLANE('',#9891);
#9005=PLANE('',#9892);
#9006=PLANE('',#9893);
#9007=PLANE('',#9894);
#9008=PLANE('',#9895);
#9009=PLANE('',#9896);
#9010=PLANE('',#9897);
#9011=PLANE('',#9898);
#9012=PLANE('',#9899);
#9013=PLANE('',#9900);
#9014=PLANE('',#9901);
#9015=PLANE('',#9902);
#9016=PLANE('',#9903);
#9017=PLANE('',#9904);
#9018=PLANE('',#9905);
#9019=PLANE('',#9906);
#9020=PLANE('',#9907);
#9021=PLANE('',#9908);
#9022=PLANE('',#9909);
#9023=PLANE('',#9910);
#9024=PLANE('',#9911);
#9025=PLANE('',#9912);
#9026=PLANE('',#9913);
#9027=PLANE('',#9914);
#9028=PLANE('',#9915);
#9029=PLANE('',#9916);
#9030=PLANE('',#9917);
#9031=PLANE('',#9918);
#9032=PLANE('',#9919);
#9033=PLANE('',#9920);
#9034=PLANE('',#9921);
#9035=PLANE('',#9922);
#9036=PLANE('',#9923);
#9037=PLANE('',#9924);
#9038=PLANE('',#9925);
#9039=PLANE('',#9926);
#9040=PLANE('',#9927);
#9041=PLANE('',#9928);
#9042=PLANE('',#9929);
#9043=PLANE('',#9930);
#9044=PLANE('',#9931);
#9045=PLANE('',#9932);
#9046=PLANE('',#9933);
#9047=PLANE('',#9934);
#9048=PLANE('',#9935);
#9049=PLANE('',#9936);
#9050=PLANE('',#9937);
#9051=PLANE('',#9938);
#9052=PLANE('',#9939);
#9053=PLANE('',#9940);
#9054=PLANE('',#9941);
#9055=PLANE('',#9942);
#9056=PLANE('',#9943);
#9057=PLANE('',#9944);
#9058=PLANE('',#9945);
#9059=PLANE('',#9946);
#9060=PLANE('',#9947);
#9061=PLANE('',#9948);
#9062=PLANE('',#9949);
#9063=PLANE('',#9950);
#9064=PLANE('',#9951);
#9065=PLANE('',#9952);
#9066=PLANE('',#9953);
#9067=PLANE('',#9954);
#9068=PLANE('',#9955);
#9069=PLANE('',#9956);
#9070=PLANE('',#9957);
#9071=PLANE('',#9958);
#9072=PLANE('',#9959);
#9073=PLANE('',#9960);
#9074=PLANE('',#9961);
#9075=PLANE('',#9962);
#9076=PLANE('',#9963);
#9077=PLANE('',#9964);
#9078=PLANE('',#9965);
#9079=PLANE('',#9966);
#9080=PLANE('',#9967);
#9081=PLANE('',#9968);
#9082=PLANE('',#9969);
#9083=PLANE('',#9970);
#9084=PLANE('',#9971);
#9085=PLANE('',#9972);
#9086=PLANE('',#9973);
#9087=PLANE('',#9974);
#9088=PLANE('',#9975);
#9089=PLANE('',#9976);
#9090=PLANE('',#9977);
#9091=PLANE('',#9978);
#9092=PLANE('',#9979);
#9093=PLANE('',#9980);
#9094=PLANE('',#9981);
#9095=PLANE('',#9982);
#9096=PLANE('',#9983);
#9097=PLANE('',#9984);
#9098=PLANE('',#9985);
#9099=PLANE('',#9986);
#9100=PLANE('',#9987);
#9101=PLANE('',#9988);
#9102=PLANE('',#9989);
#9103=PLANE('',#9990);
#9104=PLANE('',#9991);
#9105=PLANE('',#9992);
#9106=PLANE('',#9993);
#9107=PLANE('',#9994);
#9108=PLANE('',#9995);
#9109=PLANE('',#9996);
#9110=PLANE('',#9997);
#9111=PLANE('',#9998);
#9112=PLANE('',#9999);
#9113=PLANE('',#10000);
#9114=PLANE('',#10001);
#9115=PLANE('',#10002);
#9116=PLANE('',#10006);
#9117=PLANE('',#10010);
#9118=PLANE('',#10014);
#9119=PLANE('',#10018);
#9120=PLANE('',#10022);
#9121=PLANE('',#10026);
#9122=PLANE('',#10027);
#9123=PLANE('',#10030);
#9124=PLANE('',#10033);
#9125=PLANE('',#10036);
#9126=PLANE('',#10067);
#9127=PLANE('',#10068);
#9128=PLANE('',#10069);
#9129=PLANE('',#10070);
#9130=PLANE('',#10071);
#9131=PLANE('',#10072);
#9132=PLANE('',#10073);
#9133=PLANE('',#10074);
#9134=PLANE('',#10075);
#9135=PLANE('',#10080);
#9136=PLANE('',#10088);
#9137=PLANE('',#10090);
#9138=PLANE('',#10092);
#9139=PLANE('',#10095);
#9140=PLANE('',#10098);
#9141=PLANE('',#10101);
#9142=PLANE('',#10102);
#9143=PLANE('',#10104);
#9144=PLANE('',#10110);
#9145=PLANE('',#10112);
#9146=PLANE('',#10114);
#9147=PLANE('',#10116);
#9148=PLANE('',#10118);
#9149=PLANE('',#10120);
#9150=PLANE('',#10121);
#9151=PLANE('',#10122);
#9152=PLANE('',#10123);
#9153=PLANE('',#10127);
#9154=PLANE('',#10128);
#9155=PLANE('',#10138);
#9156=PLANE('',#10139);
#9157=PLANE('',#10140);
#9158=PLANE('',#10141);
#9159=PLANE('',#10222);
#9160=PLANE('',#10223);
#9161=PLANE('',#10247);
#9162=PLANE('',#10249);
#9163=PLANE('',#10252);
#9164=ADVANCED_FACE('',(#468),#8786,.F.);
#9165=ADVANCED_FACE('',(#469),#8787,.F.);
#9166=ADVANCED_FACE('',(#470,#111,#112,#113,#114,#115,#116,#117,#118,#119,
#120,#121,#122,#123,#124,#125,#126,#127,#128,#129,#130,#131,#132,#133,#134,
#135,#136,#137,#138,#139,#140,#141,#142,#143,#144,#145,#146,#147,#148,#149,
#150,#151,#152,#153,#154,#155,#156,#157,#158,#159,#160,#161,#162,#163,#164,
#165,#166,#167,#168,#169,#170,#171,#172,#173,#174,#175,#176,#177,#178,#179,
#180,#181,#182,#183,#184,#185,#186,#187,#188,#189,#190,#191,#192,#193,#194,
#195,#196,#197,#198,#199,#200),#8788,.T.);
#9167=ADVANCED_FACE('',(#471),#8789,.T.);
#9168=ADVANCED_FACE('',(#472),#63,.T.);
#9169=ADVANCED_FACE('',(#473,#201,#202,#203,#204,#205,#206,#207,#208,#209,
#210,#211,#212,#213,#214,#215,#216,#217,#218,#219,#220,#221,#222,#223,#224,
#225,#226,#227,#228,#229,#230,#231,#232,#233,#234,#235,#236,#237,#238,#239,
#240,#241,#242,#243,#244,#245,#246,#247,#248,#249,#250,#251,#252,#253,#254,
#255,#256,#257,#258,#259,#260,#261,#262,#263,#264,#265,#266,#267,#268,#269,
#270,#271,#272,#273,#274,#275,#276,#277,#278,#279,#280,#281,#282,#283,#284,
#285,#286,#287,#288,#289,#290),#8790,.F.);
#9170=ADVANCED_FACE('',(#474),#8791,.T.);
#9171=ADVANCED_FACE('',(#475),#64,.F.);
#9172=ADVANCED_FACE('',(#476),#8792,.T.);
#9173=ADVANCED_FACE('',(#477),#8793,.T.);
#9174=ADVANCED_FACE('',(#478),#8794,.T.);
#9175=ADVANCED_FACE('',(#479),#8795,.T.);
#9176=ADVANCED_FACE('',(#480),#8796,.T.);
#9177=ADVANCED_FACE('',(#481),#8797,.T.);
#9178=ADVANCED_FACE('',(#482),#8798,.T.);
#9179=ADVANCED_FACE('',(#483),#8799,.T.);
#9180=ADVANCED_FACE('',(#484),#8800,.T.);
#9181=ADVANCED_FACE('',(#485),#8801,.T.);
#9182=ADVANCED_FACE('',(#486),#65,.F.);
#9183=ADVANCED_FACE('',(#487),#66,.F.);
#9184=ADVANCED_FACE('',(#488),#8802,.T.);
#9185=ADVANCED_FACE('',(#489),#8803,.T.);
#9186=ADVANCED_FACE('',(#490),#8804,.T.);
#9187=ADVANCED_FACE('',(#491),#8805,.T.);
#9188=ADVANCED_FACE('',(#492),#67,.F.);
#9189=ADVANCED_FACE('',(#493),#8806,.T.);
#9190=ADVANCED_FACE('',(#494),#8807,.T.);
#9191=ADVANCED_FACE('',(#495),#8808,.T.);
#9192=ADVANCED_FACE('',(#496),#8809,.T.);
#9193=ADVANCED_FACE('',(#497),#8810,.T.);
#9194=ADVANCED_FACE('',(#498),#8811,.T.);
#9195=ADVANCED_FACE('',(#499),#8812,.T.);
#9196=ADVANCED_FACE('',(#500),#8813,.T.);
#9197=ADVANCED_FACE('',(#501),#8814,.T.);
#9198=ADVANCED_FACE('',(#502),#8815,.T.);
#9199=ADVANCED_FACE('',(#503),#8816,.T.);
#9200=ADVANCED_FACE('',(#504),#8817,.T.);
#9201=ADVANCED_FACE('',(#505),#8818,.T.);
#9202=ADVANCED_FACE('',(#506),#8819,.T.);
#9203=ADVANCED_FACE('',(#507),#8820,.T.);
#9204=ADVANCED_FACE('',(#508),#8821,.T.);
#9205=ADVANCED_FACE('',(#509),#8822,.T.);
#9206=ADVANCED_FACE('',(#510),#8823,.T.);
#9207=ADVANCED_FACE('',(#511),#8824,.T.);
#9208=ADVANCED_FACE('',(#512),#8825,.T.);
#9209=ADVANCED_FACE('',(#513),#8826,.T.);
#9210=ADVANCED_FACE('',(#514),#8827,.T.);
#9211=ADVANCED_FACE('',(#515),#8828,.T.);
#9212=ADVANCED_FACE('',(#516),#8829,.T.);
#9213=ADVANCED_FACE('',(#517),#8830,.T.);
#9214=ADVANCED_FACE('',(#518),#8831,.T.);
#9215=ADVANCED_FACE('',(#519),#8832,.T.);
#9216=ADVANCED_FACE('',(#520),#8833,.T.);
#9217=ADVANCED_FACE('',(#521),#8834,.T.);
#9218=ADVANCED_FACE('',(#522),#8835,.T.);
#9219=ADVANCED_FACE('',(#523),#8836,.T.);
#9220=ADVANCED_FACE('',(#524),#8837,.T.);
#9221=ADVANCED_FACE('',(#525),#8838,.T.);
#9222=ADVANCED_FACE('',(#526),#8839,.T.);
#9223=ADVANCED_FACE('',(#527),#8840,.T.);
#9224=ADVANCED_FACE('',(#528),#8841,.T.);
#9225=ADVANCED_FACE('',(#529),#68,.F.);
#9226=ADVANCED_FACE('',(#530),#8842,.T.);
#9227=ADVANCED_FACE('',(#531),#8843,.T.);
#9228=ADVANCED_FACE('',(#532),#8844,.T.);
#9229=ADVANCED_FACE('',(#533),#8845,.T.);
#9230=ADVANCED_FACE('',(#534),#8846,.T.);
#9231=ADVANCED_FACE('',(#535),#8847,.T.);
#9232=ADVANCED_FACE('',(#536),#8848,.T.);
#9233=ADVANCED_FACE('',(#537),#8849,.T.);
#9234=ADVANCED_FACE('',(#538),#8850,.T.);
#9235=ADVANCED_FACE('',(#539),#8851,.T.);
#9236=ADVANCED_FACE('',(#540),#8852,.T.);
#9237=ADVANCED_FACE('',(#541),#8853,.T.);
#9238=ADVANCED_FACE('',(#542),#8854,.T.);
#9239=ADVANCED_FACE('',(#543),#8855,.T.);
#9240=ADVANCED_FACE('',(#544),#8856,.T.);
#9241=ADVANCED_FACE('',(#545),#8857,.T.);
#9242=ADVANCED_FACE('',(#546),#8858,.T.);
#9243=ADVANCED_FACE('',(#547),#8859,.T.);
#9244=ADVANCED_FACE('',(#548),#8860,.T.);
#9245=ADVANCED_FACE('',(#549),#8861,.T.);
#9246=ADVANCED_FACE('',(#550),#69,.F.);
#9247=ADVANCED_FACE('',(#551),#8862,.T.);
#9248=ADVANCED_FACE('',(#552),#8863,.T.);
#9249=ADVANCED_FACE('',(#553),#8864,.T.);
#9250=ADVANCED_FACE('',(#554),#8865,.T.);
#9251=ADVANCED_FACE('',(#555),#8866,.T.);
#9252=ADVANCED_FACE('',(#556),#8867,.T.);
#9253=ADVANCED_FACE('',(#557),#8868,.T.);
#9254=ADVANCED_FACE('',(#558),#8869,.T.);
#9255=ADVANCED_FACE('',(#559),#8870,.T.);
#9256=ADVANCED_FACE('',(#560),#8871,.T.);
#9257=ADVANCED_FACE('',(#561),#8872,.T.);
#9258=ADVANCED_FACE('',(#562),#8873,.T.);
#9259=ADVANCED_FACE('',(#563),#8874,.T.);
#9260=ADVANCED_FACE('',(#564),#8875,.T.);
#9261=ADVANCED_FACE('',(#565),#8876,.T.);
#9262=ADVANCED_FACE('',(#566),#8877,.T.);
#9263=ADVANCED_FACE('',(#567),#70,.F.);
#9264=ADVANCED_FACE('',(#568),#8878,.T.);
#9265=ADVANCED_FACE('',(#569),#8879,.T.);
#9266=ADVANCED_FACE('',(#570),#8880,.T.);
#9267=ADVANCED_FACE('',(#571),#8881,.T.);
#9268=ADVANCED_FACE('',(#572),#71,.F.);
#9269=ADVANCED_FACE('',(#573),#8882,.T.);
#9270=ADVANCED_FACE('',(#574),#8883,.T.);
#9271=ADVANCED_FACE('',(#575),#8884,.T.);
#9272=ADVANCED_FACE('',(#576),#8885,.T.);
#9273=ADVANCED_FACE('',(#577),#72,.F.);
#9274=ADVANCED_FACE('',(#578),#8886,.T.);
#9275=ADVANCED_FACE('',(#579),#8887,.T.);
#9276=ADVANCED_FACE('',(#580),#8888,.T.);
#9277=ADVANCED_FACE('',(#581),#8889,.T.);
#9278=ADVANCED_FACE('',(#582),#8890,.T.);
#9279=ADVANCED_FACE('',(#583),#8891,.T.);
#9280=ADVANCED_FACE('',(#584),#8892,.T.);
#9281=ADVANCED_FACE('',(#585),#8893,.T.);
#9282=ADVANCED_FACE('',(#586),#8894,.T.);
#9283=ADVANCED_FACE('',(#587),#8895,.T.);
#9284=ADVANCED_FACE('',(#588),#8896,.T.);
#9285=ADVANCED_FACE('',(#589),#8897,.T.);
#9286=ADVANCED_FACE('',(#590),#73,.F.);
#9287=ADVANCED_FACE('',(#591),#8898,.T.);
#9288=ADVANCED_FACE('',(#592),#8899,.T.);
#9289=ADVANCED_FACE('',(#593),#8900,.T.);
#9290=ADVANCED_FACE('',(#594),#8901,.T.);
#9291=ADVANCED_FACE('',(#595),#8902,.T.);
#9292=ADVANCED_FACE('',(#596),#8903,.T.);
#9293=ADVANCED_FACE('',(#597),#8904,.T.);
#9294=ADVANCED_FACE('',(#598),#8905,.T.);
#9295=ADVANCED_FACE('',(#599),#74,.F.);
#9296=ADVANCED_FACE('',(#600),#8906,.T.);
#9297=ADVANCED_FACE('',(#601),#8907,.T.);
#9298=ADVANCED_FACE('',(#602),#8908,.T.);
#9299=ADVANCED_FACE('',(#603),#8909,.T.);
#9300=ADVANCED_FACE('',(#604),#8910,.T.);
#9301=ADVANCED_FACE('',(#605),#8911,.T.);
#9302=ADVANCED_FACE('',(#606),#8912,.T.);
#9303=ADVANCED_FACE('',(#607),#8913,.T.);
#9304=ADVANCED_FACE('',(#608),#8914,.T.);
#9305=ADVANCED_FACE('',(#609),#8915,.T.);
#9306=ADVANCED_FACE('',(#610),#8916,.T.);
#9307=ADVANCED_FACE('',(#611),#8917,.T.);
#9308=ADVANCED_FACE('',(#612),#8918,.T.);
#9309=ADVANCED_FACE('',(#613),#8919,.T.);
#9310=ADVANCED_FACE('',(#614),#8920,.T.);
#9311=ADVANCED_FACE('',(#615),#8921,.T.);
#9312=ADVANCED_FACE('',(#616),#8922,.T.);
#9313=ADVANCED_FACE('',(#617),#8923,.T.);
#9314=ADVANCED_FACE('',(#618),#8924,.T.);
#9315=ADVANCED_FACE('',(#619),#8925,.T.);
#9316=ADVANCED_FACE('',(#620),#8926,.T.);
#9317=ADVANCED_FACE('',(#621),#8927,.T.);
#9318=ADVANCED_FACE('',(#622),#8928,.T.);
#9319=ADVANCED_FACE('',(#623),#8929,.T.);
#9320=ADVANCED_FACE('',(#624),#8930,.T.);
#9321=ADVANCED_FACE('',(#625),#8931,.T.);
#9322=ADVANCED_FACE('',(#626),#8932,.T.);
#9323=ADVANCED_FACE('',(#627),#8933,.T.);
#9324=ADVANCED_FACE('',(#628),#8934,.T.);
#9325=ADVANCED_FACE('',(#629),#8935,.T.);
#9326=ADVANCED_FACE('',(#630),#8936,.T.);
#9327=ADVANCED_FACE('',(#631),#8937,.T.);
#9328=ADVANCED_FACE('',(#632),#8938,.T.);
#9329=ADVANCED_FACE('',(#633),#8939,.T.);
#9330=ADVANCED_FACE('',(#634),#8940,.T.);
#9331=ADVANCED_FACE('',(#635),#8941,.T.);
#9332=ADVANCED_FACE('',(#636),#8942,.T.);
#9333=ADVANCED_FACE('',(#637),#8943,.T.);
#9334=ADVANCED_FACE('',(#638),#8944,.T.);
#9335=ADVANCED_FACE('',(#639),#8945,.T.);
#9336=ADVANCED_FACE('',(#640),#8946,.T.);
#9337=ADVANCED_FACE('',(#641),#8947,.T.);
#9338=ADVANCED_FACE('',(#642),#8948,.T.);
#9339=ADVANCED_FACE('',(#643),#8949,.T.);
#9340=ADVANCED_FACE('',(#644),#8950,.T.);
#9341=ADVANCED_FACE('',(#645),#8951,.T.);
#9342=ADVANCED_FACE('',(#646),#8952,.T.);
#9343=ADVANCED_FACE('',(#647),#8953,.T.);
#9344=ADVANCED_FACE('',(#648),#8954,.T.);
#9345=ADVANCED_FACE('',(#649),#8955,.T.);
#9346=ADVANCED_FACE('',(#650),#8956,.T.);
#9347=ADVANCED_FACE('',(#651),#8957,.T.);
#9348=ADVANCED_FACE('',(#652),#8958,.T.);
#9349=ADVANCED_FACE('',(#653),#8959,.T.);
#9350=ADVANCED_FACE('',(#654),#8960,.T.);
#9351=ADVANCED_FACE('',(#655),#8961,.T.);
#9352=ADVANCED_FACE('',(#656),#8962,.T.);
#9353=ADVANCED_FACE('',(#657),#8963,.T.);
#9354=ADVANCED_FACE('',(#658),#8964,.T.);
#9355=ADVANCED_FACE('',(#659),#8965,.T.);
#9356=ADVANCED_FACE('',(#660),#8966,.T.);
#9357=ADVANCED_FACE('',(#661),#8967,.T.);
#9358=ADVANCED_FACE('',(#662),#8968,.T.);
#9359=ADVANCED_FACE('',(#663),#8969,.T.);
#9360=ADVANCED_FACE('',(#664),#8970,.T.);
#9361=ADVANCED_FACE('',(#665),#8971,.T.);
#9362=ADVANCED_FACE('',(#666),#8972,.T.);
#9363=ADVANCED_FACE('',(#667),#8973,.T.);
#9364=ADVANCED_FACE('',(#668),#8974,.T.);
#9365=ADVANCED_FACE('',(#669),#8975,.T.);
#9366=ADVANCED_FACE('',(#670),#8976,.T.);
#9367=ADVANCED_FACE('',(#671),#8977,.T.);
#9368=ADVANCED_FACE('',(#672),#8978,.T.);
#9369=ADVANCED_FACE('',(#673),#8979,.T.);
#9370=ADVANCED_FACE('',(#674),#8980,.T.);
#9371=ADVANCED_FACE('',(#675),#8981,.T.);
#9372=ADVANCED_FACE('',(#676),#8982,.T.);
#9373=ADVANCED_FACE('',(#677),#8983,.T.);
#9374=ADVANCED_FACE('',(#678),#8984,.T.);
#9375=ADVANCED_FACE('',(#679),#8985,.T.);
#9376=ADVANCED_FACE('',(#680),#8986,.T.);
#9377=ADVANCED_FACE('',(#681),#8987,.T.);
#9378=ADVANCED_FACE('',(#682),#8988,.T.);
#9379=ADVANCED_FACE('',(#683),#8989,.T.);
#9380=ADVANCED_FACE('',(#684),#8990,.T.);
#9381=ADVANCED_FACE('',(#685),#8991,.T.);
#9382=ADVANCED_FACE('',(#686),#8992,.T.);
#9383=ADVANCED_FACE('',(#687),#8993,.T.);
#9384=ADVANCED_FACE('',(#688),#8994,.T.);
#9385=ADVANCED_FACE('',(#689),#8995,.T.);
#9386=ADVANCED_FACE('',(#690),#8996,.T.);
#9387=ADVANCED_FACE('',(#691),#8997,.T.);
#9388=ADVANCED_FACE('',(#692),#8998,.T.);
#9389=ADVANCED_FACE('',(#693),#8999,.T.);
#9390=ADVANCED_FACE('',(#694),#9000,.T.);
#9391=ADVANCED_FACE('',(#695),#9001,.T.);
#9392=ADVANCED_FACE('',(#696),#9002,.T.);
#9393=ADVANCED_FACE('',(#697),#9003,.T.);
#9394=ADVANCED_FACE('',(#698),#9004,.T.);
#9395=ADVANCED_FACE('',(#699),#9005,.T.);
#9396=ADVANCED_FACE('',(#700),#9006,.T.);
#9397=ADVANCED_FACE('',(#701),#9007,.T.);
#9398=ADVANCED_FACE('',(#702),#9008,.T.);
#9399=ADVANCED_FACE('',(#703),#9009,.T.);
#9400=ADVANCED_FACE('',(#704),#9010,.T.);
#9401=ADVANCED_FACE('',(#705),#9011,.T.);
#9402=ADVANCED_FACE('',(#706),#9012,.T.);
#9403=ADVANCED_FACE('',(#707),#9013,.T.);
#9404=ADVANCED_FACE('',(#708),#9014,.T.);
#9405=ADVANCED_FACE('',(#709),#9015,.T.);
#9406=ADVANCED_FACE('',(#710),#9016,.T.);
#9407=ADVANCED_FACE('',(#711),#9017,.T.);
#9408=ADVANCED_FACE('',(#712),#9018,.T.);
#9409=ADVANCED_FACE('',(#713),#9019,.T.);
#9410=ADVANCED_FACE('',(#714),#9020,.T.);
#9411=ADVANCED_FACE('',(#715),#9021,.T.);
#9412=ADVANCED_FACE('',(#716),#9022,.T.);
#9413=ADVANCED_FACE('',(#717),#9023,.T.);
#9414=ADVANCED_FACE('',(#718),#9024,.T.);
#9415=ADVANCED_FACE('',(#719),#9025,.T.);
#9416=ADVANCED_FACE('',(#720),#9026,.T.);
#9417=ADVANCED_FACE('',(#721),#9027,.T.);
#9418=ADVANCED_FACE('',(#722),#9028,.T.);
#9419=ADVANCED_FACE('',(#723),#9029,.T.);
#9420=ADVANCED_FACE('',(#724),#9030,.T.);
#9421=ADVANCED_FACE('',(#725),#9031,.T.);
#9422=ADVANCED_FACE('',(#726),#9032,.T.);
#9423=ADVANCED_FACE('',(#727),#9033,.T.);
#9424=ADVANCED_FACE('',(#728),#9034,.T.);
#9425=ADVANCED_FACE('',(#729),#9035,.T.);
#9426=ADVANCED_FACE('',(#730),#9036,.T.);
#9427=ADVANCED_FACE('',(#731),#9037,.T.);
#9428=ADVANCED_FACE('',(#732),#9038,.T.);
#9429=ADVANCED_FACE('',(#733),#9039,.T.);
#9430=ADVANCED_FACE('',(#734),#9040,.T.);
#9431=ADVANCED_FACE('',(#735),#9041,.T.);
#9432=ADVANCED_FACE('',(#736),#9042,.T.);
#9433=ADVANCED_FACE('',(#737),#9043,.T.);
#9434=ADVANCED_FACE('',(#738),#9044,.T.);
#9435=ADVANCED_FACE('',(#739),#9045,.T.);
#9436=ADVANCED_FACE('',(#740),#9046,.T.);
#9437=ADVANCED_FACE('',(#741),#9047,.T.);
#9438=ADVANCED_FACE('',(#742),#9048,.T.);
#9439=ADVANCED_FACE('',(#743),#9049,.T.);
#9440=ADVANCED_FACE('',(#744),#9050,.T.);
#9441=ADVANCED_FACE('',(#745),#9051,.T.);
#9442=ADVANCED_FACE('',(#746),#9052,.T.);
#9443=ADVANCED_FACE('',(#747),#9053,.T.);
#9444=ADVANCED_FACE('',(#748),#9054,.T.);
#9445=ADVANCED_FACE('',(#749),#9055,.T.);
#9446=ADVANCED_FACE('',(#750),#9056,.T.);
#9447=ADVANCED_FACE('',(#751),#9057,.T.);
#9448=ADVANCED_FACE('',(#752),#9058,.T.);
#9449=ADVANCED_FACE('',(#753),#9059,.T.);
#9450=ADVANCED_FACE('',(#754),#9060,.T.);
#9451=ADVANCED_FACE('',(#755),#9061,.T.);
#9452=ADVANCED_FACE('',(#756),#9062,.T.);
#9453=ADVANCED_FACE('',(#757),#9063,.T.);
#9454=ADVANCED_FACE('',(#758),#9064,.T.);
#9455=ADVANCED_FACE('',(#759),#9065,.T.);
#9456=ADVANCED_FACE('',(#760),#9066,.T.);
#9457=ADVANCED_FACE('',(#761),#9067,.T.);
#9458=ADVANCED_FACE('',(#762),#9068,.T.);
#9459=ADVANCED_FACE('',(#763),#9069,.T.);
#9460=ADVANCED_FACE('',(#764),#9070,.T.);
#9461=ADVANCED_FACE('',(#765),#9071,.T.);
#9462=ADVANCED_FACE('',(#766),#9072,.T.);
#9463=ADVANCED_FACE('',(#767),#9073,.T.);
#9464=ADVANCED_FACE('',(#768),#9074,.T.);
#9465=ADVANCED_FACE('',(#769),#9075,.T.);
#9466=ADVANCED_FACE('',(#770),#9076,.T.);
#9467=ADVANCED_FACE('',(#771),#9077,.T.);
#9468=ADVANCED_FACE('',(#772),#9078,.T.);
#9469=ADVANCED_FACE('',(#773),#9079,.T.);
#9470=ADVANCED_FACE('',(#774),#9080,.T.);
#9471=ADVANCED_FACE('',(#775),#9081,.T.);
#9472=ADVANCED_FACE('',(#776),#9082,.T.);
#9473=ADVANCED_FACE('',(#777),#9083,.T.);
#9474=ADVANCED_FACE('',(#778),#9084,.T.);
#9475=ADVANCED_FACE('',(#779),#9085,.T.);
#9476=ADVANCED_FACE('',(#780),#9086,.T.);
#9477=ADVANCED_FACE('',(#781),#9087,.T.);
#9478=ADVANCED_FACE('',(#782),#9088,.T.);
#9479=ADVANCED_FACE('',(#783),#9089,.T.);
#9480=ADVANCED_FACE('',(#784),#9090,.T.);
#9481=ADVANCED_FACE('',(#785),#9091,.T.);
#9482=ADVANCED_FACE('',(#786),#9092,.T.);
#9483=ADVANCED_FACE('',(#787),#9093,.T.);
#9484=ADVANCED_FACE('',(#788),#9094,.T.);
#9485=ADVANCED_FACE('',(#789),#9095,.T.);
#9486=ADVANCED_FACE('',(#790),#9096,.T.);
#9487=ADVANCED_FACE('',(#791),#9097,.T.);
#9488=ADVANCED_FACE('',(#792),#9098,.T.);
#9489=ADVANCED_FACE('',(#793),#9099,.T.);
#9490=ADVANCED_FACE('',(#794),#9100,.T.);
#9491=ADVANCED_FACE('',(#795),#9101,.T.);
#9492=ADVANCED_FACE('',(#796),#9102,.T.);
#9493=ADVANCED_FACE('',(#797),#9103,.T.);
#9494=ADVANCED_FACE('',(#798),#9104,.T.);
#9495=ADVANCED_FACE('',(#799),#9105,.T.);
#9496=ADVANCED_FACE('',(#800),#9106,.T.);
#9497=ADVANCED_FACE('',(#801),#9107,.T.);
#9498=ADVANCED_FACE('',(#802),#9108,.T.);
#9499=ADVANCED_FACE('',(#803),#9109,.T.);
#9500=ADVANCED_FACE('',(#804),#9110,.T.);
#9501=ADVANCED_FACE('',(#805),#9111,.T.);
#9502=ADVANCED_FACE('',(#806),#9112,.T.);
#9503=ADVANCED_FACE('',(#807),#9113,.T.);
#9504=ADVANCED_FACE('',(#808),#9114,.T.);
#9505=ADVANCED_FACE('',(#809),#9115,.T.);
#9506=ADVANCED_FACE('',(#810),#13,.T.);
#9507=ADVANCED_FACE('',(#811),#9116,.T.);
#9508=ADVANCED_FACE('',(#812),#14,.T.);
#9509=ADVANCED_FACE('',(#813),#9117,.T.);
#9510=ADVANCED_FACE('',(#814),#15,.T.);
#9511=ADVANCED_FACE('',(#815),#9118,.T.);
#9512=ADVANCED_FACE('',(#816),#16,.T.);
#9513=ADVANCED_FACE('',(#817),#9119,.T.);
#9514=ADVANCED_FACE('',(#818),#17,.T.);
#9515=ADVANCED_FACE('',(#819),#9120,.T.);
#9516=ADVANCED_FACE('',(#820),#18,.F.);
#9517=ADVANCED_FACE('',(#821),#9121,.T.);
#9518=ADVANCED_FACE('',(#822),#9122,.T.);
#9519=ADVANCED_FACE('',(#823),#75,.T.);
#9520=ADVANCED_FACE('',(#824),#9123,.T.);
#9521=ADVANCED_FACE('',(#825),#76,.F.);
#9522=ADVANCED_FACE('',(#826),#9124,.T.);
#9523=ADVANCED_FACE('',(#827),#77,.T.);
#9524=ADVANCED_FACE('',(#828,#291,#292,#293,#294,#295,#296,#297,#298,#299,
#300),#9125,.T.);
#9525=ADVANCED_FACE('',(#829),#19,.F.);
#9526=ADVANCED_FACE('',(#830),#20,.F.);
#9527=ADVANCED_FACE('',(#831),#21,.F.);
#9528=ADVANCED_FACE('',(#832),#22,.F.);
#9529=ADVANCED_FACE('',(#833),#23,.F.);
#9530=ADVANCED_FACE('',(#834),#24,.F.);
#9531=ADVANCED_FACE('',(#835),#25,.F.);
#9532=ADVANCED_FACE('',(#836),#26,.F.);
#9533=ADVANCED_FACE('',(#837),#27,.F.);
#9534=ADVANCED_FACE('',(#838),#28,.F.);
#9535=ADVANCED_FACE('',(#839),#9126,.T.);
#9536=ADVANCED_FACE('',(#840),#9127,.T.);
#9537=ADVANCED_FACE('',(#841),#9128,.T.);
#9538=ADVANCED_FACE('',(#842),#9129,.T.);
#9539=ADVANCED_FACE('',(#843),#9130,.T.);
#9540=ADVANCED_FACE('',(#844),#9131,.T.);
#9541=ADVANCED_FACE('',(#845),#9132,.T.);
#9542=ADVANCED_FACE('',(#846),#9133,.T.);
#9543=ADVANCED_FACE('',(#847,#301),#9134,.T.);
#9544=ADVANCED_FACE('',(#848,#302),#9135,.T.);
#9545=ADVANCED_FACE('',(#849),#29,.T.);
#9546=ADVANCED_FACE('',(#850),#9136,.T.);
#9547=ADVANCED_FACE('',(#851),#30,.F.);
#9548=ADVANCED_FACE('',(#852),#9137,.T.);
#9549=ADVANCED_FACE('',(#853),#31,.T.);
#9550=ADVANCED_FACE('',(#854),#9138,.T.);
#9551=ADVANCED_FACE('',(#855),#32,.T.);
#9552=ADVANCED_FACE('',(#856),#9139,.T.);
#9553=ADVANCED_FACE('',(#857),#33,.T.);
#9554=ADVANCED_FACE('',(#858),#9140,.T.);
#9555=ADVANCED_FACE('',(#859),#34,.T.);
#9556=ADVANCED_FACE('',(#860),#9141,.T.);
#9557=ADVANCED_FACE('',(#861),#9142,.T.);
#9558=ADVANCED_FACE('',(#862),#78,.T.);
#9559=ADVANCED_FACE('',(#863,#303),#9143,.T.);
#9560=ADVANCED_FACE('',(#864),#79,.T.);
#9561=ADVANCED_FACE('',(#865),#9144,.T.);
#9562=ADVANCED_FACE('',(#866),#80,.F.);
#9563=ADVANCED_FACE('',(#867),#9145,.F.);
#9564=ADVANCED_FACE('',(#868),#81,.F.);
#9565=ADVANCED_FACE('',(#869),#9146,.F.);
#9566=ADVANCED_FACE('',(#870),#82,.F.);
#9567=ADVANCED_FACE('',(#871),#9147,.F.);
#9568=ADVANCED_FACE('',(#872),#83,.F.);
#9569=ADVANCED_FACE('',(#873),#9148,.F.);
#9570=ADVANCED_FACE('',(#874),#84,.T.);
#9571=ADVANCED_FACE('',(#875,#304,#305,#306,#307,#308,#309,#310,#311,#312,
#313),#9149,.F.);
#9572=ADVANCED_FACE('',(#876),#9150,.T.);
#9573=ADVANCED_FACE('',(#877),#9151,.T.);
#9574=ADVANCED_FACE('',(#878),#9152,.T.);
#9575=ADVANCED_FACE('',(#879),#85,.T.);
#9576=ADVANCED_FACE('',(#880),#9153,.T.);
#9577=ADVANCED_FACE('',(#881,#314,#315),#9154,.T.);
#9578=ADVANCED_FACE('',(#882),#86,.T.);
#9579=ADVANCED_FACE('',(#883),#87,.F.);
#9580=ADVANCED_FACE('',(#884),#88,.F.);
#9581=ADVANCED_FACE('',(#885),#9155,.T.);
#9582=ADVANCED_FACE('',(#886),#9156,.T.);
#9583=ADVANCED_FACE('',(#887),#9157,.T.);
#9584=ADVANCED_FACE('',(#888,#316,#317),#9158,.F.);
#9585=ADVANCED_FACE('',(#889),#35,.T.);
#9586=ADVANCED_FACE('',(#890),#36,.F.);
#9587=ADVANCED_FACE('',(#891),#37,.T.);
#9588=ADVANCED_FACE('',(#892),#38,.F.);
#9589=ADVANCED_FACE('',(#893),#39,.T.);
#9590=ADVANCED_FACE('',(#894),#40,.F.);
#9591=ADVANCED_FACE('',(#895),#41,.T.);
#9592=ADVANCED_FACE('',(#896),#42,.F.);
#9593=ADVANCED_FACE('',(#897),#43,.T.);
#9594=ADVANCED_FACE('',(#898),#44,.F.);
#9595=ADVANCED_FACE('',(#899),#45,.T.);
#9596=ADVANCED_FACE('',(#900),#46,.F.);
#9597=ADVANCED_FACE('',(#901),#47,.T.);
#9598=ADVANCED_FACE('',(#902),#48,.F.);
#9599=ADVANCED_FACE('',(#903),#49,.T.);
#9600=ADVANCED_FACE('',(#904),#50,.F.);
#9601=ADVANCED_FACE('',(#905),#51,.T.);
#9602=ADVANCED_FACE('',(#906),#52,.F.);
#9603=ADVANCED_FACE('',(#907),#53,.T.);
#9604=ADVANCED_FACE('',(#908),#54,.F.);
#9605=ADVANCED_FACE('',(#909),#89,.F.);
#9606=ADVANCED_FACE('',(#910),#90,.T.);
#9607=ADVANCED_FACE('',(#911),#91,.F.);
#9608=ADVANCED_FACE('',(#912),#92,.T.);
#9609=ADVANCED_FACE('',(#913),#93,.F.);
#9610=ADVANCED_FACE('',(#914),#94,.T.);
#9611=ADVANCED_FACE('',(#915),#95,.F.);
#9612=ADVANCED_FACE('',(#916),#96,.T.);
#9613=ADVANCED_FACE('',(#917),#97,.F.);
#9614=ADVANCED_FACE('',(#918),#98,.T.);
#9615=ADVANCED_FACE('',(#919),#9159,.T.);
#9616=ADVANCED_FACE('',(#920,#318),#9160,.T.);
#9617=ADVANCED_FACE('',(#921),#99,.T.);
#9618=ADVANCED_FACE('',(#922),#100,.F.);
#9619=ADVANCED_FACE('',(#923),#101,.T.);
#9620=ADVANCED_FACE('',(#924),#102,.T.);
#9621=ADVANCED_FACE('',(#925),#103,.F.);
#9622=ADVANCED_FACE('',(#926),#104,.T.);
#9623=ADVANCED_FACE('',(#927),#105,.F.);
#9624=ADVANCED_FACE('',(#928),#106,.T.);
#9625=ADVANCED_FACE('',(#929),#107,.F.);
#9626=ADVANCED_FACE('',(#930),#108,.F.);
#9627=ADVANCED_FACE('',(#931),#109,.F.);
#9628=ADVANCED_FACE('',(#932,#319),#9161,.F.);
#9629=ADVANCED_FACE('',(#933),#9162,.F.);
#9630=ADVANCED_FACE('',(#934),#110,.F.);
#9631=ADVANCED_FACE('',(#935),#9163,.T.);
#9632=CLOSED_SHELL('',(#9164,#9165,#9166,#9167,#9168,#9169,#9170,#9171,
#9172,#9173,#9174,#9175,#9176,#9177,#9178,#9179,#9180,#9181,#9182,#9183,
#9184,#9185,#9186,#9187,#9188,#9189,#9190,#9191,#9192,#9193,#9194,#9195,
#9196,#9197,#9198,#9199,#9200,#9201,#9202,#9203,#9204,#9205,#9206,#9207,
#9208,#9209,#9210,#9211,#9212,#9213,#9214,#9215,#9216,#9217,#9218,#9219,
#9220,#9221,#9222,#9223,#9224,#9225,#9226,#9227,#9228,#9229,#9230,#9231,
#9232,#9233,#9234,#9235,#9236,#9237,#9238,#9239,#9240,#9241,#9242,#9243,
#9244,#9245,#9246,#9247,#9248,#9249,#9250,#9251,#9252,#9253,#9254,#9255,
#9256,#9257,#9258,#9259,#9260,#9261,#9262,#9263,#9264,#9265,#9266,#9267,
#9268,#9269,#9270,#9271,#9272,#9273,#9274,#9275,#9276,#9277,#9278,#9279,
#9280,#9281,#9282,#9283,#9284,#9285,#9286,#9287,#9288,#9289,#9290,#9291,
#9292,#9293,#9294,#9295,#9296,#9297,#9298,#9299,#9300,#9301,#9302,#9303,
#9304,#9305,#9306,#9307,#9308,#9309,#9310,#9311,#9312,#9313,#9314,#9315,
#9316,#9317,#9318,#9319,#9320,#9321,#9322,#9323,#9324,#9325,#9326,#9327,
#9328,#9329,#9330,#9331,#9332,#9333,#9334,#9335,#9336,#9337,#9338,#9339,
#9340,#9341,#9342,#9343,#9344,#9345,#9346,#9347,#9348,#9349,#9350,#9351,
#9352,#9353,#9354,#9355,#9356,#9357,#9358,#9359,#9360,#9361,#9362,#9363,
#9364,#9365,#9366,#9367,#9368,#9369,#9370,#9371,#9372,#9373,#9374,#9375,
#9376,#9377,#9378,#9379,#9380,#9381,#9382,#9383,#9384,#9385,#9386,#9387,
#9388,#9389,#9390,#9391,#9392,#9393,#9394,#9395,#9396,#9397,#9398,#9399,
#9400,#9401,#9402,#9403,#9404,#9405,#9406,#9407,#9408,#9409,#9410,#9411,
#9412,#9413,#9414,#9415,#9416,#9417,#9418,#9419,#9420,#9421,#9422,#9423,
#9424,#9425,#9426,#9427,#9428,#9429,#9430,#9431,#9432,#9433,#9434,#9435,
#9436,#9437,#9438,#9439,#9440,#9441,#9442,#9443,#9444,#9445,#9446,#9447,
#9448,#9449,#9450,#9451,#9452,#9453,#9454,#9455,#9456,#9457,#9458,#9459,
#9460,#9461,#9462,#9463,#9464,#9465,#9466,#9467,#9468,#9469,#9470,#9471,
#9472,#9473,#9474,#9475,#9476,#9477,#9478,#9479,#9480,#9481,#9482,#9483,
#9484,#9485,#9486,#9487,#9488,#9489,#9490,#9491,#9492,#9493,#9494,#9495,
#9496,#9497,#9498,#9499,#9500,#9501,#9502,#9503,#9504,#9505));
#9633=CLOSED_SHELL('',(#9506,#9507,#9508,#9509,#9510,#9511,#9512,#9513,
#9514,#9515,#9516,#9517,#9518,#9519,#9520,#9521,#9522,#9523,#9524,#9525,
#9526,#9527,#9528,#9529,#9530,#9531,#9532,#9533,#9534,#9535,#9536,#9537,
#9538,#9539,#9540,#9541,#9542,#9543,#9544,#9545,#9546,#9547,#9548,#9549,
#9550,#9551,#9552,#9553,#9554,#9555,#9556,#9557,#9558,#9559,#9560,#9561,
#9562,#9563,#9564,#9565,#9566,#9567,#9568,#9569,#9570,#9571,#9572,#9573,
#9574));
#9634=CLOSED_SHELL('',(#9575,#9576,#9577,#9578,#9579,#9580,#9581,#9582,
#9583,#9584));
#9635=CLOSED_SHELL('',(#9585,#9586,#9587,#9588,#9589,#9590,#9591,#9592,
#9593,#9594,#9595,#9596,#9597,#9598,#9599,#9600,#9601,#9602,#9603,#9604,
#9605,#9606,#9607,#9608,#9609,#9610,#9611,#9612,#9613,#9614,#9615,#9616,
#9617,#9618,#9619,#9620,#9621,#9622,#9623,#9624,#9625,#9626,#9627,#9628,
#9629,#9630,#9631));
#9636=AXIS2_PLACEMENT_3D('',#12660,#10253,#10254);
#9637=AXIS2_PLACEMENT_3D('',#12661,#10255,#10256);
#9638=AXIS2_PLACEMENT_3D('',#12670,#10261,#10262);
#9639=AXIS2_PLACEMENT_3D('',#12676,#10266,#10267);
#9640=AXIS2_PLACEMENT_3D('',#12686,#10272,#10273);
#9641=AXIS2_PLACEMENT_3D('',#12690,#10275,#10276);
#9642=AXIS2_PLACEMENT_3D('',#12709,#10286,#10287);
#9643=AXIS2_PLACEMENT_3D('',#12711,#10288,#10289);
#9644=AXIS2_PLACEMENT_3D('',#12721,#10294,#10295);
#9645=AXIS2_PLACEMENT_3D('',#12795,#10332,#10333);
#9646=AXIS2_PLACEMENT_3D('',#12837,#10354,#10355);
#9647=AXIS2_PLACEMENT_3D('',#12871,#10372,#10373);
#9648=AXIS2_PLACEMENT_3D('',#12881,#10378,#10379);
#9649=AXIS2_PLACEMENT_3D('',#12891,#10384,#10385);
#9650=AXIS2_PLACEMENT_3D('',#12917,#10398,#10399);
#9651=AXIS2_PLACEMENT_3D('',#12935,#10408,#10409);
#9652=AXIS2_PLACEMENT_3D('',#13352,#10618,#10619);
#9653=AXIS2_PLACEMENT_3D('',#13356,#10622,#10623);
#9654=AXIS2_PLACEMENT_3D('',#13359,#10624,#10625);
#9655=AXIS2_PLACEMENT_3D('',#13362,#10628,#10629);
#9656=AXIS2_PLACEMENT_3D('',#13366,#10631,#10632);
#9657=AXIS2_PLACEMENT_3D('',#13390,#10645,#10646);
#9658=AXIS2_PLACEMENT_3D('',#13392,#10647,#10648);
#9659=AXIS2_PLACEMENT_3D('',#13402,#10653,#10654);
#9660=AXIS2_PLACEMENT_3D('',#13476,#10691,#10692);
#9661=AXIS2_PLACEMENT_3D('',#13518,#10713,#10714);
#9662=AXIS2_PLACEMENT_3D('',#13552,#10731,#10732);
#9663=AXIS2_PLACEMENT_3D('',#13562,#10737,#10738);
#9664=AXIS2_PLACEMENT_3D('',#13572,#10743,#10744);
#9665=AXIS2_PLACEMENT_3D('',#13598,#10757,#10758);
#9666=AXIS2_PLACEMENT_3D('',#13616,#10767,#10768);
#9667=AXIS2_PLACEMENT_3D('',#14033,#10977,#10978);
#9668=AXIS2_PLACEMENT_3D('',#14035,#10980,#10981);
#9669=AXIS2_PLACEMENT_3D('',#14038,#10984,#10985);
#9670=AXIS2_PLACEMENT_3D('',#14039,#10986,#10987);
#9671=AXIS2_PLACEMENT_3D('',#14041,#10989,#10990);
#9672=AXIS2_PLACEMENT_3D('',#14044,#10993,#10994);
#9673=AXIS2_PLACEMENT_3D('',#14046,#10996,#10997);
#9674=AXIS2_PLACEMENT_3D('',#14048,#10999,#11000);
#9675=AXIS2_PLACEMENT_3D('',#14049,#11001,#11002);
#9676=AXIS2_PLACEMENT_3D('',#14052,#11005,#11006);
#9677=AXIS2_PLACEMENT_3D('',#14054,#11008,#11009);
#9678=AXIS2_PLACEMENT_3D('',#14056,#11011,#11012);
#9679=AXIS2_PLACEMENT_3D('',#14057,#11013,#11014);
#9680=AXIS2_PLACEMENT_3D('',#14059,#11016,#11017);
#9681=AXIS2_PLACEMENT_3D('',#14061,#11019,#11020);
#9682=AXIS2_PLACEMENT_3D('',#14064,#11023,#11024);
#9683=AXIS2_PLACEMENT_3D('',#14066,#11026,#11027);
#9684=AXIS2_PLACEMENT_3D('',#14068,#11029,#11030);
#9685=AXIS2_PLACEMENT_3D('',#14069,#11031,#11032);
#9686=AXIS2_PLACEMENT_3D('',#14071,#11034,#11035);
#9687=AXIS2_PLACEMENT_3D('',#14074,#11038,#11039);
#9688=AXIS2_PLACEMENT_3D('',#14076,#11041,#11042);
#9689=AXIS2_PLACEMENT_3D('',#14078,#11044,#11045);
#9690=AXIS2_PLACEMENT_3D('',#14079,#11046,#11047);
#9691=AXIS2_PLACEMENT_3D('',#14082,#11050,#11051);
#9692=AXIS2_PLACEMENT_3D('',#14084,#11053,#11054);
#9693=AXIS2_PLACEMENT_3D('',#14086,#11056,#11057);
#9694=AXIS2_PLACEMENT_3D('',#14087,#11058,#11059);
#9695=AXIS2_PLACEMENT_3D('',#14090,#11062,#11063);
#9696=AXIS2_PLACEMENT_3D('',#14092,#11065,#11066);
#9697=AXIS2_PLACEMENT_3D('',#14094,#11068,#11069);
#9698=AXIS2_PLACEMENT_3D('',#14095,#11070,#11071);
#9699=AXIS2_PLACEMENT_3D('',#14098,#11074,#11075);
#9700=AXIS2_PLACEMENT_3D('',#14100,#11077,#11078);
#9701=AXIS2_PLACEMENT_3D('',#14102,#11080,#11081);
#9702=AXIS2_PLACEMENT_3D('',#14103,#11082,#11083);
#9703=AXIS2_PLACEMENT_3D('',#14106,#11086,#11087);
#9704=AXIS2_PLACEMENT_3D('',#14108,#11089,#11090);
#9705=AXIS2_PLACEMENT_3D('',#14110,#11092,#11093);
#9706=AXIS2_PLACEMENT_3D('',#14111,#11094,#11095);
#9707=AXIS2_PLACEMENT_3D('',#14114,#11098,#11099);
#9708=AXIS2_PLACEMENT_3D('',#14116,#11101,#11102);
#9709=AXIS2_PLACEMENT_3D('',#14118,#11104,#11105);
#9710=AXIS2_PLACEMENT_3D('',#14119,#11106,#11107);
#9711=AXIS2_PLACEMENT_3D('',#14122,#11110,#11111);
#9712=AXIS2_PLACEMENT_3D('',#14124,#11113,#11114);
#9713=AXIS2_PLACEMENT_3D('',#14126,#11116,#11117);
#9714=AXIS2_PLACEMENT_3D('',#14127,#11118,#11119);
#9715=AXIS2_PLACEMENT_3D('',#14130,#11122,#11123);
#9716=AXIS2_PLACEMENT_3D('',#14132,#11125,#11126);
#9717=AXIS2_PLACEMENT_3D('',#14134,#11128,#11129);
#9718=AXIS2_PLACEMENT_3D('',#14135,#11130,#11131);
#9719=AXIS2_PLACEMENT_3D('',#14138,#11134,#11135);
#9720=AXIS2_PLACEMENT_3D('',#14140,#11137,#11138);
#9721=AXIS2_PLACEMENT_3D('',#14142,#11140,#11141);
#9722=AXIS2_PLACEMENT_3D('',#14143,#11142,#11143);
#9723=AXIS2_PLACEMENT_3D('',#14145,#11145,#11146);
#9724=AXIS2_PLACEMENT_3D('',#14148,#11149,#11150);
#9725=AXIS2_PLACEMENT_3D('',#14150,#11152,#11153);
#9726=AXIS2_PLACEMENT_3D('',#14152,#11155,#11156);
#9727=AXIS2_PLACEMENT_3D('',#14153,#11157,#11158);
#9728=AXIS2_PLACEMENT_3D('',#14156,#11161,#11162);
#9729=AXIS2_PLACEMENT_3D('',#14158,#11164,#11165);
#9730=AXIS2_PLACEMENT_3D('',#14160,#11167,#11168);
#9731=AXIS2_PLACEMENT_3D('',#14161,#11169,#11170);
#9732=AXIS2_PLACEMENT_3D('',#14164,#11173,#11174);
#9733=AXIS2_PLACEMENT_3D('',#14166,#11176,#11177);
#9734=AXIS2_PLACEMENT_3D('',#14168,#11179,#11180);
#9735=AXIS2_PLACEMENT_3D('',#14169,#11181,#11182);
#9736=AXIS2_PLACEMENT_3D('',#14172,#11185,#11186);
#9737=AXIS2_PLACEMENT_3D('',#14174,#11188,#11189);
#9738=AXIS2_PLACEMENT_3D('',#14176,#11191,#11192);
#9739=AXIS2_PLACEMENT_3D('',#14177,#11193,#11194);
#9740=AXIS2_PLACEMENT_3D('',#14180,#11197,#11198);
#9741=AXIS2_PLACEMENT_3D('',#14182,#11200,#11201);
#9742=AXIS2_PLACEMENT_3D('',#14184,#11203,#11204);
#9743=AXIS2_PLACEMENT_3D('',#14185,#11205,#11206);
#9744=AXIS2_PLACEMENT_3D('',#14187,#11208,#11209);
#9745=AXIS2_PLACEMENT_3D('',#14190,#11212,#11213);
#9746=AXIS2_PLACEMENT_3D('',#14192,#11215,#11216);
#9747=AXIS2_PLACEMENT_3D('',#14194,#11218,#11219);
#9748=AXIS2_PLACEMENT_3D('',#14195,#11220,#11221);
#9749=AXIS2_PLACEMENT_3D('',#14198,#11224,#11225);
#9750=AXIS2_PLACEMENT_3D('',#14200,#11227,#11228);
#9751=AXIS2_PLACEMENT_3D('',#14202,#11230,#11231);
#9752=AXIS2_PLACEMENT_3D('',#14203,#11232,#11233);
#9753=AXIS2_PLACEMENT_3D('',#14206,#11236,#11237);
#9754=AXIS2_PLACEMENT_3D('',#14208,#11239,#11240);
#9755=AXIS2_PLACEMENT_3D('',#14210,#11242,#11243);
#9756=AXIS2_PLACEMENT_3D('',#14211,#11244,#11245);
#9757=AXIS2_PLACEMENT_3D('',#14214,#11248,#11249);
#9758=AXIS2_PLACEMENT_3D('',#14216,#11251,#11252);
#9759=AXIS2_PLACEMENT_3D('',#14218,#11254,#11255);
#9760=AXIS2_PLACEMENT_3D('',#14219,#11256,#11257);
#9761=AXIS2_PLACEMENT_3D('',#14221,#11259,#11260);
#9762=AXIS2_PLACEMENT_3D('',#14224,#11263,#11264);
#9763=AXIS2_PLACEMENT_3D('',#14226,#11266,#11267);
#9764=AXIS2_PLACEMENT_3D('',#14228,#11269,#11270);
#9765=AXIS2_PLACEMENT_3D('',#14229,#11271,#11272);
#9766=AXIS2_PLACEMENT_3D('',#14231,#11274,#11275);
#9767=AXIS2_PLACEMENT_3D('',#14234,#11278,#11279);
#9768=AXIS2_PLACEMENT_3D('',#14236,#11281,#11282);
#9769=AXIS2_PLACEMENT_3D('',#14238,#11284,#11285);
#9770=AXIS2_PLACEMENT_3D('',#14239,#11286,#11287);
#9771=AXIS2_PLACEMENT_3D('',#14241,#11289,#11290);
#9772=AXIS2_PLACEMENT_3D('',#14244,#11293,#11294);
#9773=AXIS2_PLACEMENT_3D('',#14246,#11296,#11297);
#9774=AXIS2_PLACEMENT_3D('',#14248,#11299,#11300);
#9775=AXIS2_PLACEMENT_3D('',#14249,#11301,#11302);
#9776=AXIS2_PLACEMENT_3D('',#14252,#11305,#11306);
#9777=AXIS2_PLACEMENT_3D('',#14254,#11308,#11309);
#9778=AXIS2_PLACEMENT_3D('',#14256,#11311,#11312);
#9779=AXIS2_PLACEMENT_3D('',#14257,#11313,#11314);
#9780=AXIS2_PLACEMENT_3D('',#14260,#11317,#11318);
#9781=AXIS2_PLACEMENT_3D('',#14262,#11320,#11321);
#9782=AXIS2_PLACEMENT_3D('',#14264,#11323,#11324);
#9783=AXIS2_PLACEMENT_3D('',#14265,#11325,#11326);
#9784=AXIS2_PLACEMENT_3D('',#14267,#11328,#11329);
#9785=AXIS2_PLACEMENT_3D('',#14270,#11332,#11333);
#9786=AXIS2_PLACEMENT_3D('',#14272,#11335,#11336);
#9787=AXIS2_PLACEMENT_3D('',#14274,#11338,#11339);
#9788=AXIS2_PLACEMENT_3D('',#14275,#11340,#11341);
#9789=AXIS2_PLACEMENT_3D('',#14278,#11344,#11345);
#9790=AXIS2_PLACEMENT_3D('',#14280,#11347,#11348);
#9791=AXIS2_PLACEMENT_3D('',#14282,#11350,#11351);
#9792=AXIS2_PLACEMENT_3D('',#14283,#11352,#11353);
#9793=AXIS2_PLACEMENT_3D('',#14285,#11355,#11356);
#9794=AXIS2_PLACEMENT_3D('',#14288,#11359,#11360);
#9795=AXIS2_PLACEMENT_3D('',#14290,#11362,#11363);
#9796=AXIS2_PLACEMENT_3D('',#14292,#11365,#11366);
#9797=AXIS2_PLACEMENT_3D('',#14293,#11367,#11368);
#9798=AXIS2_PLACEMENT_3D('',#14296,#11371,#11372);
#9799=AXIS2_PLACEMENT_3D('',#14298,#11374,#11375);
#9800=AXIS2_PLACEMENT_3D('',#14300,#11377,#11378);
#9801=AXIS2_PLACEMENT_3D('',#14301,#11379,#11380);
#9802=AXIS2_PLACEMENT_3D('',#14304,#11383,#11384);
#9803=AXIS2_PLACEMENT_3D('',#14306,#11386,#11387);
#9804=AXIS2_PLACEMENT_3D('',#14308,#11389,#11390);
#9805=AXIS2_PLACEMENT_3D('',#14309,#11391,#11392);
#9806=AXIS2_PLACEMENT_3D('',#14312,#11395,#11396);
#9807=AXIS2_PLACEMENT_3D('',#14314,#11398,#11399);
#9808=AXIS2_PLACEMENT_3D('',#14316,#11401,#11402);
#9809=AXIS2_PLACEMENT_3D('',#14317,#11403,#11404);
#9810=AXIS2_PLACEMENT_3D('',#14320,#11407,#11408);
#9811=AXIS2_PLACEMENT_3D('',#14322,#11410,#11411);
#9812=AXIS2_PLACEMENT_3D('',#14324,#11413,#11414);
#9813=AXIS2_PLACEMENT_3D('',#14325,#11415,#11416);
#9814=AXIS2_PLACEMENT_3D('',#14328,#11419,#11420);
#9815=AXIS2_PLACEMENT_3D('',#14330,#11422,#11423);
#9816=AXIS2_PLACEMENT_3D('',#14332,#11425,#11426);
#9817=AXIS2_PLACEMENT_3D('',#14333,#11427,#11428);
#9818=AXIS2_PLACEMENT_3D('',#14336,#11431,#11432);
#9819=AXIS2_PLACEMENT_3D('',#14338,#11434,#11435);
#9820=AXIS2_PLACEMENT_3D('',#14340,#11437,#11438);
#9821=AXIS2_PLACEMENT_3D('',#14341,#11439,#11440);
#9822=AXIS2_PLACEMENT_3D('',#14344,#11443,#11444);
#9823=AXIS2_PLACEMENT_3D('',#14346,#11446,#11447);
#9824=AXIS2_PLACEMENT_3D('',#14348,#11449,#11450);
#9825=AXIS2_PLACEMENT_3D('',#14349,#11451,#11452);
#9826=AXIS2_PLACEMENT_3D('',#14352,#11455,#11456);
#9827=AXIS2_PLACEMENT_3D('',#14354,#11458,#11459);
#9828=AXIS2_PLACEMENT_3D('',#14356,#11461,#11462);
#9829=AXIS2_PLACEMENT_3D('',#14357,#11463,#11464);
#9830=AXIS2_PLACEMENT_3D('',#14360,#11467,#11468);
#9831=AXIS2_PLACEMENT_3D('',#14362,#11470,#11471);
#9832=AXIS2_PLACEMENT_3D('',#14364,#11473,#11474);
#9833=AXIS2_PLACEMENT_3D('',#14365,#11475,#11476);
#9834=AXIS2_PLACEMENT_3D('',#14368,#11479,#11480);
#9835=AXIS2_PLACEMENT_3D('',#14370,#11482,#11483);
#9836=AXIS2_PLACEMENT_3D('',#14372,#11485,#11486);
#9837=AXIS2_PLACEMENT_3D('',#14373,#11487,#11488);
#9838=AXIS2_PLACEMENT_3D('',#14376,#11491,#11492);
#9839=AXIS2_PLACEMENT_3D('',#14378,#11494,#11495);
#9840=AXIS2_PLACEMENT_3D('',#14380,#11497,#11498);
#9841=AXIS2_PLACEMENT_3D('',#14381,#11499,#11500);
#9842=AXIS2_PLACEMENT_3D('',#14384,#11503,#11504);
#9843=AXIS2_PLACEMENT_3D('',#14386,#11506,#11507);
#9844=AXIS2_PLACEMENT_3D('',#14388,#11509,#11510);
#9845=AXIS2_PLACEMENT_3D('',#14389,#11511,#11512);
#9846=AXIS2_PLACEMENT_3D('',#14392,#11515,#11516);
#9847=AXIS2_PLACEMENT_3D('',#14394,#11518,#11519);
#9848=AXIS2_PLACEMENT_3D('',#14396,#11521,#11522);
#9849=AXIS2_PLACEMENT_3D('',#14397,#11523,#11524);
#9850=AXIS2_PLACEMENT_3D('',#14400,#11527,#11528);
#9851=AXIS2_PLACEMENT_3D('',#14402,#11530,#11531);
#9852=AXIS2_PLACEMENT_3D('',#14404,#11533,#11534);
#9853=AXIS2_PLACEMENT_3D('',#14405,#11535,#11536);
#9854=AXIS2_PLACEMENT_3D('',#14408,#11539,#11540);
#9855=AXIS2_PLACEMENT_3D('',#14410,#11542,#11543);
#9856=AXIS2_PLACEMENT_3D('',#14412,#11545,#11546);
#9857=AXIS2_PLACEMENT_3D('',#14413,#11547,#11548);
#9858=AXIS2_PLACEMENT_3D('',#14416,#11551,#11552);
#9859=AXIS2_PLACEMENT_3D('',#14418,#11554,#11555);
#9860=AXIS2_PLACEMENT_3D('',#14420,#11557,#11558);
#9861=AXIS2_PLACEMENT_3D('',#14421,#11559,#11560);
#9862=AXIS2_PLACEMENT_3D('',#14424,#11563,#11564);
#9863=AXIS2_PLACEMENT_3D('',#14426,#11566,#11567);
#9864=AXIS2_PLACEMENT_3D('',#14428,#11569,#11570);
#9865=AXIS2_PLACEMENT_3D('',#14429,#11571,#11572);
#9866=AXIS2_PLACEMENT_3D('',#14432,#11575,#11576);
#9867=AXIS2_PLACEMENT_3D('',#14434,#11578,#11579);
#9868=AXIS2_PLACEMENT_3D('',#14436,#11581,#11582);
#9869=AXIS2_PLACEMENT_3D('',#14437,#11583,#11584);
#9870=AXIS2_PLACEMENT_3D('',#14440,#11587,#11588);
#9871=AXIS2_PLACEMENT_3D('',#14442,#11590,#11591);
#9872=AXIS2_PLACEMENT_3D('',#14444,#11593,#11594);
#9873=AXIS2_PLACEMENT_3D('',#14445,#11595,#11596);
#9874=AXIS2_PLACEMENT_3D('',#14448,#11599,#11600);
#9875=AXIS2_PLACEMENT_3D('',#14450,#11602,#11603);
#9876=AXIS2_PLACEMENT_3D('',#14452,#11605,#11606);
#9877=AXIS2_PLACEMENT_3D('',#14453,#11607,#11608);
#9878=AXIS2_PLACEMENT_3D('',#14456,#11611,#11612);
#9879=AXIS2_PLACEMENT_3D('',#14458,#11614,#11615);
#9880=AXIS2_PLACEMENT_3D('',#14460,#11617,#11618);
#9881=AXIS2_PLACEMENT_3D('',#14461,#11619,#11620);
#9882=AXIS2_PLACEMENT_3D('',#14464,#11623,#11624);
#9883=AXIS2_PLACEMENT_3D('',#14466,#11626,#11627);
#9884=AXIS2_PLACEMENT_3D('',#14468,#11629,#11630);
#9885=AXIS2_PLACEMENT_3D('',#14469,#11631,#11632);
#9886=AXIS2_PLACEMENT_3D('',#14472,#11635,#11636);
#9887=AXIS2_PLACEMENT_3D('',#14474,#11638,#11639);
#9888=AXIS2_PLACEMENT_3D('',#14476,#11641,#11642);
#9889=AXIS2_PLACEMENT_3D('',#14477,#11643,#11644);
#9890=AXIS2_PLACEMENT_3D('',#14480,#11647,#11648);
#9891=AXIS2_PLACEMENT_3D('',#14482,#11650,#11651);
#9892=AXIS2_PLACEMENT_3D('',#14484,#11653,#11654);
#9893=AXIS2_PLACEMENT_3D('',#14485,#11655,#11656);
#9894=AXIS2_PLACEMENT_3D('',#14488,#11659,#11660);
#9895=AXIS2_PLACEMENT_3D('',#14490,#11662,#11663);
#9896=AXIS2_PLACEMENT_3D('',#14492,#11665,#11666);
#9897=AXIS2_PLACEMENT_3D('',#14493,#11667,#11668);
#9898=AXIS2_PLACEMENT_3D('',#14496,#11671,#11672);
#9899=AXIS2_PLACEMENT_3D('',#14498,#11674,#11675);
#9900=AXIS2_PLACEMENT_3D('',#14500,#11677,#11678);
#9901=AXIS2_PLACEMENT_3D('',#14501,#11679,#11680);
#9902=AXIS2_PLACEMENT_3D('',#14504,#11683,#11684);
#9903=AXIS2_PLACEMENT_3D('',#14506,#11686,#11687);
#9904=AXIS2_PLACEMENT_3D('',#14508,#11689,#11690);
#9905=AXIS2_PLACEMENT_3D('',#14509,#11691,#11692);
#9906=AXIS2_PLACEMENT_3D('',#14512,#11695,#11696);
#9907=AXIS2_PLACEMENT_3D('',#14514,#11698,#11699);
#9908=AXIS2_PLACEMENT_3D('',#14516,#11701,#11702);
#9909=AXIS2_PLACEMENT_3D('',#14517,#11703,#11704);
#9910=AXIS2_PLACEMENT_3D('',#14520,#11707,#11708);
#9911=AXIS2_PLACEMENT_3D('',#14522,#11710,#11711);
#9912=AXIS2_PLACEMENT_3D('',#14524,#11713,#11714);
#9913=AXIS2_PLACEMENT_3D('',#14525,#11715,#11716);
#9914=AXIS2_PLACEMENT_3D('',#14528,#11719,#11720);
#9915=AXIS2_PLACEMENT_3D('',#14530,#11722,#11723);
#9916=AXIS2_PLACEMENT_3D('',#14532,#11725,#11726);
#9917=AXIS2_PLACEMENT_3D('',#14533,#11727,#11728);
#9918=AXIS2_PLACEMENT_3D('',#14536,#11731,#11732);
#9919=AXIS2_PLACEMENT_3D('',#14538,#11734,#11735);
#9920=AXIS2_PLACEMENT_3D('',#14540,#11737,#11738);
#9921=AXIS2_PLACEMENT_3D('',#14541,#11739,#11740);
#9922=AXIS2_PLACEMENT_3D('',#14544,#11743,#11744);
#9923=AXIS2_PLACEMENT_3D('',#14546,#11746,#11747);
#9924=AXIS2_PLACEMENT_3D('',#14548,#11749,#11750);
#9925=AXIS2_PLACEMENT_3D('',#14549,#11751,#11752);
#9926=AXIS2_PLACEMENT_3D('',#14552,#11755,#11756);
#9927=AXIS2_PLACEMENT_3D('',#14554,#11758,#11759);
#9928=AXIS2_PLACEMENT_3D('',#14556,#11761,#11762);
#9929=AXIS2_PLACEMENT_3D('',#14557,#11763,#11764);
#9930=AXIS2_PLACEMENT_3D('',#14560,#11767,#11768);
#9931=AXIS2_PLACEMENT_3D('',#14562,#11770,#11771);
#9932=AXIS2_PLACEMENT_3D('',#14564,#11773,#11774);
#9933=AXIS2_PLACEMENT_3D('',#14565,#11775,#11776);
#9934=AXIS2_PLACEMENT_3D('',#14568,#11779,#11780);
#9935=AXIS2_PLACEMENT_3D('',#14570,#11782,#11783);
#9936=AXIS2_PLACEMENT_3D('',#14572,#11785,#11786);
#9937=AXIS2_PLACEMENT_3D('',#14573,#11787,#11788);
#9938=AXIS2_PLACEMENT_3D('',#14576,#11791,#11792);
#9939=AXIS2_PLACEMENT_3D('',#14578,#11794,#11795);
#9940=AXIS2_PLACEMENT_3D('',#14580,#11797,#11798);
#9941=AXIS2_PLACEMENT_3D('',#14581,#11799,#11800);
#9942=AXIS2_PLACEMENT_3D('',#14584,#11803,#11804);
#9943=AXIS2_PLACEMENT_3D('',#14586,#11806,#11807);
#9944=AXIS2_PLACEMENT_3D('',#14588,#11809,#11810);
#9945=AXIS2_PLACEMENT_3D('',#14589,#11811,#11812);
#9946=AXIS2_PLACEMENT_3D('',#14592,#11815,#11816);
#9947=AXIS2_PLACEMENT_3D('',#14594,#11818,#11819);
#9948=AXIS2_PLACEMENT_3D('',#14596,#11821,#11822);
#9949=AXIS2_PLACEMENT_3D('',#14597,#11823,#11824);
#9950=AXIS2_PLACEMENT_3D('',#14600,#11827,#11828);
#9951=AXIS2_PLACEMENT_3D('',#14602,#11830,#11831);
#9952=AXIS2_PLACEMENT_3D('',#14604,#11833,#11834);
#9953=AXIS2_PLACEMENT_3D('',#14605,#11835,#11836);
#9954=AXIS2_PLACEMENT_3D('',#14608,#11839,#11840);
#9955=AXIS2_PLACEMENT_3D('',#14610,#11842,#11843);
#9956=AXIS2_PLACEMENT_3D('',#14612,#11845,#11846);
#9957=AXIS2_PLACEMENT_3D('',#14613,#11847,#11848);
#9958=AXIS2_PLACEMENT_3D('',#14616,#11851,#11852);
#9959=AXIS2_PLACEMENT_3D('',#14618,#11854,#11855);
#9960=AXIS2_PLACEMENT_3D('',#14620,#11857,#11858);
#9961=AXIS2_PLACEMENT_3D('',#14621,#11859,#11860);
#9962=AXIS2_PLACEMENT_3D('',#14624,#11863,#11864);
#9963=AXIS2_PLACEMENT_3D('',#14626,#11866,#11867);
#9964=AXIS2_PLACEMENT_3D('',#14628,#11869,#11870);
#9965=AXIS2_PLACEMENT_3D('',#14629,#11871,#11872);
#9966=AXIS2_PLACEMENT_3D('',#14632,#11875,#11876);
#9967=AXIS2_PLACEMENT_3D('',#14634,#11878,#11879);
#9968=AXIS2_PLACEMENT_3D('',#14636,#11881,#11882);
#9969=AXIS2_PLACEMENT_3D('',#14637,#11883,#11884);
#9970=AXIS2_PLACEMENT_3D('',#14640,#11887,#11888);
#9971=AXIS2_PLACEMENT_3D('',#14642,#11890,#11891);
#9972=AXIS2_PLACEMENT_3D('',#14644,#11893,#11894);
#9973=AXIS2_PLACEMENT_3D('',#14645,#11895,#11896);
#9974=AXIS2_PLACEMENT_3D('',#14648,#11899,#11900);
#9975=AXIS2_PLACEMENT_3D('',#14650,#11902,#11903);
#9976=AXIS2_PLACEMENT_3D('',#14652,#11905,#11906);
#9977=AXIS2_PLACEMENT_3D('',#14653,#11907,#11908);
#9978=AXIS2_PLACEMENT_3D('',#14656,#11911,#11912);
#9979=AXIS2_PLACEMENT_3D('',#14658,#11914,#11915);
#9980=AXIS2_PLACEMENT_3D('',#14660,#11917,#11918);
#9981=AXIS2_PLACEMENT_3D('',#14661,#11919,#11920);
#9982=AXIS2_PLACEMENT_3D('',#14664,#11923,#11924);
#9983=AXIS2_PLACEMENT_3D('',#14666,#11926,#11927);
#9984=AXIS2_PLACEMENT_3D('',#14668,#11929,#11930);
#9985=AXIS2_PLACEMENT_3D('',#14669,#11931,#11932);
#9986=AXIS2_PLACEMENT_3D('',#14672,#11935,#11936);
#9987=AXIS2_PLACEMENT_3D('',#14674,#11938,#11939);
#9988=AXIS2_PLACEMENT_3D('',#14676,#11941,#11942);
#9989=AXIS2_PLACEMENT_3D('',#14677,#11943,#11944);
#9990=AXIS2_PLACEMENT_3D('',#14680,#11947,#11948);
#9991=AXIS2_PLACEMENT_3D('',#14682,#11950,#11951);
#9992=AXIS2_PLACEMENT_3D('',#14684,#11953,#11954);
#9993=AXIS2_PLACEMENT_3D('',#14685,#11955,#11956);
#9994=AXIS2_PLACEMENT_3D('',#14688,#11959,#11960);
#9995=AXIS2_PLACEMENT_3D('',#14690,#11962,#11963);
#9996=AXIS2_PLACEMENT_3D('',#14692,#11965,#11966);
#9997=AXIS2_PLACEMENT_3D('',#14693,#11967,#11968);
#9998=AXIS2_PLACEMENT_3D('',#14696,#11971,#11972);
#9999=AXIS2_PLACEMENT_3D('',#14698,#11974,#11975);
#10000=AXIS2_PLACEMENT_3D('',#14700,#11977,#11978);
#10001=AXIS2_PLACEMENT_3D('',#14701,#11979,#11980);
#10002=AXIS2_PLACEMENT_3D('',#14702,#11981,#11982);
#10003=AXIS2_PLACEMENT_3D('',#14703,#11983,#11984);
#10004=AXIS2_PLACEMENT_3D('',#14708,#11986,#11987);
#10005=AXIS2_PLACEMENT_3D('',#14711,#11989,#11990);
#10006=AXIS2_PLACEMENT_3D('',#14712,#11991,#11992);
#10007=AXIS2_PLACEMENT_3D('',#14718,#11996,#11997);
#10008=AXIS2_PLACEMENT_3D('',#14722,#11999,#12000);
#10009=AXIS2_PLACEMENT_3D('',#14723,#12001,#12002);
#10010=AXIS2_PLACEMENT_3D('',#14724,#12003,#12004);
#10011=AXIS2_PLACEMENT_3D('',#14730,#12008,#12009);
#10012=AXIS2_PLACEMENT_3D('',#14734,#12011,#12012);
#10013=AXIS2_PLACEMENT_3D('',#14735,#12013,#12014);
#10014=AXIS2_PLACEMENT_3D('',#14736,#12015,#12016);
#10015=AXIS2_PLACEMENT_3D('',#14742,#12020,#12021);
#10016=AXIS2_PLACEMENT_3D('',#14746,#12023,#12024);
#10017=AXIS2_PLACEMENT_3D('',#14747,#12025,#12026);
#10018=AXIS2_PLACEMENT_3D('',#14748,#12027,#12028);
#10019=AXIS2_PLACEMENT_3D('',#14754,#12032,#12033);
#10020=AXIS2_PLACEMENT_3D('',#14758,#12035,#12036);
#10021=AXIS2_PLACEMENT_3D('',#14759,#12037,#12038);
#10022=AXIS2_PLACEMENT_3D('',#14760,#12039,#12040);
#10023=AXIS2_PLACEMENT_3D('',#14766,#12044,#12045);
#10024=AXIS2_PLACEMENT_3D('',#14770,#12047,#12048);
#10025=AXIS2_PLACEMENT_3D('',#14771,#12049,#12050);
#10026=AXIS2_PLACEMENT_3D('',#14772,#12051,#12052);
#10027=AXIS2_PLACEMENT_3D('',#14775,#12055,#12056);
#10028=AXIS2_PLACEMENT_3D('',#14781,#12060,#12061);
#10029=AXIS2_PLACEMENT_3D('',#14784,#12063,#12064);
#10030=AXIS2_PLACEMENT_3D('',#14785,#12065,#12066);
#10031=AXIS2_PLACEMENT_3D('',#14789,#12069,#12070);
#10032=AXIS2_PLACEMENT_3D('',#14792,#12072,#12073);
#10033=AXIS2_PLACEMENT_3D('',#14793,#12074,#12075);
#10034=AXIS2_PLACEMENT_3D('',#14797,#12078,#12079);
#10035=AXIS2_PLACEMENT_3D('',#14800,#12081,#12082);
#10036=AXIS2_PLACEMENT_3D('',#14801,#12083,#12084);
#10037=AXIS2_PLACEMENT_3D('',#14803,#12085,#12086);
#10038=AXIS2_PLACEMENT_3D('',#14805,#12087,#12088);
#10039=AXIS2_PLACEMENT_3D('',#14807,#12089,#12090);
#10040=AXIS2_PLACEMENT_3D('',#14809,#12091,#12092);
#10041=AXIS2_PLACEMENT_3D('',#14811,#12093,#12094);
#10042=AXIS2_PLACEMENT_3D('',#14813,#12095,#12096);
#10043=AXIS2_PLACEMENT_3D('',#14815,#12097,#12098);
#10044=AXIS2_PLACEMENT_3D('',#14817,#12099,#12100);
#10045=AXIS2_PLACEMENT_3D('',#14819,#12101,#12102);
#10046=AXIS2_PLACEMENT_3D('',#14821,#12103,#12104);
#10047=AXIS2_PLACEMENT_3D('',#14822,#12105,#12106);
#10048=AXIS2_PLACEMENT_3D('',#14825,#12108,#12109);
#10049=AXIS2_PLACEMENT_3D('',#14826,#12110,#12111);
#10050=AXIS2_PLACEMENT_3D('',#14829,#12113,#12114);
#10051=AXIS2_PLACEMENT_3D('',#14830,#12115,#12116);
#10052=AXIS2_PLACEMENT_3D('',#14833,#12118,#12119);
#10053=AXIS2_PLACEMENT_3D('',#14834,#12120,#12121);
#10054=AXIS2_PLACEMENT_3D('',#14837,#12123,#12124);
#10055=AXIS2_PLACEMENT_3D('',#14838,#12125,#12126);
#10056=AXIS2_PLACEMENT_3D('',#14841,#12128,#12129);
#10057=AXIS2_PLACEMENT_3D('',#14842,#12130,#12131);
#10058=AXIS2_PLACEMENT_3D('',#14845,#12133,#12134);
#10059=AXIS2_PLACEMENT_3D('',#14846,#12135,#12136);
#10060=AXIS2_PLACEMENT_3D('',#14849,#12138,#12139);
#10061=AXIS2_PLACEMENT_3D('',#14850,#12140,#12141);
#10062=AXIS2_PLACEMENT_3D('',#14853,#12143,#12144);
#10063=AXIS2_PLACEMENT_3D('',#14854,#12145,#12146);
#10064=AXIS2_PLACEMENT_3D('',#14857,#12148,#12149);
#10065=AXIS2_PLACEMENT_3D('',#14858,#12150,#12151);
#10066=AXIS2_PLACEMENT_3D('',#14861,#12153,#12154);
#10067=AXIS2_PLACEMENT_3D('',#14862,#12155,#12156);
#10068=AXIS2_PLACEMENT_3D('',#14871,#12161,#12162);
#10069=AXIS2_PLACEMENT_3D('',#14877,#12166,#12167);
#10070=AXIS2_PLACEMENT_3D('',#14883,#12171,#12172);
#10071=AXIS2_PLACEMENT_3D('',#14889,#12176,#12177);
#10072=AXIS2_PLACEMENT_3D('',#14895,#12181,#12182);
#10073=AXIS2_PLACEMENT_3D('',#14898,#12185,#12186);
#10074=AXIS2_PLACEMENT_3D('',#14904,#12190,#12191);
#10075=AXIS2_PLACEMENT_3D('',#14908,#12194,#12195);
#10076=AXIS2_PLACEMENT_3D('',#14916,#12199,#12200);
#10077=AXIS2_PLACEMENT_3D('',#14920,#12202,#12203);
#10078=AXIS2_PLACEMENT_3D('',#14924,#12205,#12206);
#10079=AXIS2_PLACEMENT_3D('',#14927,#12208,#12209);
#10080=AXIS2_PLACEMENT_3D('',#14928,#12210,#12211);
#10081=AXIS2_PLACEMENT_3D('',#14931,#12212,#12213);
#10082=AXIS2_PLACEMENT_3D('',#14935,#12215,#12216);
#10083=AXIS2_PLACEMENT_3D('',#14939,#12218,#12219);
#10084=AXIS2_PLACEMENT_3D('',#14943,#12221,#12222);
#10085=AXIS2_PLACEMENT_3D('',#14947,#12224,#12225);
#10086=AXIS2_PLACEMENT_3D('',#14951,#12227,#12228);
#10087=AXIS2_PLACEMENT_3D('',#14953,#12230,#12231);
#10088=AXIS2_PLACEMENT_3D('',#14956,#12234,#12235);
#10089=AXIS2_PLACEMENT_3D('',#14958,#12237,#12238);
#10090=AXIS2_PLACEMENT_3D('',#14960,#12240,#12241);
#10091=AXIS2_PLACEMENT_3D('',#14962,#12243,#12244);
#10092=AXIS2_PLACEMENT_3D('',#14964,#12246,#12247);
#10093=AXIS2_PLACEMENT_3D('',#14966,#12249,#12250);
#10094=AXIS2_PLACEMENT_3D('',#14969,#12252,#12253);
#10095=AXIS2_PLACEMENT_3D('',#14970,#12254,#12255);
#10096=AXIS2_PLACEMENT_3D('',#14974,#12258,#12259);
#10097=AXIS2_PLACEMENT_3D('',#14977,#12261,#12262);
#10098=AXIS2_PLACEMENT_3D('',#14978,#12263,#12264);
#10099=AXIS2_PLACEMENT_3D('',#14982,#12267,#12268);
#10100=AXIS2_PLACEMENT_3D('',#14985,#12270,#12271);
#10101=AXIS2_PLACEMENT_3D('',#14986,#12272,#12273);
#10102=AXIS2_PLACEMENT_3D('',#14988,#12275,#12276);
#10103=AXIS2_PLACEMENT_3D('',#14991,#12279,#12280);
#10104=AXIS2_PLACEMENT_3D('',#14993,#12282,#12283);
#10105=AXIS2_PLACEMENT_3D('',#14999,#12286,#12287);
#10106=AXIS2_PLACEMENT_3D('',#15003,#12289,#12290);
#10107=AXIS2_PLACEMENT_3D('',#15007,#12292,#12293);
#10108=AXIS2_PLACEMENT_3D('',#15010,#12295,#12296);
#10109=AXIS2_PLACEMENT_3D('',#15011,#12297,#12298);
#10110=AXIS2_PLACEMENT_3D('',#15013,#12300,#12301);
#10111=AXIS2_PLACEMENT_3D('',#15014,#12302,#12303);
#10112=AXIS2_PLACEMENT_3D('',#15017,#12306,#12307);
#10113=AXIS2_PLACEMENT_3D('',#15019,#12309,#12310);
#10114=AXIS2_PLACEMENT_3D('',#15021,#12312,#12313);
#10115=AXIS2_PLACEMENT_3D('',#15023,#12315,#12316);
#10116=AXIS2_PLACEMENT_3D('',#15025,#12318,#12319);
#10117=AXIS2_PLACEMENT_3D('',#15027,#12321,#12322);
#10118=AXIS2_PLACEMENT_3D('',#15029,#12324,#12325);
#10119=AXIS2_PLACEMENT_3D('',#15030,#12326,#12327);
#10120=AXIS2_PLACEMENT_3D('',#15031,#12328,#12329);
#10121=AXIS2_PLACEMENT_3D('',#15037,#12333,#12334);
#10122=AXIS2_PLACEMENT_3D('',#15039,#12336,#12337);
#10123=AXIS2_PLACEMENT_3D('',#15041,#12339,#12340);
#10124=AXIS2_PLACEMENT_3D('',#15042,#12341,#12342);
#10125=AXIS2_PLACEMENT_3D('',#15045,#12343,#12344);
#10126=AXIS2_PLACEMENT_3D('',#15049,#12346,#12347);
#10127=AXIS2_PLACEMENT_3D('',#15051,#12349,#12350);
#10128=AXIS2_PLACEMENT_3D('',#15057,#12354,#12355);
#10129=AXIS2_PLACEMENT_3D('',#15064,#12359,#12360);
#10130=AXIS2_PLACEMENT_3D('',#15066,#12361,#12362);
#10131=AXIS2_PLACEMENT_3D('',#15068,#12363,#12364);
#10132=AXIS2_PLACEMENT_3D('',#15069,#12365,#12366);
#10133=AXIS2_PLACEMENT_3D('',#15071,#12367,#12368);
#10134=AXIS2_PLACEMENT_3D('',#15073,#12370,#12371);
#10135=AXIS2_PLACEMENT_3D('',#15075,#12372,#12373);
#10136=AXIS2_PLACEMENT_3D('',#15077,#12375,#12376);
#10137=AXIS2_PLACEMENT_3D('',#15079,#12377,#12378);
#10138=AXIS2_PLACEMENT_3D('',#15081,#12380,#12381);
#10139=AXIS2_PLACEMENT_3D('',#15087,#12385,#12386);
#10140=AXIS2_PLACEMENT_3D('',#15089,#12388,#12389);
#10141=AXIS2_PLACEMENT_3D('',#15091,#12391,#12392);
#10142=AXIS2_PLACEMENT_3D('',#15092,#12393,#12394);
#10143=AXIS2_PLACEMENT_3D('',#15097,#12396,#12397);
#10144=AXIS2_PLACEMENT_3D('',#15100,#12399,#12400);
#10145=AXIS2_PLACEMENT_3D('',#15101,#12401,#12402);
#10146=AXIS2_PLACEMENT_3D('',#15103,#12403,#12404);
#10147=AXIS2_PLACEMENT_3D('',#15106,#12406,#12407);
#10148=AXIS2_PLACEMENT_3D('',#15107,#12408,#12409);
#10149=AXIS2_PLACEMENT_3D('',#15111,#12411,#12412);
#10150=AXIS2_PLACEMENT_3D('',#15112,#12413,#12414);
#10151=AXIS2_PLACEMENT_3D('',#15113,#12415,#12416);
#10152=AXIS2_PLACEMENT_3D('',#15115,#12417,#12418);
#10153=AXIS2_PLACEMENT_3D('',#15118,#12420,#12421);
#10154=AXIS2_PLACEMENT_3D('',#15119,#12422,#12423);
#10155=AXIS2_PLACEMENT_3D('',#15123,#12425,#12426);
#10156=AXIS2_PLACEMENT_3D('',#15124,#12427,#12428);
#10157=AXIS2_PLACEMENT_3D('',#15125,#12429,#12430);
#10158=AXIS2_PLACEMENT_3D('',#15127,#12431,#12432);
#10159=AXIS2_PLACEMENT_3D('',#15130,#12434,#12435);
#10160=AXIS2_PLACEMENT_3D('',#15131,#12436,#12437);
#10161=AXIS2_PLACEMENT_3D('',#15135,#12439,#12440);
#10162=AXIS2_PLACEMENT_3D('',#15136,#12441,#12442);
#10163=AXIS2_PLACEMENT_3D('',#15137,#12443,#12444);
#10164=AXIS2_PLACEMENT_3D('',#15139,#12445,#12446);
#10165=AXIS2_PLACEMENT_3D('',#15142,#12448,#12449);
#10166=AXIS2_PLACEMENT_3D('',#15143,#12450,#12451);
#10167=AXIS2_PLACEMENT_3D('',#15147,#12453,#12454);
#10168=AXIS2_PLACEMENT_3D('',#15148,#12455,#12456);
#10169=AXIS2_PLACEMENT_3D('',#15149,#12457,#12458);
#10170=AXIS2_PLACEMENT_3D('',#15151,#12459,#12460);
#10171=AXIS2_PLACEMENT_3D('',#15154,#12462,#12463);
#10172=AXIS2_PLACEMENT_3D('',#15155,#12464,#12465);
#10173=AXIS2_PLACEMENT_3D('',#15159,#12467,#12468);
#10174=AXIS2_PLACEMENT_3D('',#15160,#12469,#12470);
#10175=AXIS2_PLACEMENT_3D('',#15161,#12471,#12472);
#10176=AXIS2_PLACEMENT_3D('',#15163,#12473,#12474);
#10177=AXIS2_PLACEMENT_3D('',#15166,#12476,#12477);
#10178=AXIS2_PLACEMENT_3D('',#15167,#12478,#12479);
#10179=AXIS2_PLACEMENT_3D('',#15171,#12481,#12482);
#10180=AXIS2_PLACEMENT_3D('',#15172,#12483,#12484);
#10181=AXIS2_PLACEMENT_3D('',#15173,#12485,#12486);
#10182=AXIS2_PLACEMENT_3D('',#15175,#12487,#12488);
#10183=AXIS2_PLACEMENT_3D('',#15178,#12490,#12491);
#10184=AXIS2_PLACEMENT_3D('',#15179,#12492,#12493);
#10185=AXIS2_PLACEMENT_3D('',#15183,#12495,#12496);
#10186=AXIS2_PLACEMENT_3D('',#15184,#12497,#12498);
#10187=AXIS2_PLACEMENT_3D('',#15185,#12499,#12500);
#10188=AXIS2_PLACEMENT_3D('',#15187,#12501,#12502);
#10189=AXIS2_PLACEMENT_3D('',#15190,#12504,#12505);
#10190=AXIS2_PLACEMENT_3D('',#15191,#12506,#12507);
#10191=AXIS2_PLACEMENT_3D('',#15195,#12509,#12510);
#10192=AXIS2_PLACEMENT_3D('',#15196,#12511,#12512);
#10193=AXIS2_PLACEMENT_3D('',#15197,#12513,#12514);
#10194=AXIS2_PLACEMENT_3D('',#15199,#12515,#12516);
#10195=AXIS2_PLACEMENT_3D('',#15202,#12518,#12519);
#10196=AXIS2_PLACEMENT_3D('',#15203,#12520,#12521);
#10197=AXIS2_PLACEMENT_3D('',#15207,#12523,#12524);
#10198=AXIS2_PLACEMENT_3D('',#15208,#12525,#12526);
#10199=AXIS2_PLACEMENT_3D('',#15209,#12527,#12528);
#10200=AXIS2_PLACEMENT_3D('',#15210,#12529,#12530);
#10201=AXIS2_PLACEMENT_3D('',#15211,#12531,#12532);
#10202=AXIS2_PLACEMENT_3D('',#15212,#12533,#12534);
#10203=AXIS2_PLACEMENT_3D('',#15216,#12536,#12537);
#10204=AXIS2_PLACEMENT_3D('',#15218,#12539,#12540);
#10205=AXIS2_PLACEMENT_3D('',#15221,#12542,#12543);
#10206=AXIS2_PLACEMENT_3D('',#15222,#12544,#12545);
#10207=AXIS2_PLACEMENT_3D('',#15225,#12547,#12548);
#10208=AXIS2_PLACEMENT_3D('',#15226,#12549,#12550);
#10209=AXIS2_PLACEMENT_3D('',#15229,#12552,#12553);
#10210=AXIS2_PLACEMENT_3D('',#15230,#12554,#12555);
#10211=AXIS2_PLACEMENT_3D('',#15233,#12557,#12558);
#10212=AXIS2_PLACEMENT_3D('',#15234,#12559,#12560);
#10213=AXIS2_PLACEMENT_3D('',#15237,#12562,#12563);
#10214=AXIS2_PLACEMENT_3D('',#15238,#12564,#12565);
#10215=AXIS2_PLACEMENT_3D('',#15241,#12567,#12568);
#10216=AXIS2_PLACEMENT_3D('',#15242,#12569,#12570);
#10217=AXIS2_PLACEMENT_3D('',#15245,#12572,#12573);
#10218=AXIS2_PLACEMENT_3D('',#15246,#12574,#12575);
#10219=AXIS2_PLACEMENT_3D('',#15249,#12577,#12578);
#10220=AXIS2_PLACEMENT_3D('',#15250,#12579,#12580);
#10221=AXIS2_PLACEMENT_3D('',#15253,#12582,#12583);
#10222=AXIS2_PLACEMENT_3D('',#15254,#12584,#12585);
#10223=AXIS2_PLACEMENT_3D('',#15255,#12586,#12587);
#10224=AXIS2_PLACEMENT_3D('',#15257,#12588,#12589);
#10225=AXIS2_PLACEMENT_3D('',#15259,#12590,#12591);
#10226=AXIS2_PLACEMENT_3D('',#15261,#12592,#12593);
#10227=AXIS2_PLACEMENT_3D('',#15263,#12594,#12595);
#10228=AXIS2_PLACEMENT_3D('',#15265,#12596,#12597);
#10229=AXIS2_PLACEMENT_3D('',#15267,#12598,#12599);
#10230=AXIS2_PLACEMENT_3D('',#15269,#12600,#12601);
#10231=AXIS2_PLACEMENT_3D('',#15271,#12602,#12603);
#10232=AXIS2_PLACEMENT_3D('',#15273,#12604,#12605);
#10233=AXIS2_PLACEMENT_3D('',#15274,#12606,#12607);
#10234=AXIS2_PLACEMENT_3D('',#15276,#12608,#12609);
#10235=AXIS2_PLACEMENT_3D('',#15277,#12610,#12611);
#10236=AXIS2_PLACEMENT_3D('',#15279,#12613,#12614);
#10237=AXIS2_PLACEMENT_3D('',#15281,#12616,#12617);
#10238=AXIS2_PLACEMENT_3D('',#15283,#12619,#12620);
#10239=AXIS2_PLACEMENT_3D('',#15286,#12623,#12624);
#10240=AXIS2_PLACEMENT_3D('',#15288,#12626,#12627);
#10241=AXIS2_PLACEMENT_3D('',#15290,#12629,#12630);
#10242=AXIS2_PLACEMENT_3D('',#15292,#12632,#12633);
#10243=AXIS2_PLACEMENT_3D('',#15294,#12635,#12636);
#10244=AXIS2_PLACEMENT_3D('',#15295,#12637,#12638);
#10245=AXIS2_PLACEMENT_3D('',#15298,#12640,#12641);
#10246=AXIS2_PLACEMENT_3D('',#15299,#12642,#12643);
#10247=AXIS2_PLACEMENT_3D('',#15300,#12644,#12645);
#10248=AXIS2_PLACEMENT_3D('',#15304,#12647,#12648);
#10249=AXIS2_PLACEMENT_3D('',#15305,#12649,#12650);
#10250=AXIS2_PLACEMENT_3D('',#15308,#12651,#12652);
#10251=AXIS2_PLACEMENT_3D('',#15310,#12654,#12655);
#10252=AXIS2_PLACEMENT_3D('',#15313,#12658,#12659);
#10253=DIRECTION('axis',(0.,0.,1.));
#10254=DIRECTION('refdir',(1.,0.,0.));
#10255=DIRECTION('center_axis',(-1.,0.,0.));
#10256=DIRECTION('ref_axis',(0.,1.,0.));
#10257=DIRECTION('',(0.,1.,0.));
#10258=DIRECTION('',(0.,0.,-1.));
#10259=DIRECTION('',(0.,-1.,0.));
#10260=DIRECTION('',(0.,0.,-1.));
#10261=DIRECTION('center_axis',(0.,-1.,0.));
#10262=DIRECTION('ref_axis',(-1.,0.,0.));
#10263=DIRECTION('',(-1.,0.,0.));
#10264=DIRECTION('',(0.,0.,1.));
#10265=DIRECTION('',(1.,0.,0.));
#10266=DIRECTION('center_axis',(0.,0.,1.));
#10267=DIRECTION('ref_axis',(-1.,0.,0.));
#10268=DIRECTION('',(-1.,0.,0.));
#10269=DIRECTION('',(0.,-1.,0.));
#10270=DIRECTION('',(1.,0.,0.));
#10271=DIRECTION('',(3.5527136788005E-16,1.,0.));
#10272=DIRECTION('center_axis',(0.,0.,-1.));
#10273=DIRECTION('ref_axis',(0.965925826289067,0.258819045102525,0.));
#10274=DIRECTION('',(-0.500000000000001,0.866025403784438,0.));
#10275=DIRECTION('center_axis',(0.,0.,1.));
#10276=DIRECTION('ref_axis',(-0.965925826289068,-0.258819045102521,0.));
#10277=DIRECTION('',(0.,-1.,0.));
#10278=DIRECTION('',(0.,-1.,0.));
#10279=DIRECTION('',(-1.,0.,0.));
#10280=DIRECTION('',(0.,1.,0.));
#10281=DIRECTION('',(1.,0.,0.));
#10282=DIRECTION('',(0.,-1.,0.));
#10283=DIRECTION('',(-1.,0.,0.));
#10284=DIRECTION('',(0.,1.,0.));
#10285=DIRECTION('',(1.,0.,0.));
#10286=DIRECTION('center_axis',(0.,0.,-1.));
#10287=DIRECTION('ref_axis',(-1.,0.,0.));
#10288=DIRECTION('center_axis',(0.,0.,-1.));
#10289=DIRECTION('ref_axis',(-1.,0.,0.));
#10290=DIRECTION('',(0.,-1.,0.));
#10291=DIRECTION('',(-1.,0.,0.));
#10292=DIRECTION('',(0.,1.,0.));
#10293=DIRECTION('',(1.,0.,0.));
#10294=DIRECTION('center_axis',(0.,0.,-1.));
#10295=DIRECTION('ref_axis',(-1.,0.,0.));
#10296=DIRECTION('',(0.,-1.,0.));
#10297=DIRECTION('',(-1.,0.,0.));
#10298=DIRECTION('',(0.,1.,0.));
#10299=DIRECTION('',(1.,0.,0.));
#10300=DIRECTION('',(0.,-1.,0.));
#10301=DIRECTION('',(-1.,0.,0.));
#10302=DIRECTION('',(0.,1.,0.));
#10303=DIRECTION('',(1.,0.,0.));
#10304=DIRECTION('',(0.,-1.,0.));
#10305=DIRECTION('',(-1.,0.,0.));
#10306=DIRECTION('',(0.,1.,0.));
#10307=DIRECTION('',(1.,0.,0.));
#10308=DIRECTION('',(0.,-1.,0.));
#10309=DIRECTION('',(-1.,0.,0.));
#10310=DIRECTION('',(0.,1.,0.));
#10311=DIRECTION('',(1.,0.,0.));
#10312=DIRECTION('',(0.,-1.,0.));
#10313=DIRECTION('',(-1.,0.,0.));
#10314=DIRECTION('',(0.,1.,0.));
#10315=DIRECTION('',(1.,0.,0.));
#10316=DIRECTION('',(0.,-1.,0.));
#10317=DIRECTION('',(-1.,0.,0.));
#10318=DIRECTION('',(0.,1.,0.));
#10319=DIRECTION('',(1.,0.,0.));
#10320=DIRECTION('',(0.,-1.,0.));
#10321=DIRECTION('',(-1.,0.,0.));
#10322=DIRECTION('',(0.,1.,0.));
#10323=DIRECTION('',(1.,0.,0.));
#10324=DIRECTION('',(0.,-1.,0.));
#10325=DIRECTION('',(-1.,0.,0.));
#10326=DIRECTION('',(0.,1.,0.));
#10327=DIRECTION('',(1.,0.,0.));
#10328=DIRECTION('',(0.,-1.,0.));
#10329=DIRECTION('',(-1.,0.,0.));
#10330=DIRECTION('',(0.,1.,0.));
#10331=DIRECTION('',(1.,0.,0.));
#10332=DIRECTION('center_axis',(0.,0.,-1.));
#10333=DIRECTION('ref_axis',(-1.,0.,0.));
#10334=DIRECTION('',(0.,-1.,0.));
#10335=DIRECTION('',(-1.,0.,0.));
#10336=DIRECTION('',(0.,1.,0.));
#10337=DIRECTION('',(1.,0.,0.));
#10338=DIRECTION('',(0.,-1.,0.));
#10339=DIRECTION('',(-1.,0.,0.));
#10340=DIRECTION('',(0.,1.,0.));
#10341=DIRECTION('',(1.,0.,0.));
#10342=DIRECTION('',(0.,-1.,0.));
#10343=DIRECTION('',(-1.,0.,0.));
#10344=DIRECTION('',(0.,1.,0.));
#10345=DIRECTION('',(1.,0.,0.));
#10346=DIRECTION('',(0.,-1.,0.));
#10347=DIRECTION('',(-1.,0.,0.));
#10348=DIRECTION('',(0.,1.,0.));
#10349=DIRECTION('',(1.,0.,0.));
#10350=DIRECTION('',(0.,-1.,0.));
#10351=DIRECTION('',(-1.,0.,0.));
#10352=DIRECTION('',(0.,1.,0.));
#10353=DIRECTION('',(1.,0.,0.));
#10354=DIRECTION('center_axis',(0.,0.,-1.));
#10355=DIRECTION('ref_axis',(-1.,0.,0.));
#10356=DIRECTION('',(0.,-1.,0.));
#10357=DIRECTION('',(-1.,0.,0.));
#10358=DIRECTION('',(0.,1.,0.));
#10359=DIRECTION('',(1.,0.,0.));
#10360=DIRECTION('',(0.,-1.,0.));
#10361=DIRECTION('',(-1.,0.,0.));
#10362=DIRECTION('',(0.,1.,0.));
#10363=DIRECTION('',(1.,0.,0.));
#10364=DIRECTION('',(0.,-1.,0.));
#10365=DIRECTION('',(-1.,0.,0.));
#10366=DIRECTION('',(0.,1.,0.));
#10367=DIRECTION('',(1.,0.,0.));
#10368=DIRECTION('',(0.,-1.,0.));
#10369=DIRECTION('',(-1.,0.,0.));
#10370=DIRECTION('',(0.,1.,0.));
#10371=DIRECTION('',(1.,0.,0.));
#10372=DIRECTION('center_axis',(0.,0.,-1.));
#10373=DIRECTION('ref_axis',(-1.,0.,0.));
#10374=DIRECTION('',(0.,-1.,0.));
#10375=DIRECTION('',(-1.,0.,0.));
#10376=DIRECTION('',(0.,1.,0.));
#10377=DIRECTION('',(1.,0.,0.));
#10378=DIRECTION('center_axis',(0.,0.,-1.));
#10379=DIRECTION('ref_axis',(-1.,0.,0.));
#10380=DIRECTION('',(0.,-1.,0.));
#10381=DIRECTION('',(-1.,0.,0.));
#10382=DIRECTION('',(0.,1.,0.));
#10383=DIRECTION('',(1.,0.,0.));
#10384=DIRECTION('center_axis',(0.,0.,-1.));
#10385=DIRECTION('ref_axis',(-1.,0.,0.));
#10386=DIRECTION('',(0.,-1.,0.));
#10387=DIRECTION('',(-1.,0.,0.));
#10388=DIRECTION('',(0.,1.,0.));
#10389=DIRECTION('',(1.,0.,0.));
#10390=DIRECTION('',(0.,-1.,0.));
#10391=DIRECTION('',(-1.,0.,0.));
#10392=DIRECTION('',(0.,1.,0.));
#10393=DIRECTION('',(1.,0.,0.));
#10394=DIRECTION('',(0.,-1.,0.));
#10395=DIRECTION('',(-1.,0.,0.));
#10396=DIRECTION('',(0.,1.,0.));
#10397=DIRECTION('',(1.,0.,0.));
#10398=DIRECTION('center_axis',(0.,0.,-1.));
#10399=DIRECTION('ref_axis',(-1.,0.,0.));
#10400=DIRECTION('',(0.,-1.,0.));
#10401=DIRECTION('',(-1.,0.,0.));
#10402=DIRECTION('',(0.,1.,0.));
#10403=DIRECTION('',(1.,0.,0.));
#10404=DIRECTION('',(0.,-1.,0.));
#10405=DIRECTION('',(-1.,0.,0.));
#10406=DIRECTION('',(0.,1.,0.));
#10407=DIRECTION('',(1.,0.,0.));
#10408=DIRECTION('center_axis',(0.,0.,-1.));
#10409=DIRECTION('ref_axis',(-1.,0.,0.));
#10410=DIRECTION('',(0.,-1.,0.));
#10411=DIRECTION('',(-1.,0.,0.));
#10412=DIRECTION('',(0.,1.,0.));
#10413=DIRECTION('',(1.,0.,0.));
#10414=DIRECTION('',(0.,-1.,0.));
#10415=DIRECTION('',(-1.,0.,0.));
#10416=DIRECTION('',(0.,1.,0.));
#10417=DIRECTION('',(1.,0.,0.));
#10418=DIRECTION('',(0.,-1.,0.));
#10419=DIRECTION('',(-1.,0.,0.));
#10420=DIRECTION('',(-1.2509555207044E-15,1.,0.));
#10421=DIRECTION('',(1.,2.5019110414088E-15,0.));
#10422=DIRECTION('',(0.,-1.,0.));
#10423=DIRECTION('',(-1.,0.,0.));
#10424=DIRECTION('',(-1.2509555207044E-15,1.,0.));
#10425=DIRECTION('',(1.,2.50191104140881E-15,0.));
#10426=DIRECTION('',(0.,-1.,0.));
#10427=DIRECTION('',(-1.,0.,0.));
#10428=DIRECTION('',(-1.2509555207044E-15,1.,0.));
#10429=DIRECTION('',(1.,2.5019110414088E-15,0.));
#10430=DIRECTION('',(0.,-1.,0.));
#10431=DIRECTION('',(-1.,0.,0.));
#10432=DIRECTION('',(-1.2509555207044E-15,1.,0.));
#10433=DIRECTION('',(1.,2.5019110414088E-15,0.));
#10434=DIRECTION('',(0.,-1.,0.));
#10435=DIRECTION('',(-1.,0.,0.));
#10436=DIRECTION('',(-1.2509555207044E-15,1.,0.));
#10437=DIRECTION('',(1.,2.5019110414088E-15,0.));
#10438=DIRECTION('',(0.,-1.,0.));
#10439=DIRECTION('',(-1.,0.,0.));
#10440=DIRECTION('',(-1.2509555207044E-15,1.,0.));
#10441=DIRECTION('',(1.,2.5019110414088E-15,0.));
#10442=DIRECTION('',(0.,-1.,0.));
#10443=DIRECTION('',(-1.,0.,0.));
#10444=DIRECTION('',(-1.2509555207044E-15,1.,0.));
#10445=DIRECTION('',(1.,2.50191104140881E-15,0.));
#10446=DIRECTION('',(0.,-1.,0.));
#10447=DIRECTION('',(-1.,0.,0.));
#10448=DIRECTION('',(-1.2509555207044E-15,1.,0.));
#10449=DIRECTION('',(1.,2.50191104140881E-15,0.));
#10450=DIRECTION('',(0.,-1.,0.));
#10451=DIRECTION('',(-1.,0.,0.));
#10452=DIRECTION('',(-1.2509555207044E-15,1.,0.));
#10453=DIRECTION('',(1.,2.5019110414088E-15,0.));
#10454=DIRECTION('',(0.,-1.,0.));
#10455=DIRECTION('',(-1.,0.,0.));
#10456=DIRECTION('',(-1.2509555207044E-15,1.,0.));
#10457=DIRECTION('',(1.,2.50191104140881E-15,0.));
#10458=DIRECTION('',(0.,-1.,0.));
#10459=DIRECTION('',(-1.,0.,0.));
#10460=DIRECTION('',(-1.2509555207044E-15,1.,0.));
#10461=DIRECTION('',(1.,2.5019110414088E-15,0.));
#10462=DIRECTION('',(1.,2.5019110414088E-15,0.));
#10463=DIRECTION('',(0.,-1.,0.));
#10464=DIRECTION('',(-1.,0.,0.));
#10465=DIRECTION('',(-1.2509555207044E-15,1.,0.));
#10466=DIRECTION('',(1.,0.,0.));
#10467=DIRECTION('',(0.,-1.,0.));
#10468=DIRECTION('',(-1.,0.,0.));
#10469=DIRECTION('',(0.,1.,0.));
#10470=DIRECTION('',(0.,-1.,0.));
#10471=DIRECTION('',(-1.,0.,0.));
#10472=DIRECTION('',(0.,1.,0.));
#10473=DIRECTION('',(1.,0.,0.));
#10474=DIRECTION('',(0.,-1.,0.));
#10475=DIRECTION('',(-1.,0.,0.));
#10476=DIRECTION('',(-1.2509555207044E-15,1.,0.));
#10477=DIRECTION('',(1.,2.5019110414088E-15,0.));
#10478=DIRECTION('',(0.,-1.,0.));
#10479=DIRECTION('',(-1.,0.,0.));
#10480=DIRECTION('',(-1.2509555207044E-15,1.,0.));
#10481=DIRECTION('',(1.,2.5019110414088E-15,0.));
#10482=DIRECTION('',(0.,-1.,0.));
#10483=DIRECTION('',(-1.,0.,0.));
#10484=DIRECTION('',(-1.2509555207044E-15,1.,0.));
#10485=DIRECTION('',(1.,2.5019110414088E-15,0.));
#10486=DIRECTION('',(0.,-1.,0.));
#10487=DIRECTION('',(-1.,0.,0.));
#10488=DIRECTION('',(0.,1.,0.));
#10489=DIRECTION('',(1.,0.,0.));
#10490=DIRECTION('',(0.,-1.,0.));
#10491=DIRECTION('',(-1.,0.,0.));
#10492=DIRECTION('',(-1.2509555207044E-15,1.,0.));
#10493=DIRECTION('',(1.,2.5019110414088E-15,0.));
#10494=DIRECTION('',(0.,-1.,0.));
#10495=DIRECTION('',(-1.,0.,0.));
#10496=DIRECTION('',(-1.2509555207044E-15,1.,0.));
#10497=DIRECTION('',(1.,2.5019110414088E-15,0.));
#10498=DIRECTION('',(0.,-1.,0.));
#10499=DIRECTION('',(-1.,0.,0.));
#10500=DIRECTION('',(-1.2509555207044E-15,1.,0.));
#10501=DIRECTION('',(1.,2.5019110414088E-15,0.));
#10502=DIRECTION('',(0.,-1.,0.));
#10503=DIRECTION('',(-1.,0.,0.));
#10504=DIRECTION('',(-1.2509555207044E-15,1.,0.));
#10505=DIRECTION('',(1.,2.50191104140881E-15,0.));
#10506=DIRECTION('',(0.,-1.,0.));
#10507=DIRECTION('',(-1.,0.,0.));
#10508=DIRECTION('',(-1.2509555207044E-15,1.,0.));
#10509=DIRECTION('',(1.,2.5019110414088E-15,0.));
#10510=DIRECTION('',(0.,-1.,0.));
#10511=DIRECTION('',(-1.,0.,0.));
#10512=DIRECTION('',(-1.2509555207044E-15,1.,0.));
#10513=DIRECTION('',(1.,2.5019110414088E-15,0.));
#10514=DIRECTION('',(0.,-1.,0.));
#10515=DIRECTION('',(-1.,0.,0.));
#10516=DIRECTION('',(0.,1.,0.));
#10517=DIRECTION('',(1.,0.,0.));
#10518=DIRECTION('',(0.,-1.,0.));
#10519=DIRECTION('',(-1.,0.,0.));
#10520=DIRECTION('',(-1.2509555207044E-15,1.,0.));
#10521=DIRECTION('',(1.,2.5019110414088E-15,0.));
#10522=DIRECTION('',(0.,-1.,0.));
#10523=DIRECTION('',(-1.,0.,0.));
#10524=DIRECTION('',(-1.2509555207044E-15,1.,0.));
#10525=DIRECTION('',(1.,2.5019110414088E-15,0.));
#10526=DIRECTION('',(0.,-1.,0.));
#10527=DIRECTION('',(-1.,0.,0.));
#10528=DIRECTION('',(-1.2509555207044E-15,1.,0.));
#10529=DIRECTION('',(1.,2.5019110414088E-15,0.));
#10530=DIRECTION('',(0.,-1.,0.));
#10531=DIRECTION('',(-1.,0.,0.));
#10532=DIRECTION('',(-1.2509555207044E-15,1.,0.));
#10533=DIRECTION('',(1.,2.5019110414088E-15,0.));
#10534=DIRECTION('',(0.,-1.,0.));
#10535=DIRECTION('',(-1.,0.,0.));
#10536=DIRECTION('',(-1.2509555207044E-15,1.,0.));
#10537=DIRECTION('',(1.,2.5019110414088E-15,0.));
#10538=DIRECTION('',(0.,-1.,0.));
#10539=DIRECTION('',(-1.,0.,0.));
#10540=DIRECTION('',(-1.2509555207044E-15,1.,0.));
#10541=DIRECTION('',(1.,2.5019110414088E-15,0.));
#10542=DIRECTION('',(0.,-1.,0.));
#10543=DIRECTION('',(-1.,0.,0.));
#10544=DIRECTION('',(-1.2509555207044E-15,1.,0.));
#10545=DIRECTION('',(1.,2.5019110414088E-15,0.));
#10546=DIRECTION('',(0.,-1.,0.));
#10547=DIRECTION('',(-1.,0.,0.));
#10548=DIRECTION('',(-1.2509555207044E-15,1.,0.));
#10549=DIRECTION('',(1.,2.5019110414088E-15,0.));
#10550=DIRECTION('',(0.,-1.,0.));
#10551=DIRECTION('',(-1.,0.,0.));
#10552=DIRECTION('',(-1.2509555207044E-15,1.,0.));
#10553=DIRECTION('',(1.,2.5019110414088E-15,0.));
#10554=DIRECTION('',(0.,-1.,0.));
#10555=DIRECTION('',(-1.,0.,0.));
#10556=DIRECTION('',(-1.2509555207044E-15,1.,0.));
#10557=DIRECTION('',(1.,2.50191104140881E-15,0.));
#10558=DIRECTION('',(0.,-1.,0.));
#10559=DIRECTION('',(-1.,0.,0.));
#10560=DIRECTION('',(-1.2509555207044E-15,1.,0.));
#10561=DIRECTION('',(1.,2.50191104140881E-15,0.));
#10562=DIRECTION('',(0.,-1.,0.));
#10563=DIRECTION('',(-1.,0.,0.));
#10564=DIRECTION('',(-1.2509555207044E-15,1.,0.));
#10565=DIRECTION('',(1.,2.5019110414088E-15,0.));
#10566=DIRECTION('',(0.,-1.,0.));
#10567=DIRECTION('',(-1.,0.,0.));
#10568=DIRECTION('',(-1.2509555207044E-15,1.,0.));
#10569=DIRECTION('',(1.,2.5019110414088E-15,0.));
#10570=DIRECTION('',(0.,-1.,0.));
#10571=DIRECTION('',(-1.,0.,0.));
#10572=DIRECTION('',(-1.2509555207044E-15,1.,0.));
#10573=DIRECTION('',(1.,2.5019110414088E-15,0.));
#10574=DIRECTION('',(0.,-1.,0.));
#10575=DIRECTION('',(-1.,0.,0.));
#10576=DIRECTION('',(-1.2509555207044E-15,1.,0.));
#10577=DIRECTION('',(1.,2.5019110414088E-15,0.));
#10578=DIRECTION('',(0.,-1.,0.));
#10579=DIRECTION('',(-1.,0.,0.));
#10580=DIRECTION('',(-1.2509555207044E-15,1.,0.));
#10581=DIRECTION('',(1.,2.50191104140881E-15,0.));
#10582=DIRECTION('',(0.,-1.,0.));
#10583=DIRECTION('',(-1.,0.,0.));
#10584=DIRECTION('',(-1.2509555207044E-15,1.,0.));
#10585=DIRECTION('',(1.,2.5019110414088E-15,0.));
#10586=DIRECTION('',(0.,-1.,0.));
#10587=DIRECTION('',(-1.,0.,0.));
#10588=DIRECTION('',(-1.2509555207044E-15,1.,0.));
#10589=DIRECTION('',(1.,2.5019110414088E-15,0.));
#10590=DIRECTION('',(0.,-1.,0.));
#10591=DIRECTION('',(-1.,0.,0.));
#10592=DIRECTION('',(0.,1.,0.));
#10593=DIRECTION('',(1.,0.,0.));
#10594=DIRECTION('',(0.,-1.,0.));
#10595=DIRECTION('',(-1.,0.,0.));
#10596=DIRECTION('',(-1.2509555207044E-15,1.,0.));
#10597=DIRECTION('',(1.,2.5019110414088E-15,0.));
#10598=DIRECTION('',(0.,-1.,0.));
#10599=DIRECTION('',(-1.,0.,0.));
#10600=DIRECTION('',(-1.2509555207044E-15,1.,0.));
#10601=DIRECTION('',(1.,2.50191104140881E-15,0.));
#10602=DIRECTION('',(0.,-1.,0.));
#10603=DIRECTION('',(-1.,0.,0.));
#10604=DIRECTION('',(-1.2509555207044E-15,1.,0.));
#10605=DIRECTION('',(1.,2.5019110414088E-15,0.));
#10606=DIRECTION('',(0.,-1.,0.));
#10607=DIRECTION('',(-1.,0.,0.));
#10608=DIRECTION('',(-1.2509555207044E-15,1.,0.));
#10609=DIRECTION('',(1.,2.5019110414088E-15,0.));
#10610=DIRECTION('',(0.,-1.,0.));
#10611=DIRECTION('',(-1.,0.,0.));
#10612=DIRECTION('',(-1.2509555207044E-15,1.,0.));
#10613=DIRECTION('',(1.,2.5019110414088E-15,0.));
#10614=DIRECTION('',(0.,-1.,0.));
#10615=DIRECTION('',(-1.,0.,0.));
#10616=DIRECTION('',(-1.2509555207044E-15,1.,0.));
#10617=DIRECTION('',(1.,2.5019110414088E-15,0.));
#10618=DIRECTION('center_axis',(0.,1.,0.));
#10619=DIRECTION('ref_axis',(-1.,0.,0.));
#10620=DIRECTION('',(1.,0.,0.));
#10621=DIRECTION('',(0.,0.,1.));
#10622=DIRECTION('center_axis',(0.,0.,-1.));
#10623=DIRECTION('ref_axis',(0.965925826289067,0.258819045102525,0.));
#10624=DIRECTION('center_axis',(0.,0.,1.));
#10625=DIRECTION('ref_axis',(0.965925826289067,0.258819045102525,0.));
#10626=DIRECTION('',(0.,0.,1.));
#10627=DIRECTION('',(0.,0.,-1.));
#10628=DIRECTION('center_axis',(0.,0.,1.));
#10629=DIRECTION('ref_axis',(-1.,0.,0.));
#10630=DIRECTION('',(0.,-1.,0.));
#10631=DIRECTION('center_axis',(0.,0.,-1.));
#10632=DIRECTION('ref_axis',(-0.965925826289068,-0.258819045102521,0.));
#10633=DIRECTION('',(0.500000000000001,-0.866025403784438,0.));
#10634=DIRECTION('',(-3.5527136788005E-16,-1.,0.));
#10635=DIRECTION('',(1.,0.,0.));
#10636=DIRECTION('',(0.,1.,0.));
#10637=DIRECTION('',(0.,-1.,0.));
#10638=DIRECTION('',(1.,0.,0.));
#10639=DIRECTION('',(0.,1.,0.));
#10640=DIRECTION('',(-1.,0.,0.));
#10641=DIRECTION('',(0.,-1.,0.));
#10642=DIRECTION('',(1.,0.,0.));
#10643=DIRECTION('',(0.,1.,0.));
#10644=DIRECTION('',(-1.,0.,0.));
#10645=DIRECTION('center_axis',(0.,0.,-1.));
#10646=DIRECTION('ref_axis',(-1.,0.,0.));
#10647=DIRECTION('center_axis',(0.,0.,-1.));
#10648=DIRECTION('ref_axis',(-1.,0.,0.));
#10649=DIRECTION('',(0.,-1.,0.));
#10650=DIRECTION('',(1.,0.,0.));
#10651=DIRECTION('',(0.,1.,0.));
#10652=DIRECTION('',(-1.,0.,0.));
#10653=DIRECTION('center_axis',(0.,0.,-1.));
#10654=DIRECTION('ref_axis',(-1.,0.,0.));
#10655=DIRECTION('',(0.,-1.,0.));
#10656=DIRECTION('',(1.,0.,0.));
#10657=DIRECTION('',(0.,1.,0.));
#10658=DIRECTION('',(-1.,0.,0.));
#10659=DIRECTION('',(0.,-1.,0.));
#10660=DIRECTION('',(1.,0.,0.));
#10661=DIRECTION('',(0.,1.,0.));
#10662=DIRECTION('',(-1.,0.,0.));
#10663=DIRECTION('',(0.,-1.,0.));
#10664=DIRECTION('',(1.,0.,0.));
#10665=DIRECTION('',(0.,1.,0.));
#10666=DIRECTION('',(-1.,0.,0.));
#10667=DIRECTION('',(0.,-1.,0.));
#10668=DIRECTION('',(1.,0.,0.));
#10669=DIRECTION('',(0.,1.,0.));
#10670=DIRECTION('',(-1.,0.,0.));
#10671=DIRECTION('',(0.,-1.,0.));
#10672=DIRECTION('',(1.,0.,0.));
#10673=DIRECTION('',(0.,1.,0.));
#10674=DIRECTION('',(-1.,0.,0.));
#10675=DIRECTION('',(0.,-1.,0.));
#10676=DIRECTION('',(1.,0.,0.));
#10677=DIRECTION('',(0.,1.,0.));
#10678=DIRECTION('',(-1.,0.,0.));
#10679=DIRECTION('',(0.,-1.,0.));
#10680=DIRECTION('',(1.,0.,0.));
#10681=DIRECTION('',(0.,1.,0.));
#10682=DIRECTION('',(-1.,0.,0.));
#10683=DIRECTION('',(0.,-1.,0.));
#10684=DIRECTION('',(1.,0.,0.));
#10685=DIRECTION('',(0.,1.,0.));
#10686=DIRECTION('',(-1.,0.,0.));
#10687=DIRECTION('',(0.,-1.,0.));
#10688=DIRECTION('',(1.,0.,0.));
#10689=DIRECTION('',(0.,1.,0.));
#10690=DIRECTION('',(-1.,0.,0.));
#10691=DIRECTION('center_axis',(0.,0.,-1.));
#10692=DIRECTION('ref_axis',(-1.,0.,0.));
#10693=DIRECTION('',(0.,-1.,0.));
#10694=DIRECTION('',(1.,0.,0.));
#10695=DIRECTION('',(0.,1.,0.));
#10696=DIRECTION('',(-1.,0.,0.));
#10697=DIRECTION('',(0.,-1.,0.));
#10698=DIRECTION('',(1.,0.,0.));
#10699=DIRECTION('',(0.,1.,0.));
#10700=DIRECTION('',(-1.,0.,0.));
#10701=DIRECTION('',(0.,-1.,0.));
#10702=DIRECTION('',(1.,0.,0.));
#10703=DIRECTION('',(0.,1.,0.));
#10704=DIRECTION('',(-1.,0.,0.));
#10705=DIRECTION('',(0.,-1.,0.));
#10706=DIRECTION('',(1.,0.,0.));
#10707=DIRECTION('',(0.,1.,0.));
#10708=DIRECTION('',(-1.,0.,0.));
#10709=DIRECTION('',(0.,-1.,0.));
#10710=DIRECTION('',(1.,0.,0.));
#10711=DIRECTION('',(0.,1.,0.));
#10712=DIRECTION('',(-1.,0.,0.));
#10713=DIRECTION('center_axis',(0.,0.,-1.));
#10714=DIRECTION('ref_axis',(-1.,0.,0.));
#10715=DIRECTION('',(0.,-1.,0.));
#10716=DIRECTION('',(1.,0.,0.));
#10717=DIRECTION('',(0.,1.,0.));
#10718=DIRECTION('',(-1.,0.,0.));
#10719=DIRECTION('',(0.,-1.,0.));
#10720=DIRECTION('',(1.,0.,0.));
#10721=DIRECTION('',(0.,1.,0.));
#10722=DIRECTION('',(-1.,0.,0.));
#10723=DIRECTION('',(0.,-1.,0.));
#10724=DIRECTION('',(1.,0.,0.));
#10725=DIRECTION('',(0.,1.,0.));
#10726=DIRECTION('',(-1.,0.,0.));
#10727=DIRECTION('',(0.,-1.,0.));
#10728=DIRECTION('',(1.,0.,0.));
#10729=DIRECTION('',(0.,1.,0.));
#10730=DIRECTION('',(-1.,0.,0.));
#10731=DIRECTION('center_axis',(0.,0.,-1.));
#10732=DIRECTION('ref_axis',(-1.,0.,0.));
#10733=DIRECTION('',(0.,-1.,0.));
#10734=DIRECTION('',(1.,0.,0.));
#10735=DIRECTION('',(0.,1.,0.));
#10736=DIRECTION('',(-1.,0.,0.));
#10737=DIRECTION('center_axis',(0.,0.,-1.));
#10738=DIRECTION('ref_axis',(-1.,0.,0.));
#10739=DIRECTION('',(0.,-1.,0.));
#10740=DIRECTION('',(1.,0.,0.));
#10741=DIRECTION('',(0.,1.,0.));
#10742=DIRECTION('',(-1.,0.,0.));
#10743=DIRECTION('center_axis',(0.,0.,-1.));
#10744=DIRECTION('ref_axis',(-1.,0.,0.));
#10745=DIRECTION('',(0.,-1.,0.));
#10746=DIRECTION('',(1.,0.,0.));
#10747=DIRECTION('',(0.,1.,0.));
#10748=DIRECTION('',(-1.,0.,0.));
#10749=DIRECTION('',(0.,-1.,0.));
#10750=DIRECTION('',(1.,0.,0.));
#10751=DIRECTION('',(0.,1.,0.));
#10752=DIRECTION('',(-1.,0.,0.));
#10753=DIRECTION('',(0.,-1.,0.));
#10754=DIRECTION('',(1.,0.,0.));
#10755=DIRECTION('',(0.,1.,0.));
#10756=DIRECTION('',(-1.,0.,0.));
#10757=DIRECTION('center_axis',(0.,0.,-1.));
#10758=DIRECTION('ref_axis',(-1.,0.,0.));
#10759=DIRECTION('',(0.,-1.,0.));
#10760=DIRECTION('',(1.,0.,0.));
#10761=DIRECTION('',(0.,1.,0.));
#10762=DIRECTION('',(-1.,0.,0.));
#10763=DIRECTION('',(0.,-1.,0.));
#10764=DIRECTION('',(1.,0.,0.));
#10765=DIRECTION('',(0.,1.,0.));
#10766=DIRECTION('',(-1.,0.,0.));
#10767=DIRECTION('center_axis',(0.,0.,-1.));
#10768=DIRECTION('ref_axis',(-1.,0.,0.));
#10769=DIRECTION('',(0.,-1.,0.));
#10770=DIRECTION('',(1.,0.,0.));
#10771=DIRECTION('',(0.,1.,0.));
#10772=DIRECTION('',(-1.,0.,0.));
#10773=DIRECTION('',(0.,-1.,0.));
#10774=DIRECTION('',(1.,0.,0.));
#10775=DIRECTION('',(0.,1.,0.));
#10776=DIRECTION('',(-1.,0.,0.));
#10777=DIRECTION('',(0.,-1.,0.));
#10778=DIRECTION('',(1.,2.5019110414088E-15,0.));
#10779=DIRECTION('',(-1.2509555207044E-15,1.,0.));
#10780=DIRECTION('',(-1.,0.,0.));
#10781=DIRECTION('',(0.,-1.,0.));
#10782=DIRECTION('',(1.,2.50191104140881E-15,0.));
#10783=DIRECTION('',(-1.2509555207044E-15,1.,0.));
#10784=DIRECTION('',(-1.,0.,0.));
#10785=DIRECTION('',(0.,-1.,0.));
#10786=DIRECTION('',(1.,2.5019110414088E-15,0.));
#10787=DIRECTION('',(-1.2509555207044E-15,1.,0.));
#10788=DIRECTION('',(-1.,0.,0.));
#10789=DIRECTION('',(0.,-1.,0.));
#10790=DIRECTION('',(1.,2.5019110414088E-15,0.));
#10791=DIRECTION('',(-1.2509555207044E-15,1.,0.));
#10792=DIRECTION('',(-1.,0.,0.));
#10793=DIRECTION('',(0.,-1.,0.));
#10794=DIRECTION('',(1.,2.5019110414088E-15,0.));
#10795=DIRECTION('',(-1.2509555207044E-15,1.,0.));
#10796=DIRECTION('',(-1.,0.,0.));
#10797=DIRECTION('',(0.,-1.,0.));
#10798=DIRECTION('',(1.,2.5019110414088E-15,0.));
#10799=DIRECTION('',(-1.2509555207044E-15,1.,0.));
#10800=DIRECTION('',(-1.,0.,0.));
#10801=DIRECTION('',(0.,-1.,0.));
#10802=DIRECTION('',(1.,2.50191104140881E-15,0.));
#10803=DIRECTION('',(-1.2509555207044E-15,1.,0.));
#10804=DIRECTION('',(-1.,0.,0.));
#10805=DIRECTION('',(0.,-1.,0.));
#10806=DIRECTION('',(1.,2.50191104140881E-15,0.));
#10807=DIRECTION('',(-1.2509555207044E-15,1.,0.));
#10808=DIRECTION('',(-1.,0.,0.));
#10809=DIRECTION('',(0.,-1.,0.));
#10810=DIRECTION('',(1.,2.5019110414088E-15,0.));
#10811=DIRECTION('',(-1.2509555207044E-15,1.,0.));
#10812=DIRECTION('',(-1.,0.,0.));
#10813=DIRECTION('',(0.,-1.,0.));
#10814=DIRECTION('',(1.,2.50191104140881E-15,0.));
#10815=DIRECTION('',(-1.2509555207044E-15,1.,0.));
#10816=DIRECTION('',(-1.,0.,0.));
#10817=DIRECTION('',(0.,-1.,0.));
#10818=DIRECTION('',(1.,2.5019110414088E-15,0.));
#10819=DIRECTION('',(-1.2509555207044E-15,1.,0.));
#10820=DIRECTION('',(-1.,0.,0.));
#10821=DIRECTION('',(1.,2.5019110414088E-15,0.));
#10822=DIRECTION('',(-1.2509555207044E-15,1.,0.));
#10823=DIRECTION('',(-1.,0.,0.));
#10824=DIRECTION('',(0.,-1.,0.));
#10825=DIRECTION('',(1.,0.,0.));
#10826=DIRECTION('',(0.,1.,0.));
#10827=DIRECTION('',(-1.,0.,0.));
#10828=DIRECTION('',(0.,-1.,0.));
#10829=DIRECTION('',(0.,-1.,0.));
#10830=DIRECTION('',(1.,0.,0.));
#10831=DIRECTION('',(0.,1.,0.));
#10832=DIRECTION('',(-1.,0.,0.));
#10833=DIRECTION('',(0.,-1.,0.));
#10834=DIRECTION('',(1.,2.5019110414088E-15,0.));
#10835=DIRECTION('',(-1.2509555207044E-15,1.,0.));
#10836=DIRECTION('',(-1.,0.,0.));
#10837=DIRECTION('',(0.,-1.,0.));
#10838=DIRECTION('',(1.,2.5019110414088E-15,0.));
#10839=DIRECTION('',(-1.2509555207044E-15,1.,0.));
#10840=DIRECTION('',(-1.,0.,0.));
#10841=DIRECTION('',(0.,-1.,0.));
#10842=DIRECTION('',(1.,2.5019110414088E-15,0.));
#10843=DIRECTION('',(-1.2509555207044E-15,1.,0.));
#10844=DIRECTION('',(-1.,0.,0.));
#10845=DIRECTION('',(0.,-1.,0.));
#10846=DIRECTION('',(1.,0.,0.));
#10847=DIRECTION('',(0.,1.,0.));
#10848=DIRECTION('',(-1.,0.,0.));
#10849=DIRECTION('',(0.,-1.,0.));
#10850=DIRECTION('',(1.,2.5019110414088E-15,0.));
#10851=DIRECTION('',(-1.2509555207044E-15,1.,0.));
#10852=DIRECTION('',(-1.,0.,0.));
#10853=DIRECTION('',(0.,-1.,0.));
#10854=DIRECTION('',(1.,2.5019110414088E-15,0.));
#10855=DIRECTION('',(-1.2509555207044E-15,1.,0.));
#10856=DIRECTION('',(-1.,0.,0.));
#10857=DIRECTION('',(0.,-1.,0.));
#10858=DIRECTION('',(1.,2.5019110414088E-15,0.));
#10859=DIRECTION('',(-1.2509555207044E-15,1.,0.));
#10860=DIRECTION('',(-1.,0.,0.));
#10861=DIRECTION('',(0.,-1.,0.));
#10862=DIRECTION('',(1.,2.50191104140881E-15,0.));
#10863=DIRECTION('',(-1.2509555207044E-15,1.,0.));
#10864=DIRECTION('',(-1.,0.,0.));
#10865=DIRECTION('',(0.,-1.,0.));
#10866=DIRECTION('',(1.,2.5019110414088E-15,0.));
#10867=DIRECTION('',(-1.2509555207044E-15,1.,0.));
#10868=DIRECTION('',(-1.,0.,0.));
#10869=DIRECTION('',(0.,-1.,0.));
#10870=DIRECTION('',(1.,2.5019110414088E-15,0.));
#10871=DIRECTION('',(-1.2509555207044E-15,1.,0.));
#10872=DIRECTION('',(-1.,0.,0.));
#10873=DIRECTION('',(0.,-1.,0.));
#10874=DIRECTION('',(1.,0.,0.));
#10875=DIRECTION('',(0.,1.,0.));
#10876=DIRECTION('',(-1.,0.,0.));
#10877=DIRECTION('',(0.,-1.,0.));
#10878=DIRECTION('',(1.,2.5019110414088E-15,0.));
#10879=DIRECTION('',(-1.2509555207044E-15,1.,0.));
#10880=DIRECTION('',(-1.,0.,0.));
#10881=DIRECTION('',(0.,-1.,0.));
#10882=DIRECTION('',(1.,2.5019110414088E-15,0.));
#10883=DIRECTION('',(-1.2509555207044E-15,1.,0.));
#10884=DIRECTION('',(-1.,0.,0.));
#10885=DIRECTION('',(0.,-1.,0.));
#10886=DIRECTION('',(1.,2.5019110414088E-15,0.));
#10887=DIRECTION('',(-1.2509555207044E-15,1.,0.));
#10888=DIRECTION('',(-1.,0.,0.));
#10889=DIRECTION('',(0.,-1.,0.));
#10890=DIRECTION('',(1.,2.5019110414088E-15,0.));
#10891=DIRECTION('',(-1.2509555207044E-15,1.,0.));
#10892=DIRECTION('',(-1.,0.,0.));
#10893=DIRECTION('',(0.,-1.,0.));
#10894=DIRECTION('',(1.,2.5019110414088E-15,0.));
#10895=DIRECTION('',(-1.2509555207044E-15,1.,0.));
#10896=DIRECTION('',(-1.,0.,0.));
#10897=DIRECTION('',(0.,-1.,0.));
#10898=DIRECTION('',(1.,2.5019110414088E-15,0.));
#10899=DIRECTION('',(-1.2509555207044E-15,1.,0.));
#10900=DIRECTION('',(-1.,0.,0.));
#10901=DIRECTION('',(0.,-1.,0.));
#10902=DIRECTION('',(1.,2.5019110414088E-15,0.));
#10903=DIRECTION('',(-1.2509555207044E-15,1.,0.));
#10904=DIRECTION('',(-1.,0.,0.));
#10905=DIRECTION('',(0.,-1.,0.));
#10906=DIRECTION('',(1.,2.5019110414088E-15,0.));
#10907=DIRECTION('',(-1.2509555207044E-15,1.,0.));
#10908=DIRECTION('',(-1.,0.,0.));
#10909=DIRECTION('',(0.,-1.,0.));
#10910=DIRECTION('',(1.,2.5019110414088E-15,0.));
#10911=DIRECTION('',(-1.2509555207044E-15,1.,0.));
#10912=DIRECTION('',(-1.,0.,0.));
#10913=DIRECTION('',(0.,-1.,0.));
#10914=DIRECTION('',(1.,2.50191104140881E-15,0.));
#10915=DIRECTION('',(-1.2509555207044E-15,1.,0.));
#10916=DIRECTION('',(-1.,0.,0.));
#10917=DIRECTION('',(0.,-1.,0.));
#10918=DIRECTION('',(1.,2.50191104140881E-15,0.));
#10919=DIRECTION('',(-1.2509555207044E-15,1.,0.));
#10920=DIRECTION('',(-1.,0.,0.));
#10921=DIRECTION('',(0.,-1.,0.));
#10922=DIRECTION('',(1.,2.5019110414088E-15,0.));
#10923=DIRECTION('',(-1.2509555207044E-15,1.,0.));
#10924=DIRECTION('',(-1.,0.,0.));
#10925=DIRECTION('',(0.,-1.,0.));
#10926=DIRECTION('',(1.,2.5019110414088E-15,0.));
#10927=DIRECTION('',(-1.2509555207044E-15,1.,0.));
#10928=DIRECTION('',(-1.,0.,0.));
#10929=DIRECTION('',(0.,-1.,0.));
#10930=DIRECTION('',(1.,2.5019110414088E-15,0.));
#10931=DIRECTION('',(-1.2509555207044E-15,1.,0.));
#10932=DIRECTION('',(-1.,0.,0.));
#10933=DIRECTION('',(0.,-1.,0.));
#10934=DIRECTION('',(1.,2.5019110414088E-15,0.));
#10935=DIRECTION('',(-1.2509555207044E-15,1.,0.));
#10936=DIRECTION('',(-1.,0.,0.));
#10937=DIRECTION('',(0.,-1.,0.));
#10938=DIRECTION('',(1.,2.50191104140881E-15,0.));
#10939=DIRECTION('',(-1.2509555207044E-15,1.,0.));
#10940=DIRECTION('',(-1.,0.,0.));
#10941=DIRECTION('',(0.,-1.,0.));
#10942=DIRECTION('',(1.,2.5019110414088E-15,0.));
#10943=DIRECTION('',(-1.2509555207044E-15,1.,0.));
#10944=DIRECTION('',(-1.,0.,0.));
#10945=DIRECTION('',(0.,-1.,0.));
#10946=DIRECTION('',(1.,2.5019110414088E-15,0.));
#10947=DIRECTION('',(-1.2509555207044E-15,1.,0.));
#10948=DIRECTION('',(-1.,0.,0.));
#10949=DIRECTION('',(0.,-1.,0.));
#10950=DIRECTION('',(1.,0.,0.));
#10951=DIRECTION('',(0.,1.,0.));
#10952=DIRECTION('',(-1.,0.,0.));
#10953=DIRECTION('',(0.,-1.,0.));
#10954=DIRECTION('',(1.,2.5019110414088E-15,0.));
#10955=DIRECTION('',(-1.2509555207044E-15,1.,0.));
#10956=DIRECTION('',(-1.,0.,0.));
#10957=DIRECTION('',(0.,-1.,0.));
#10958=DIRECTION('',(1.,2.50191104140881E-15,0.));
#10959=DIRECTION('',(-1.2509555207044E-15,1.,0.));
#10960=DIRECTION('',(-1.,0.,0.));
#10961=DIRECTION('',(0.,-1.,0.));
#10962=DIRECTION('',(1.,2.5019110414088E-15,0.));
#10963=DIRECTION('',(-1.2509555207044E-15,1.,0.));
#10964=DIRECTION('',(-1.,0.,0.));
#10965=DIRECTION('',(0.,-1.,0.));
#10966=DIRECTION('',(1.,2.5019110414088E-15,0.));
#10967=DIRECTION('',(-1.2509555207044E-15,1.,0.));
#10968=DIRECTION('',(-1.,0.,0.));
#10969=DIRECTION('',(0.,-1.,0.));
#10970=DIRECTION('',(1.,2.5019110414088E-15,0.));
#10971=DIRECTION('',(-1.2509555207044E-15,1.,0.));
#10972=DIRECTION('',(-1.,0.,0.));
#10973=DIRECTION('',(0.,-1.,0.));
#10974=DIRECTION('',(1.,2.5019110414088E-15,0.));
#10975=DIRECTION('',(-1.2509555207044E-15,1.,0.));
#10976=DIRECTION('',(-1.,0.,0.));
#10977=DIRECTION('center_axis',(1.,-3.5527136788005E-16,0.));
#10978=DIRECTION('ref_axis',(-3.5527136788005E-16,-1.,0.));
#10979=DIRECTION('',(0.,0.,-1.));
#10980=DIRECTION('center_axis',(0.,0.,-1.));
#10981=DIRECTION('ref_axis',(-0.965925826289068,-0.258819045102521,0.));
#10982=DIRECTION('',(0.,0.,-1.));
#10983=DIRECTION('',(0.,0.,1.));
#10984=DIRECTION('center_axis',(0.866025403784438,0.500000000000001,0.));
#10985=DIRECTION('ref_axis',(0.500000000000001,-0.866025403784438,0.));
#10986=DIRECTION('center_axis',(0.,-1.,0.));
#10987=DIRECTION('ref_axis',(0.,0.,-1.));
#10988=DIRECTION('',(0.,0.,-1.));
#10989=DIRECTION('center_axis',(0.,-1.,0.));
#10990=DIRECTION('ref_axis',(1.,0.,0.));
#10991=DIRECTION('',(0.,0.,1.));
#10992=DIRECTION('',(0.,0.,1.));
#10993=DIRECTION('center_axis',(1.,0.,0.));
#10994=DIRECTION('ref_axis',(0.,1.,0.));
#10995=DIRECTION('',(0.,0.,1.));
#10996=DIRECTION('center_axis',(0.,1.,0.));
#10997=DIRECTION('ref_axis',(-1.,0.,0.));
#10998=DIRECTION('',(0.,0.,1.));
#10999=DIRECTION('center_axis',(-1.,0.,0.));
#11000=DIRECTION('ref_axis',(0.,-1.,0.));
#11001=DIRECTION('center_axis',(0.,-1.,0.));
#11002=DIRECTION('ref_axis',(1.,0.,0.));
#11003=DIRECTION('',(0.,0.,1.));
#11004=DIRECTION('',(0.,0.,1.));
#11005=DIRECTION('center_axis',(1.,0.,0.));
#11006=DIRECTION('ref_axis',(0.,1.,0.));
#11007=DIRECTION('',(0.,0.,1.));
#11008=DIRECTION('center_axis',(0.,1.,0.));
#11009=DIRECTION('ref_axis',(-1.,0.,0.));
#11010=DIRECTION('',(0.,0.,1.));
#11011=DIRECTION('center_axis',(-1.,0.,0.));
#11012=DIRECTION('ref_axis',(0.,-1.,0.));
#11013=DIRECTION('center_axis',(0.,0.,1.));
#11014=DIRECTION('ref_axis',(-1.,0.,0.));
#11015=DIRECTION('',(0.,0.,-1.));
#11016=DIRECTION('center_axis',(0.,0.,1.));
#11017=DIRECTION('ref_axis',(-1.,0.,0.));
#11018=DIRECTION('',(0.,0.,-1.));
#11019=DIRECTION('center_axis',(0.,-1.,0.));
#11020=DIRECTION('ref_axis',(1.,0.,0.));
#11021=DIRECTION('',(0.,0.,1.));
#11022=DIRECTION('',(0.,0.,1.));
#11023=DIRECTION('center_axis',(1.,0.,0.));
#11024=DIRECTION('ref_axis',(0.,1.,0.));
#11025=DIRECTION('',(0.,0.,1.));
#11026=DIRECTION('center_axis',(0.,1.,0.));
#11027=DIRECTION('ref_axis',(-1.,0.,0.));
#11028=DIRECTION('',(0.,0.,1.));
#11029=DIRECTION('center_axis',(-1.,0.,0.));
#11030=DIRECTION('ref_axis',(0.,-1.,0.));
#11031=DIRECTION('center_axis',(0.,0.,1.));
#11032=DIRECTION('ref_axis',(-1.,0.,0.));
#11033=DIRECTION('',(0.,0.,-1.));
#11034=DIRECTION('center_axis',(0.,-1.,0.));
#11035=DIRECTION('ref_axis',(1.,0.,0.));
#11036=DIRECTION('',(0.,0.,1.));
#11037=DIRECTION('',(0.,0.,1.));
#11038=DIRECTION('center_axis',(1.,0.,0.));
#11039=DIRECTION('ref_axis',(0.,1.,0.));
#11040=DIRECTION('',(0.,0.,1.));
#11041=DIRECTION('center_axis',(0.,1.,0.));
#11042=DIRECTION('ref_axis',(-1.,0.,0.));
#11043=DIRECTION('',(0.,0.,1.));
#11044=DIRECTION('center_axis',(-1.,0.,0.));
#11045=DIRECTION('ref_axis',(0.,-1.,0.));
#11046=DIRECTION('center_axis',(0.,-1.,0.));
#11047=DIRECTION('ref_axis',(1.,0.,0.));
#11048=DIRECTION('',(0.,0.,1.));
#11049=DIRECTION('',(0.,0.,1.));
#11050=DIRECTION('center_axis',(1.,0.,0.));
#11051=DIRECTION('ref_axis',(0.,1.,0.));
#11052=DIRECTION('',(0.,0.,1.));
#11053=DIRECTION('center_axis',(0.,1.,0.));
#11054=DIRECTION('ref_axis',(-1.,0.,0.));
#11055=DIRECTION('',(0.,0.,1.));
#11056=DIRECTION('center_axis',(-1.,0.,0.));
#11057=DIRECTION('ref_axis',(0.,-1.,0.));
#11058=DIRECTION('center_axis',(0.,-1.,0.));
#11059=DIRECTION('ref_axis',(1.,0.,0.));
#11060=DIRECTION('',(0.,0.,1.));
#11061=DIRECTION('',(0.,0.,1.));
#11062=DIRECTION('center_axis',(1.,0.,0.));
#11063=DIRECTION('ref_axis',(0.,1.,0.));
#11064=DIRECTION('',(0.,0.,1.));
#11065=DIRECTION('center_axis',(0.,1.,0.));
#11066=DIRECTION('ref_axis',(-1.,0.,0.));
#11067=DIRECTION('',(0.,0.,1.));
#11068=DIRECTION('center_axis',(-1.,0.,0.));
#11069=DIRECTION('ref_axis',(0.,-1.,0.));
#11070=DIRECTION('center_axis',(0.,-1.,0.));
#11071=DIRECTION('ref_axis',(1.,0.,0.));
#11072=DIRECTION('',(0.,0.,1.));
#11073=DIRECTION('',(0.,0.,1.));
#11074=DIRECTION('center_axis',(1.,0.,0.));
#11075=DIRECTION('ref_axis',(0.,1.,0.));
#11076=DIRECTION('',(0.,0.,1.));
#11077=DIRECTION('center_axis',(0.,1.,0.));
#11078=DIRECTION('ref_axis',(-1.,0.,0.));
#11079=DIRECTION('',(0.,0.,1.));
#11080=DIRECTION('center_axis',(-1.,0.,0.));
#11081=DIRECTION('ref_axis',(0.,-1.,0.));
#11082=DIRECTION('center_axis',(0.,-1.,0.));
#11083=DIRECTION('ref_axis',(1.,0.,0.));
#11084=DIRECTION('',(0.,0.,1.));
#11085=DIRECTION('',(0.,0.,1.));
#11086=DIRECTION('center_axis',(1.,0.,0.));
#11087=DIRECTION('ref_axis',(0.,1.,0.));
#11088=DIRECTION('',(0.,0.,1.));
#11089=DIRECTION('center_axis',(0.,1.,0.));
#11090=DIRECTION('ref_axis',(-1.,0.,0.));
#11091=DIRECTION('',(0.,0.,1.));
#11092=DIRECTION('center_axis',(-1.,0.,0.));
#11093=DIRECTION('ref_axis',(0.,-1.,0.));
#11094=DIRECTION('center_axis',(0.,-1.,0.));
#11095=DIRECTION('ref_axis',(1.,0.,0.));
#11096=DIRECTION('',(0.,0.,1.));
#11097=DIRECTION('',(0.,0.,1.));
#11098=DIRECTION('center_axis',(1.,0.,0.));
#11099=DIRECTION('ref_axis',(0.,1.,0.));
#11100=DIRECTION('',(0.,0.,1.));
#11101=DIRECTION('center_axis',(0.,1.,0.));
#11102=DIRECTION('ref_axis',(-1.,0.,0.));
#11103=DIRECTION('',(0.,0.,1.));
#11104=DIRECTION('center_axis',(-1.,0.,0.));
#11105=DIRECTION('ref_axis',(0.,-1.,0.));
#11106=DIRECTION('center_axis',(0.,-1.,0.));
#11107=DIRECTION('ref_axis',(1.,0.,0.));
#11108=DIRECTION('',(0.,0.,1.));
#11109=DIRECTION('',(0.,0.,1.));
#11110=DIRECTION('center_axis',(1.,0.,0.));
#11111=DIRECTION('ref_axis',(0.,1.,0.));
#11112=DIRECTION('',(0.,0.,1.));
#11113=DIRECTION('center_axis',(0.,1.,0.));
#11114=DIRECTION('ref_axis',(-1.,0.,0.));
#11115=DIRECTION('',(0.,0.,1.));
#11116=DIRECTION('center_axis',(-1.,0.,0.));
#11117=DIRECTION('ref_axis',(0.,-1.,0.));
#11118=DIRECTION('center_axis',(0.,-1.,0.));
#11119=DIRECTION('ref_axis',(1.,0.,0.));
#11120=DIRECTION('',(0.,0.,1.));
#11121=DIRECTION('',(0.,0.,1.));
#11122=DIRECTION('center_axis',(1.,0.,0.));
#11123=DIRECTION('ref_axis',(0.,1.,0.));
#11124=DIRECTION('',(0.,0.,1.));
#11125=DIRECTION('center_axis',(0.,1.,0.));
#11126=DIRECTION('ref_axis',(-1.,0.,0.));
#11127=DIRECTION('',(0.,0.,1.));
#11128=DIRECTION('center_axis',(-1.,0.,0.));
#11129=DIRECTION('ref_axis',(0.,-1.,0.));
#11130=DIRECTION('center_axis',(0.,-1.,0.));
#11131=DIRECTION('ref_axis',(1.,0.,0.));
#11132=DIRECTION('',(0.,0.,1.));
#11133=DIRECTION('',(0.,0.,1.));
#11134=DIRECTION('center_axis',(1.,0.,0.));
#11135=DIRECTION('ref_axis',(0.,1.,0.));
#11136=DIRECTION('',(0.,0.,1.));
#11137=DIRECTION('center_axis',(0.,1.,0.));
#11138=DIRECTION('ref_axis',(-1.,0.,0.));
#11139=DIRECTION('',(0.,0.,1.));
#11140=DIRECTION('center_axis',(-1.,0.,0.));
#11141=DIRECTION('ref_axis',(0.,-1.,0.));
#11142=DIRECTION('center_axis',(0.,0.,1.));
#11143=DIRECTION('ref_axis',(-1.,0.,0.));
#11144=DIRECTION('',(0.,0.,-1.));
#11145=DIRECTION('center_axis',(0.,-1.,0.));
#11146=DIRECTION('ref_axis',(1.,0.,0.));
#11147=DIRECTION('',(0.,0.,1.));
#11148=DIRECTION('',(0.,0.,1.));
#11149=DIRECTION('center_axis',(1.,0.,0.));
#11150=DIRECTION('ref_axis',(0.,1.,0.));
#11151=DIRECTION('',(0.,0.,1.));
#11152=DIRECTION('center_axis',(0.,1.,0.));
#11153=DIRECTION('ref_axis',(-1.,0.,0.));
#11154=DIRECTION('',(0.,0.,1.));
#11155=DIRECTION('center_axis',(-1.,0.,0.));
#11156=DIRECTION('ref_axis',(0.,-1.,0.));
#11157=DIRECTION('center_axis',(0.,-1.,0.));
#11158=DIRECTION('ref_axis',(1.,0.,0.));
#11159=DIRECTION('',(0.,0.,1.));
#11160=DIRECTION('',(0.,0.,1.));
#11161=DIRECTION('center_axis',(1.,0.,0.));
#11162=DIRECTION('ref_axis',(0.,1.,0.));
#11163=DIRECTION('',(0.,0.,1.));
#11164=DIRECTION('center_axis',(0.,1.,0.));
#11165=DIRECTION('ref_axis',(-1.,0.,0.));
#11166=DIRECTION('',(0.,0.,1.));
#11167=DIRECTION('center_axis',(-1.,0.,0.));
#11168=DIRECTION('ref_axis',(0.,-1.,0.));
#11169=DIRECTION('center_axis',(0.,-1.,0.));
#11170=DIRECTION('ref_axis',(1.,0.,0.));
#11171=DIRECTION('',(0.,0.,1.));
#11172=DIRECTION('',(0.,0.,1.));
#11173=DIRECTION('center_axis',(1.,0.,0.));
#11174=DIRECTION('ref_axis',(0.,1.,0.));
#11175=DIRECTION('',(0.,0.,1.));
#11176=DIRECTION('center_axis',(0.,1.,0.));
#11177=DIRECTION('ref_axis',(-1.,0.,0.));
#11178=DIRECTION('',(0.,0.,1.));
#11179=DIRECTION('center_axis',(-1.,0.,0.));
#11180=DIRECTION('ref_axis',(0.,-1.,0.));
#11181=DIRECTION('center_axis',(0.,-1.,0.));
#11182=DIRECTION('ref_axis',(1.,0.,0.));
#11183=DIRECTION('',(0.,0.,1.));
#11184=DIRECTION('',(0.,0.,1.));
#11185=DIRECTION('center_axis',(1.,0.,0.));
#11186=DIRECTION('ref_axis',(0.,1.,0.));
#11187=DIRECTION('',(0.,0.,1.));
#11188=DIRECTION('center_axis',(0.,1.,0.));
#11189=DIRECTION('ref_axis',(-1.,0.,0.));
#11190=DIRECTION('',(0.,0.,1.));
#11191=DIRECTION('center_axis',(-1.,0.,0.));
#11192=DIRECTION('ref_axis',(0.,-1.,0.));
#11193=DIRECTION('center_axis',(0.,-1.,0.));
#11194=DIRECTION('ref_axis',(1.,0.,0.));
#11195=DIRECTION('',(0.,0.,1.));
#11196=DIRECTION('',(0.,0.,1.));
#11197=DIRECTION('center_axis',(1.,0.,0.));
#11198=DIRECTION('ref_axis',(0.,1.,0.));
#11199=DIRECTION('',(0.,0.,1.));
#11200=DIRECTION('center_axis',(0.,1.,0.));
#11201=DIRECTION('ref_axis',(-1.,0.,0.));
#11202=DIRECTION('',(0.,0.,1.));
#11203=DIRECTION('center_axis',(-1.,0.,0.));
#11204=DIRECTION('ref_axis',(0.,-1.,0.));
#11205=DIRECTION('center_axis',(0.,0.,1.));
#11206=DIRECTION('ref_axis',(-1.,0.,0.));
#11207=DIRECTION('',(0.,0.,-1.));
#11208=DIRECTION('center_axis',(0.,-1.,0.));
#11209=DIRECTION('ref_axis',(1.,0.,0.));
#11210=DIRECTION('',(0.,0.,1.));
#11211=DIRECTION('',(0.,0.,1.));
#11212=DIRECTION('center_axis',(1.,0.,0.));
#11213=DIRECTION('ref_axis',(0.,1.,0.));
#11214=DIRECTION('',(0.,0.,1.));
#11215=DIRECTION('center_axis',(0.,1.,0.));
#11216=DIRECTION('ref_axis',(-1.,0.,0.));
#11217=DIRECTION('',(0.,0.,1.));
#11218=DIRECTION('center_axis',(-1.,0.,0.));
#11219=DIRECTION('ref_axis',(0.,-1.,0.));
#11220=DIRECTION('center_axis',(0.,-1.,0.));
#11221=DIRECTION('ref_axis',(1.,0.,0.));
#11222=DIRECTION('',(0.,0.,1.));
#11223=DIRECTION('',(0.,0.,1.));
#11224=DIRECTION('center_axis',(1.,0.,0.));
#11225=DIRECTION('ref_axis',(0.,1.,0.));
#11226=DIRECTION('',(0.,0.,1.));
#11227=DIRECTION('center_axis',(0.,1.,0.));
#11228=DIRECTION('ref_axis',(-1.,0.,0.));
#11229=DIRECTION('',(0.,0.,1.));
#11230=DIRECTION('center_axis',(-1.,0.,0.));
#11231=DIRECTION('ref_axis',(0.,-1.,0.));
#11232=DIRECTION('center_axis',(0.,-1.,0.));
#11233=DIRECTION('ref_axis',(1.,0.,0.));
#11234=DIRECTION('',(0.,0.,1.));
#11235=DIRECTION('',(0.,0.,1.));
#11236=DIRECTION('center_axis',(1.,0.,0.));
#11237=DIRECTION('ref_axis',(0.,1.,0.));
#11238=DIRECTION('',(0.,0.,1.));
#11239=DIRECTION('center_axis',(0.,1.,0.));
#11240=DIRECTION('ref_axis',(-1.,0.,0.));
#11241=DIRECTION('',(0.,0.,1.));
#11242=DIRECTION('center_axis',(-1.,0.,0.));
#11243=DIRECTION('ref_axis',(0.,-1.,0.));
#11244=DIRECTION('center_axis',(0.,-1.,0.));
#11245=DIRECTION('ref_axis',(1.,0.,0.));
#11246=DIRECTION('',(0.,0.,1.));
#11247=DIRECTION('',(0.,0.,1.));
#11248=DIRECTION('center_axis',(1.,0.,0.));
#11249=DIRECTION('ref_axis',(0.,1.,0.));
#11250=DIRECTION('',(0.,0.,1.));
#11251=DIRECTION('center_axis',(0.,1.,0.));
#11252=DIRECTION('ref_axis',(-1.,0.,0.));
#11253=DIRECTION('',(0.,0.,1.));
#11254=DIRECTION('center_axis',(-1.,0.,0.));
#11255=DIRECTION('ref_axis',(0.,-1.,0.));
#11256=DIRECTION('center_axis',(0.,0.,1.));
#11257=DIRECTION('ref_axis',(-1.,0.,0.));
#11258=DIRECTION('',(0.,0.,-1.));
#11259=DIRECTION('center_axis',(0.,-1.,0.));
#11260=DIRECTION('ref_axis',(1.,0.,0.));
#11261=DIRECTION('',(0.,0.,1.));
#11262=DIRECTION('',(0.,0.,1.));
#11263=DIRECTION('center_axis',(1.,0.,0.));
#11264=DIRECTION('ref_axis',(0.,1.,0.));
#11265=DIRECTION('',(0.,0.,1.));
#11266=DIRECTION('center_axis',(0.,1.,0.));
#11267=DIRECTION('ref_axis',(-1.,0.,0.));
#11268=DIRECTION('',(0.,0.,1.));
#11269=DIRECTION('center_axis',(-1.,0.,0.));
#11270=DIRECTION('ref_axis',(0.,-1.,0.));
#11271=DIRECTION('center_axis',(0.,0.,1.));
#11272=DIRECTION('ref_axis',(-1.,0.,0.));
#11273=DIRECTION('',(0.,0.,-1.));
#11274=DIRECTION('center_axis',(0.,-1.,0.));
#11275=DIRECTION('ref_axis',(1.,0.,0.));
#11276=DIRECTION('',(0.,0.,1.));
#11277=DIRECTION('',(0.,0.,1.));
#11278=DIRECTION('center_axis',(1.,0.,0.));
#11279=DIRECTION('ref_axis',(0.,1.,0.));
#11280=DIRECTION('',(0.,0.,1.));
#11281=DIRECTION('center_axis',(0.,1.,0.));
#11282=DIRECTION('ref_axis',(-1.,0.,0.));
#11283=DIRECTION('',(0.,0.,1.));
#11284=DIRECTION('center_axis',(-1.,0.,0.));
#11285=DIRECTION('ref_axis',(0.,-1.,0.));
#11286=DIRECTION('center_axis',(0.,0.,1.));
#11287=DIRECTION('ref_axis',(-1.,0.,0.));
#11288=DIRECTION('',(0.,0.,-1.));
#11289=DIRECTION('center_axis',(0.,-1.,0.));
#11290=DIRECTION('ref_axis',(1.,0.,0.));
#11291=DIRECTION('',(0.,0.,1.));
#11292=DIRECTION('',(0.,0.,1.));
#11293=DIRECTION('center_axis',(1.,0.,0.));
#11294=DIRECTION('ref_axis',(0.,1.,0.));
#11295=DIRECTION('',(0.,0.,1.));
#11296=DIRECTION('center_axis',(0.,1.,0.));
#11297=DIRECTION('ref_axis',(-1.,0.,0.));
#11298=DIRECTION('',(0.,0.,1.));
#11299=DIRECTION('center_axis',(-1.,0.,0.));
#11300=DIRECTION('ref_axis',(0.,-1.,0.));
#11301=DIRECTION('center_axis',(0.,-1.,0.));
#11302=DIRECTION('ref_axis',(1.,0.,0.));
#11303=DIRECTION('',(0.,0.,1.));
#11304=DIRECTION('',(0.,0.,1.));
#11305=DIRECTION('center_axis',(1.,0.,0.));
#11306=DIRECTION('ref_axis',(0.,1.,0.));
#11307=DIRECTION('',(0.,0.,1.));
#11308=DIRECTION('center_axis',(0.,1.,0.));
#11309=DIRECTION('ref_axis',(-1.,0.,0.));
#11310=DIRECTION('',(0.,0.,1.));
#11311=DIRECTION('center_axis',(-1.,0.,0.));
#11312=DIRECTION('ref_axis',(0.,-1.,0.));
#11313=DIRECTION('center_axis',(0.,-1.,0.));
#11314=DIRECTION('ref_axis',(1.,0.,0.));
#11315=DIRECTION('',(0.,0.,1.));
#11316=DIRECTION('',(0.,0.,1.));
#11317=DIRECTION('center_axis',(1.,0.,0.));
#11318=DIRECTION('ref_axis',(0.,1.,0.));
#11319=DIRECTION('',(0.,0.,1.));
#11320=DIRECTION('center_axis',(0.,1.,0.));
#11321=DIRECTION('ref_axis',(-1.,0.,0.));
#11322=DIRECTION('',(0.,0.,1.));
#11323=DIRECTION('center_axis',(-1.,0.,0.));
#11324=DIRECTION('ref_axis',(0.,-1.,0.));
#11325=DIRECTION('center_axis',(0.,0.,1.));
#11326=DIRECTION('ref_axis',(-1.,0.,0.));
#11327=DIRECTION('',(0.,0.,-1.));
#11328=DIRECTION('center_axis',(0.,-1.,0.));
#11329=DIRECTION('ref_axis',(1.,0.,0.));
#11330=DIRECTION('',(0.,0.,1.));
#11331=DIRECTION('',(0.,0.,1.));
#11332=DIRECTION('center_axis',(1.,0.,0.));
#11333=DIRECTION('ref_axis',(0.,1.,0.));
#11334=DIRECTION('',(0.,0.,1.));
#11335=DIRECTION('center_axis',(0.,1.,0.));
#11336=DIRECTION('ref_axis',(-1.,0.,0.));
#11337=DIRECTION('',(0.,0.,1.));
#11338=DIRECTION('center_axis',(-1.,0.,0.));
#11339=DIRECTION('ref_axis',(0.,-1.,0.));
#11340=DIRECTION('center_axis',(0.,-1.,0.));
#11341=DIRECTION('ref_axis',(1.,0.,0.));
#11342=DIRECTION('',(0.,0.,1.));
#11343=DIRECTION('',(0.,0.,1.));
#11344=DIRECTION('center_axis',(1.,0.,0.));
#11345=DIRECTION('ref_axis',(0.,1.,0.));
#11346=DIRECTION('',(0.,0.,1.));
#11347=DIRECTION('center_axis',(0.,1.,0.));
#11348=DIRECTION('ref_axis',(-1.,0.,0.));
#11349=DIRECTION('',(0.,0.,1.));
#11350=DIRECTION('center_axis',(-1.,0.,0.));
#11351=DIRECTION('ref_axis',(0.,-1.,0.));
#11352=DIRECTION('center_axis',(0.,0.,1.));
#11353=DIRECTION('ref_axis',(-1.,0.,0.));
#11354=DIRECTION('',(0.,0.,-1.));
#11355=DIRECTION('center_axis',(0.,-1.,0.));
#11356=DIRECTION('ref_axis',(1.,0.,0.));
#11357=DIRECTION('',(0.,0.,1.));
#11358=DIRECTION('',(0.,0.,1.));
#11359=DIRECTION('center_axis',(1.,0.,0.));
#11360=DIRECTION('ref_axis',(0.,1.,0.));
#11361=DIRECTION('',(0.,0.,1.));
#11362=DIRECTION('center_axis',(0.,1.,0.));
#11363=DIRECTION('ref_axis',(-1.,0.,0.));
#11364=DIRECTION('',(0.,0.,1.));
#11365=DIRECTION('center_axis',(-1.,0.,0.));
#11366=DIRECTION('ref_axis',(0.,-1.,0.));
#11367=DIRECTION('center_axis',(0.,-1.,0.));
#11368=DIRECTION('ref_axis',(1.,0.,0.));
#11369=DIRECTION('',(0.,0.,1.));
#11370=DIRECTION('',(0.,0.,1.));
#11371=DIRECTION('center_axis',(1.,0.,0.));
#11372=DIRECTION('ref_axis',(0.,1.,0.));
#11373=DIRECTION('',(0.,0.,1.));
#11374=DIRECTION('center_axis',(0.,1.,0.));
#11375=DIRECTION('ref_axis',(-1.,0.,0.));
#11376=DIRECTION('',(0.,0.,1.));
#11377=DIRECTION('center_axis',(-1.,0.,0.));
#11378=DIRECTION('ref_axis',(0.,-1.,0.));
#11379=DIRECTION('center_axis',(2.5019110414088E-15,-1.,0.));
#11380=DIRECTION('ref_axis',(1.,2.5019110414088E-15,0.));
#11381=DIRECTION('',(0.,0.,1.));
#11382=DIRECTION('',(0.,0.,1.));
#11383=DIRECTION('center_axis',(1.,1.2509555207044E-15,0.));
#11384=DIRECTION('ref_axis',(-1.2509555207044E-15,1.,0.));
#11385=DIRECTION('',(0.,0.,1.));
#11386=DIRECTION('center_axis',(0.,1.,0.));
#11387=DIRECTION('ref_axis',(-1.,0.,0.));
#11388=DIRECTION('',(0.,0.,1.));
#11389=DIRECTION('center_axis',(-1.,0.,0.));
#11390=DIRECTION('ref_axis',(0.,-1.,0.));
#11391=DIRECTION('center_axis',(2.50191104140881E-15,-1.,0.));
#11392=DIRECTION('ref_axis',(1.,2.50191104140881E-15,0.));
#11393=DIRECTION('',(0.,0.,1.));
#11394=DIRECTION('',(0.,0.,1.));
#11395=DIRECTION('center_axis',(1.,1.2509555207044E-15,0.));
#11396=DIRECTION('ref_axis',(-1.2509555207044E-15,1.,0.));
#11397=DIRECTION('',(0.,0.,1.));
#11398=DIRECTION('center_axis',(0.,1.,0.));
#11399=DIRECTION('ref_axis',(-1.,0.,0.));
#11400=DIRECTION('',(0.,0.,1.));
#11401=DIRECTION('center_axis',(-1.,0.,0.));
#11402=DIRECTION('ref_axis',(0.,-1.,0.));
#11403=DIRECTION('center_axis',(2.5019110414088E-15,-1.,0.));
#11404=DIRECTION('ref_axis',(1.,2.5019110414088E-15,0.));
#11405=DIRECTION('',(0.,0.,1.));
#11406=DIRECTION('',(0.,0.,1.));
#11407=DIRECTION('center_axis',(1.,1.2509555207044E-15,0.));
#11408=DIRECTION('ref_axis',(-1.2509555207044E-15,1.,0.));
#11409=DIRECTION('',(0.,0.,1.));
#11410=DIRECTION('center_axis',(0.,1.,0.));
#11411=DIRECTION('ref_axis',(-1.,0.,0.));
#11412=DIRECTION('',(0.,0.,1.));
#11413=DIRECTION('center_axis',(-1.,0.,0.));
#11414=DIRECTION('ref_axis',(0.,-1.,0.));
#11415=DIRECTION('center_axis',(2.5019110414088E-15,-1.,0.));
#11416=DIRECTION('ref_axis',(1.,2.5019110414088E-15,0.));
#11417=DIRECTION('',(0.,0.,1.));
#11418=DIRECTION('',(0.,0.,1.));
#11419=DIRECTION('center_axis',(1.,1.2509555207044E-15,0.));
#11420=DIRECTION('ref_axis',(-1.2509555207044E-15,1.,0.));
#11421=DIRECTION('',(0.,0.,1.));
#11422=DIRECTION('center_axis',(0.,1.,0.));
#11423=DIRECTION('ref_axis',(-1.,0.,0.));
#11424=DIRECTION('',(0.,0.,1.));
#11425=DIRECTION('center_axis',(-1.,0.,0.));
#11426=DIRECTION('ref_axis',(0.,-1.,0.));
#11427=DIRECTION('center_axis',(2.5019110414088E-15,-1.,0.));
#11428=DIRECTION('ref_axis',(1.,2.5019110414088E-15,0.));
#11429=DIRECTION('',(0.,0.,1.));
#11430=DIRECTION('',(0.,0.,1.));
#11431=DIRECTION('center_axis',(1.,1.2509555207044E-15,0.));
#11432=DIRECTION('ref_axis',(-1.2509555207044E-15,1.,0.));
#11433=DIRECTION('',(0.,0.,1.));
#11434=DIRECTION('center_axis',(0.,1.,0.));
#11435=DIRECTION('ref_axis',(-1.,0.,0.));
#11436=DIRECTION('',(0.,0.,1.));
#11437=DIRECTION('center_axis',(-1.,0.,0.));
#11438=DIRECTION('ref_axis',(0.,-1.,0.));
#11439=DIRECTION('center_axis',(2.5019110414088E-15,-1.,0.));
#11440=DIRECTION('ref_axis',(1.,2.5019110414088E-15,0.));
#11441=DIRECTION('',(0.,0.,1.));
#11442=DIRECTION('',(0.,0.,1.));
#11443=DIRECTION('center_axis',(1.,1.2509555207044E-15,0.));
#11444=DIRECTION('ref_axis',(-1.2509555207044E-15,1.,0.));
#11445=DIRECTION('',(0.,0.,1.));
#11446=DIRECTION('center_axis',(0.,1.,0.));
#11447=DIRECTION('ref_axis',(-1.,0.,0.));
#11448=DIRECTION('',(0.,0.,1.));
#11449=DIRECTION('center_axis',(-1.,0.,0.));
#11450=DIRECTION('ref_axis',(0.,-1.,0.));
#11451=DIRECTION('center_axis',(2.50191104140881E-15,-1.,0.));
#11452=DIRECTION('ref_axis',(1.,2.50191104140881E-15,0.));
#11453=DIRECTION('',(0.,0.,1.));
#11454=DIRECTION('',(0.,0.,1.));
#11455=DIRECTION('center_axis',(1.,1.2509555207044E-15,0.));
#11456=DIRECTION('ref_axis',(-1.2509555207044E-15,1.,0.));
#11457=DIRECTION('',(0.,0.,1.));
#11458=DIRECTION('center_axis',(0.,1.,0.));
#11459=DIRECTION('ref_axis',(-1.,0.,0.));
#11460=DIRECTION('',(0.,0.,1.));
#11461=DIRECTION('center_axis',(-1.,0.,0.));
#11462=DIRECTION('ref_axis',(0.,-1.,0.));
#11463=DIRECTION('center_axis',(2.50191104140881E-15,-1.,0.));
#11464=DIRECTION('ref_axis',(1.,2.50191104140881E-15,0.));
#11465=DIRECTION('',(0.,0.,1.));
#11466=DIRECTION('',(0.,0.,1.));
#11467=DIRECTION('center_axis',(1.,1.2509555207044E-15,0.));
#11468=DIRECTION('ref_axis',(-1.2509555207044E-15,1.,0.));
#11469=DIRECTION('',(0.,0.,1.));
#11470=DIRECTION('center_axis',(0.,1.,0.));
#11471=DIRECTION('ref_axis',(-1.,0.,0.));
#11472=DIRECTION('',(0.,0.,1.));
#11473=DIRECTION('center_axis',(-1.,0.,0.));
#11474=DIRECTION('ref_axis',(0.,-1.,0.));
#11475=DIRECTION('center_axis',(2.5019110414088E-15,-1.,0.));
#11476=DIRECTION('ref_axis',(1.,2.5019110414088E-15,0.));
#11477=DIRECTION('',(0.,0.,1.));
#11478=DIRECTION('',(0.,0.,1.));
#11479=DIRECTION('center_axis',(1.,1.2509555207044E-15,0.));
#11480=DIRECTION('ref_axis',(-1.2509555207044E-15,1.,0.));
#11481=DIRECTION('',(0.,0.,1.));
#11482=DIRECTION('center_axis',(0.,1.,0.));
#11483=DIRECTION('ref_axis',(-1.,0.,0.));
#11484=DIRECTION('',(0.,0.,1.));
#11485=DIRECTION('center_axis',(-1.,0.,0.));
#11486=DIRECTION('ref_axis',(0.,-1.,0.));
#11487=DIRECTION('center_axis',(2.50191104140881E-15,-1.,0.));
#11488=DIRECTION('ref_axis',(1.,2.50191104140881E-15,0.));
#11489=DIRECTION('',(0.,0.,1.));
#11490=DIRECTION('',(0.,0.,1.));
#11491=DIRECTION('center_axis',(1.,1.2509555207044E-15,0.));
#11492=DIRECTION('ref_axis',(-1.2509555207044E-15,1.,0.));
#11493=DIRECTION('',(0.,0.,1.));
#11494=DIRECTION('center_axis',(0.,1.,0.));
#11495=DIRECTION('ref_axis',(-1.,0.,0.));
#11496=DIRECTION('',(0.,0.,1.));
#11497=DIRECTION('center_axis',(-1.,0.,0.));
#11498=DIRECTION('ref_axis',(0.,-1.,0.));
#11499=DIRECTION('center_axis',(2.5019110414088E-15,-1.,0.));
#11500=DIRECTION('ref_axis',(1.,2.5019110414088E-15,0.));
#11501=DIRECTION('',(0.,0.,1.));
#11502=DIRECTION('',(0.,0.,1.));
#11503=DIRECTION('center_axis',(1.,1.2509555207044E-15,0.));
#11504=DIRECTION('ref_axis',(-1.2509555207044E-15,1.,0.));
#11505=DIRECTION('',(0.,0.,1.));
#11506=DIRECTION('center_axis',(0.,1.,0.));
#11507=DIRECTION('ref_axis',(-1.,0.,0.));
#11508=DIRECTION('',(0.,0.,1.));
#11509=DIRECTION('center_axis',(-1.,0.,0.));
#11510=DIRECTION('ref_axis',(0.,-1.,0.));
#11511=DIRECTION('center_axis',(1.,1.2509555207044E-15,0.));
#11512=DIRECTION('ref_axis',(-1.2509555207044E-15,1.,0.));
#11513=DIRECTION('',(0.,0.,1.));
#11514=DIRECTION('',(0.,0.,1.));
#11515=DIRECTION('center_axis',(0.,1.,0.));
#11516=DIRECTION('ref_axis',(-1.,0.,0.));
#11517=DIRECTION('',(0.,0.,1.));
#11518=DIRECTION('center_axis',(-1.,0.,0.));
#11519=DIRECTION('ref_axis',(0.,-1.,0.));
#11520=DIRECTION('',(0.,0.,1.));
#11521=DIRECTION('center_axis',(2.5019110414088E-15,-1.,0.));
#11522=DIRECTION('ref_axis',(1.,2.5019110414088E-15,0.));
#11523=DIRECTION('center_axis',(1.,0.,0.));
#11524=DIRECTION('ref_axis',(0.,1.,0.));
#11525=DIRECTION('',(0.,0.,1.));
#11526=DIRECTION('',(0.,0.,1.));
#11527=DIRECTION('center_axis',(0.,1.,0.));
#11528=DIRECTION('ref_axis',(-1.,0.,0.));
#11529=DIRECTION('',(0.,0.,1.));
#11530=DIRECTION('center_axis',(-1.,0.,0.));
#11531=DIRECTION('ref_axis',(0.,-1.,0.));
#11532=DIRECTION('',(0.,0.,1.));
#11533=DIRECTION('center_axis',(0.,-1.,0.));
#11534=DIRECTION('ref_axis',(1.,0.,0.));
#11535=DIRECTION('center_axis',(0.,-1.,0.));
#11536=DIRECTION('ref_axis',(1.,0.,0.));
#11537=DIRECTION('',(0.,0.,1.));
#11538=DIRECTION('',(0.,0.,1.));
#11539=DIRECTION('center_axis',(1.,0.,0.));
#11540=DIRECTION('ref_axis',(0.,1.,0.));
#11541=DIRECTION('',(0.,0.,1.));
#11542=DIRECTION('center_axis',(0.,1.,0.));
#11543=DIRECTION('ref_axis',(-1.,0.,0.));
#11544=DIRECTION('',(0.,0.,1.));
#11545=DIRECTION('center_axis',(-1.,0.,0.));
#11546=DIRECTION('ref_axis',(0.,-1.,0.));
#11547=DIRECTION('center_axis',(2.5019110414088E-15,-1.,0.));
#11548=DIRECTION('ref_axis',(1.,2.5019110414088E-15,0.));
#11549=DIRECTION('',(0.,0.,1.));
#11550=DIRECTION('',(0.,0.,1.));
#11551=DIRECTION('center_axis',(1.,1.2509555207044E-15,0.));
#11552=DIRECTION('ref_axis',(-1.2509555207044E-15,1.,0.));
#11553=DIRECTION('',(0.,0.,1.));
#11554=DIRECTION('center_axis',(0.,1.,0.));
#11555=DIRECTION('ref_axis',(-1.,0.,0.));
#11556=DIRECTION('',(0.,0.,1.));
#11557=DIRECTION('center_axis',(-1.,0.,0.));
#11558=DIRECTION('ref_axis',(0.,-1.,0.));
#11559=DIRECTION('center_axis',(2.5019110414088E-15,-1.,0.));
#11560=DIRECTION('ref_axis',(1.,2.5019110414088E-15,0.));
#11561=DIRECTION('',(0.,0.,1.));
#11562=DIRECTION('',(0.,0.,1.));
#11563=DIRECTION('center_axis',(1.,1.2509555207044E-15,0.));
#11564=DIRECTION('ref_axis',(-1.2509555207044E-15,1.,0.));
#11565=DIRECTION('',(0.,0.,1.));
#11566=DIRECTION('center_axis',(0.,1.,0.));
#11567=DIRECTION('ref_axis',(-1.,0.,0.));
#11568=DIRECTION('',(0.,0.,1.));
#11569=DIRECTION('center_axis',(-1.,0.,0.));
#11570=DIRECTION('ref_axis',(0.,-1.,0.));
#11571=DIRECTION('center_axis',(2.5019110414088E-15,-1.,0.));
#11572=DIRECTION('ref_axis',(1.,2.5019110414088E-15,0.));
#11573=DIRECTION('',(0.,0.,1.));
#11574=DIRECTION('',(0.,0.,1.));
#11575=DIRECTION('center_axis',(1.,1.2509555207044E-15,0.));
#11576=DIRECTION('ref_axis',(-1.2509555207044E-15,1.,0.));
#11577=DIRECTION('',(0.,0.,1.));
#11578=DIRECTION('center_axis',(0.,1.,0.));
#11579=DIRECTION('ref_axis',(-1.,0.,0.));
#11580=DIRECTION('',(0.,0.,1.));
#11581=DIRECTION('center_axis',(-1.,0.,0.));
#11582=DIRECTION('ref_axis',(0.,-1.,0.));
#11583=DIRECTION('center_axis',(0.,-1.,0.));
#11584=DIRECTION('ref_axis',(1.,0.,0.));
#11585=DIRECTION('',(0.,0.,1.));
#11586=DIRECTION('',(0.,0.,1.));
#11587=DIRECTION('center_axis',(1.,0.,0.));
#11588=DIRECTION('ref_axis',(0.,1.,0.));
#11589=DIRECTION('',(0.,0.,1.));
#11590=DIRECTION('center_axis',(0.,1.,0.));
#11591=DIRECTION('ref_axis',(-1.,0.,0.));
#11592=DIRECTION('',(0.,0.,1.));
#11593=DIRECTION('center_axis',(-1.,0.,0.));
#11594=DIRECTION('ref_axis',(0.,-1.,0.));
#11595=DIRECTION('center_axis',(2.5019110414088E-15,-1.,0.));
#11596=DIRECTION('ref_axis',(1.,2.5019110414088E-15,0.));
#11597=DIRECTION('',(0.,0.,1.));
#11598=DIRECTION('',(0.,0.,1.));
#11599=DIRECTION('center_axis',(1.,1.2509555207044E-15,0.));
#11600=DIRECTION('ref_axis',(-1.2509555207044E-15,1.,0.));
#11601=DIRECTION('',(0.,0.,1.));
#11602=DIRECTION('center_axis',(0.,1.,0.));
#11603=DIRECTION('ref_axis',(-1.,0.,0.));
#11604=DIRECTION('',(0.,0.,1.));
#11605=DIRECTION('center_axis',(-1.,0.,0.));
#11606=DIRECTION('ref_axis',(0.,-1.,0.));
#11607=DIRECTION('center_axis',(2.5019110414088E-15,-1.,0.));
#11608=DIRECTION('ref_axis',(1.,2.5019110414088E-15,0.));
#11609=DIRECTION('',(0.,0.,1.));
#11610=DIRECTION('',(0.,0.,1.));
#11611=DIRECTION('center_axis',(1.,1.2509555207044E-15,0.));
#11612=DIRECTION('ref_axis',(-1.2509555207044E-15,1.,0.));
#11613=DIRECTION('',(0.,0.,1.));
#11614=DIRECTION('center_axis',(0.,1.,0.));
#11615=DIRECTION('ref_axis',(-1.,0.,0.));
#11616=DIRECTION('',(0.,0.,1.));
#11617=DIRECTION('center_axis',(-1.,0.,0.));
#11618=DIRECTION('ref_axis',(0.,-1.,0.));
#11619=DIRECTION('center_axis',(2.5019110414088E-15,-1.,0.));
#11620=DIRECTION('ref_axis',(1.,2.5019110414088E-15,0.));
#11621=DIRECTION('',(0.,0.,1.));
#11622=DIRECTION('',(0.,0.,1.));
#11623=DIRECTION('center_axis',(1.,1.2509555207044E-15,0.));
#11624=DIRECTION('ref_axis',(-1.2509555207044E-15,1.,0.));
#11625=DIRECTION('',(0.,0.,1.));
#11626=DIRECTION('center_axis',(0.,1.,0.));
#11627=DIRECTION('ref_axis',(-1.,0.,0.));
#11628=DIRECTION('',(0.,0.,1.));
#11629=DIRECTION('center_axis',(-1.,0.,0.));
#11630=DIRECTION('ref_axis',(0.,-1.,0.));
#11631=DIRECTION('center_axis',(2.50191104140881E-15,-1.,0.));
#11632=DIRECTION('ref_axis',(1.,2.50191104140881E-15,0.));
#11633=DIRECTION('',(0.,0.,1.));
#11634=DIRECTION('',(0.,0.,1.));
#11635=DIRECTION('center_axis',(1.,1.2509555207044E-15,0.));
#11636=DIRECTION('ref_axis',(-1.2509555207044E-15,1.,0.));
#11637=DIRECTION('',(0.,0.,1.));
#11638=DIRECTION('center_axis',(0.,1.,0.));
#11639=DIRECTION('ref_axis',(-1.,0.,0.));
#11640=DIRECTION('',(0.,0.,1.));
#11641=DIRECTION('center_axis',(-1.,0.,0.));
#11642=DIRECTION('ref_axis',(0.,-1.,0.));
#11643=DIRECTION('center_axis',(2.5019110414088E-15,-1.,0.));
#11644=DIRECTION('ref_axis',(1.,2.5019110414088E-15,0.));
#11645=DIRECTION('',(0.,0.,1.));
#11646=DIRECTION('',(0.,0.,1.));
#11647=DIRECTION('center_axis',(1.,1.2509555207044E-15,0.));
#11648=DIRECTION('ref_axis',(-1.2509555207044E-15,1.,0.));
#11649=DIRECTION('',(0.,0.,1.));
#11650=DIRECTION('center_axis',(0.,1.,0.));
#11651=DIRECTION('ref_axis',(-1.,0.,0.));
#11652=DIRECTION('',(0.,0.,1.));
#11653=DIRECTION('center_axis',(-1.,0.,0.));
#11654=DIRECTION('ref_axis',(0.,-1.,0.));
#11655=DIRECTION('center_axis',(2.5019110414088E-15,-1.,0.));
#11656=DIRECTION('ref_axis',(1.,2.5019110414088E-15,0.));
#11657=DIRECTION('',(0.,0.,1.));
#11658=DIRECTION('',(0.,0.,1.));
#11659=DIRECTION('center_axis',(1.,1.2509555207044E-15,0.));
#11660=DIRECTION('ref_axis',(-1.2509555207044E-15,1.,0.));
#11661=DIRECTION('',(0.,0.,1.));
#11662=DIRECTION('center_axis',(0.,1.,0.));
#11663=DIRECTION('ref_axis',(-1.,0.,0.));
#11664=DIRECTION('',(0.,0.,1.));
#11665=DIRECTION('center_axis',(-1.,0.,0.));
#11666=DIRECTION('ref_axis',(0.,-1.,0.));
#11667=DIRECTION('center_axis',(0.,-1.,0.));
#11668=DIRECTION('ref_axis',(1.,0.,0.));
#11669=DIRECTION('',(0.,0.,1.));
#11670=DIRECTION('',(0.,0.,1.));
#11671=DIRECTION('center_axis',(1.,0.,0.));
#11672=DIRECTION('ref_axis',(0.,1.,0.));
#11673=DIRECTION('',(0.,0.,1.));
#11674=DIRECTION('center_axis',(0.,1.,0.));
#11675=DIRECTION('ref_axis',(-1.,0.,0.));
#11676=DIRECTION('',(0.,0.,1.));
#11677=DIRECTION('center_axis',(-1.,0.,0.));
#11678=DIRECTION('ref_axis',(0.,-1.,0.));
#11679=DIRECTION('center_axis',(2.5019110414088E-15,-1.,0.));
#11680=DIRECTION('ref_axis',(1.,2.5019110414088E-15,0.));
#11681=DIRECTION('',(0.,0.,1.));
#11682=DIRECTION('',(0.,0.,1.));
#11683=DIRECTION('center_axis',(1.,1.2509555207044E-15,0.));
#11684=DIRECTION('ref_axis',(-1.2509555207044E-15,1.,0.));
#11685=DIRECTION('',(0.,0.,1.));
#11686=DIRECTION('center_axis',(0.,1.,0.));
#11687=DIRECTION('ref_axis',(-1.,0.,0.));
#11688=DIRECTION('',(0.,0.,1.));
#11689=DIRECTION('center_axis',(-1.,0.,0.));
#11690=DIRECTION('ref_axis',(0.,-1.,0.));
#11691=DIRECTION('center_axis',(2.5019110414088E-15,-1.,0.));
#11692=DIRECTION('ref_axis',(1.,2.5019110414088E-15,0.));
#11693=DIRECTION('',(0.,0.,1.));
#11694=DIRECTION('',(0.,0.,1.));
#11695=DIRECTION('center_axis',(1.,1.2509555207044E-15,0.));
#11696=DIRECTION('ref_axis',(-1.2509555207044E-15,1.,0.));
#11697=DIRECTION('',(0.,0.,1.));
#11698=DIRECTION('center_axis',(0.,1.,0.));
#11699=DIRECTION('ref_axis',(-1.,0.,0.));
#11700=DIRECTION('',(0.,0.,1.));
#11701=DIRECTION('center_axis',(-1.,0.,0.));
#11702=DIRECTION('ref_axis',(0.,-1.,0.));
#11703=DIRECTION('center_axis',(2.5019110414088E-15,-1.,0.));
#11704=DIRECTION('ref_axis',(1.,2.5019110414088E-15,0.));
#11705=DIRECTION('',(0.,0.,1.));
#11706=DIRECTION('',(0.,0.,1.));
#11707=DIRECTION('center_axis',(1.,1.2509555207044E-15,0.));
#11708=DIRECTION('ref_axis',(-1.2509555207044E-15,1.,0.));
#11709=DIRECTION('',(0.,0.,1.));
#11710=DIRECTION('center_axis',(0.,1.,0.));
#11711=DIRECTION('ref_axis',(-1.,0.,0.));
#11712=DIRECTION('',(0.,0.,1.));
#11713=DIRECTION('center_axis',(-1.,0.,0.));
#11714=DIRECTION('ref_axis',(0.,-1.,0.));
#11715=DIRECTION('center_axis',(2.5019110414088E-15,-1.,0.));
#11716=DIRECTION('ref_axis',(1.,2.5019110414088E-15,0.));
#11717=DIRECTION('',(0.,0.,1.));
#11718=DIRECTION('',(0.,0.,1.));
#11719=DIRECTION('center_axis',(1.,1.2509555207044E-15,0.));
#11720=DIRECTION('ref_axis',(-1.2509555207044E-15,1.,0.));
#11721=DIRECTION('',(0.,0.,1.));
#11722=DIRECTION('center_axis',(0.,1.,0.));
#11723=DIRECTION('ref_axis',(-1.,0.,0.));
#11724=DIRECTION('',(0.,0.,1.));
#11725=DIRECTION('center_axis',(-1.,0.,0.));
#11726=DIRECTION('ref_axis',(0.,-1.,0.));
#11727=DIRECTION('center_axis',(2.5019110414088E-15,-1.,0.));
#11728=DIRECTION('ref_axis',(1.,2.5019110414088E-15,0.));
#11729=DIRECTION('',(0.,0.,1.));
#11730=DIRECTION('',(0.,0.,1.));
#11731=DIRECTION('center_axis',(1.,1.2509555207044E-15,0.));
#11732=DIRECTION('ref_axis',(-1.2509555207044E-15,1.,0.));
#11733=DIRECTION('',(0.,0.,1.));
#11734=DIRECTION('center_axis',(0.,1.,0.));
#11735=DIRECTION('ref_axis',(-1.,0.,0.));
#11736=DIRECTION('',(0.,0.,1.));
#11737=DIRECTION('center_axis',(-1.,0.,0.));
#11738=DIRECTION('ref_axis',(0.,-1.,0.));
#11739=DIRECTION('center_axis',(2.5019110414088E-15,-1.,0.));
#11740=DIRECTION('ref_axis',(1.,2.5019110414088E-15,0.));
#11741=DIRECTION('',(0.,0.,1.));
#11742=DIRECTION('',(0.,0.,1.));
#11743=DIRECTION('center_axis',(1.,1.2509555207044E-15,0.));
#11744=DIRECTION('ref_axis',(-1.2509555207044E-15,1.,0.));
#11745=DIRECTION('',(0.,0.,1.));
#11746=DIRECTION('center_axis',(0.,1.,0.));
#11747=DIRECTION('ref_axis',(-1.,0.,0.));
#11748=DIRECTION('',(0.,0.,1.));
#11749=DIRECTION('center_axis',(-1.,0.,0.));
#11750=DIRECTION('ref_axis',(0.,-1.,0.));
#11751=DIRECTION('center_axis',(2.5019110414088E-15,-1.,0.));
#11752=DIRECTION('ref_axis',(1.,2.5019110414088E-15,0.));
#11753=DIRECTION('',(0.,0.,1.));
#11754=DIRECTION('',(0.,0.,1.));
#11755=DIRECTION('center_axis',(1.,1.2509555207044E-15,0.));
#11756=DIRECTION('ref_axis',(-1.2509555207044E-15,1.,0.));
#11757=DIRECTION('',(0.,0.,1.));
#11758=DIRECTION('center_axis',(0.,1.,0.));
#11759=DIRECTION('ref_axis',(-1.,0.,0.));
#11760=DIRECTION('',(0.,0.,1.));
#11761=DIRECTION('center_axis',(-1.,0.,0.));
#11762=DIRECTION('ref_axis',(0.,-1.,0.));
#11763=DIRECTION('center_axis',(2.5019110414088E-15,-1.,0.));
#11764=DIRECTION('ref_axis',(1.,2.5019110414088E-15,0.));
#11765=DIRECTION('',(0.,0.,1.));
#11766=DIRECTION('',(0.,0.,1.));
#11767=DIRECTION('center_axis',(1.,1.2509555207044E-15,0.));
#11768=DIRECTION('ref_axis',(-1.2509555207044E-15,1.,0.));
#11769=DIRECTION('',(0.,0.,1.));
#11770=DIRECTION('center_axis',(0.,1.,0.));
#11771=DIRECTION('ref_axis',(-1.,0.,0.));
#11772=DIRECTION('',(0.,0.,1.));
#11773=DIRECTION('center_axis',(-1.,0.,0.));
#11774=DIRECTION('ref_axis',(0.,-1.,0.));
#11775=DIRECTION('center_axis',(2.5019110414088E-15,-1.,0.));
#11776=DIRECTION('ref_axis',(1.,2.5019110414088E-15,0.));
#11777=DIRECTION('',(0.,0.,1.));
#11778=DIRECTION('',(0.,0.,1.));
#11779=DIRECTION('center_axis',(1.,1.2509555207044E-15,0.));
#11780=DIRECTION('ref_axis',(-1.2509555207044E-15,1.,0.));
#11781=DIRECTION('',(0.,0.,1.));
#11782=DIRECTION('center_axis',(0.,1.,0.));
#11783=DIRECTION('ref_axis',(-1.,0.,0.));
#11784=DIRECTION('',(0.,0.,1.));
#11785=DIRECTION('center_axis',(-1.,0.,0.));
#11786=DIRECTION('ref_axis',(0.,-1.,0.));
#11787=DIRECTION('center_axis',(2.50191104140881E-15,-1.,0.));
#11788=DIRECTION('ref_axis',(1.,2.50191104140881E-15,0.));
#11789=DIRECTION('',(0.,0.,1.));
#11790=DIRECTION('',(0.,0.,1.));
#11791=DIRECTION('center_axis',(1.,1.2509555207044E-15,0.));
#11792=DIRECTION('ref_axis',(-1.2509555207044E-15,1.,0.));
#11793=DIRECTION('',(0.,0.,1.));
#11794=DIRECTION('center_axis',(0.,1.,0.));
#11795=DIRECTION('ref_axis',(-1.,0.,0.));
#11796=DIRECTION('',(0.,0.,1.));
#11797=DIRECTION('center_axis',(-1.,0.,0.));
#11798=DIRECTION('ref_axis',(0.,-1.,0.));
#11799=DIRECTION('center_axis',(2.50191104140881E-15,-1.,0.));
#11800=DIRECTION('ref_axis',(1.,2.50191104140881E-15,0.));
#11801=DIRECTION('',(0.,0.,1.));
#11802=DIRECTION('',(0.,0.,1.));
#11803=DIRECTION('center_axis',(1.,1.2509555207044E-15,0.));
#11804=DIRECTION('ref_axis',(-1.2509555207044E-15,1.,0.));
#11805=DIRECTION('',(0.,0.,1.));
#11806=DIRECTION('center_axis',(0.,1.,0.));
#11807=DIRECTION('ref_axis',(-1.,0.,0.));
#11808=DIRECTION('',(0.,0.,1.));
#11809=DIRECTION('center_axis',(-1.,0.,0.));
#11810=DIRECTION('ref_axis',(0.,-1.,0.));
#11811=DIRECTION('center_axis',(2.5019110414088E-15,-1.,0.));
#11812=DIRECTION('ref_axis',(1.,2.5019110414088E-15,0.));
#11813=DIRECTION('',(0.,0.,1.));
#11814=DIRECTION('',(0.,0.,1.));
#11815=DIRECTION('center_axis',(1.,1.2509555207044E-15,0.));
#11816=DIRECTION('ref_axis',(-1.2509555207044E-15,1.,0.));
#11817=DIRECTION('',(0.,0.,1.));
#11818=DIRECTION('center_axis',(0.,1.,0.));
#11819=DIRECTION('ref_axis',(-1.,0.,0.));
#11820=DIRECTION('',(0.,0.,1.));
#11821=DIRECTION('center_axis',(-1.,0.,0.));
#11822=DIRECTION('ref_axis',(0.,-1.,0.));
#11823=DIRECTION('center_axis',(2.5019110414088E-15,-1.,0.));
#11824=DIRECTION('ref_axis',(1.,2.5019110414088E-15,0.));
#11825=DIRECTION('',(0.,0.,1.));
#11826=DIRECTION('',(0.,0.,1.));
#11827=DIRECTION('center_axis',(1.,1.2509555207044E-15,0.));
#11828=DIRECTION('ref_axis',(-1.2509555207044E-15,1.,0.));
#11829=DIRECTION('',(0.,0.,1.));
#11830=DIRECTION('center_axis',(0.,1.,0.));
#11831=DIRECTION('ref_axis',(-1.,0.,0.));
#11832=DIRECTION('',(0.,0.,1.));
#11833=DIRECTION('center_axis',(-1.,0.,0.));
#11834=DIRECTION('ref_axis',(0.,-1.,0.));
#11835=DIRECTION('center_axis',(2.5019110414088E-15,-1.,0.));
#11836=DIRECTION('ref_axis',(1.,2.5019110414088E-15,0.));
#11837=DIRECTION('',(0.,0.,1.));
#11838=DIRECTION('',(0.,0.,1.));
#11839=DIRECTION('center_axis',(1.,1.2509555207044E-15,0.));
#11840=DIRECTION('ref_axis',(-1.2509555207044E-15,1.,0.));
#11841=DIRECTION('',(0.,0.,1.));
#11842=DIRECTION('center_axis',(0.,1.,0.));
#11843=DIRECTION('ref_axis',(-1.,0.,0.));
#11844=DIRECTION('',(0.,0.,1.));
#11845=DIRECTION('center_axis',(-1.,0.,0.));
#11846=DIRECTION('ref_axis',(0.,-1.,0.));
#11847=DIRECTION('center_axis',(2.5019110414088E-15,-1.,0.));
#11848=DIRECTION('ref_axis',(1.,2.5019110414088E-15,0.));
#11849=DIRECTION('',(0.,0.,1.));
#11850=DIRECTION('',(0.,0.,1.));
#11851=DIRECTION('center_axis',(1.,1.2509555207044E-15,0.));
#11852=DIRECTION('ref_axis',(-1.2509555207044E-15,1.,0.));
#11853=DIRECTION('',(0.,0.,1.));
#11854=DIRECTION('center_axis',(0.,1.,0.));
#11855=DIRECTION('ref_axis',(-1.,0.,0.));
#11856=DIRECTION('',(0.,0.,1.));
#11857=DIRECTION('center_axis',(-1.,0.,0.));
#11858=DIRECTION('ref_axis',(0.,-1.,0.));
#11859=DIRECTION('center_axis',(2.50191104140881E-15,-1.,0.));
#11860=DIRECTION('ref_axis',(1.,2.50191104140881E-15,0.));
#11861=DIRECTION('',(0.,0.,1.));
#11862=DIRECTION('',(0.,0.,1.));
#11863=DIRECTION('center_axis',(1.,1.2509555207044E-15,0.));
#11864=DIRECTION('ref_axis',(-1.2509555207044E-15,1.,0.));
#11865=DIRECTION('',(0.,0.,1.));
#11866=DIRECTION('center_axis',(0.,1.,0.));
#11867=DIRECTION('ref_axis',(-1.,0.,0.));
#11868=DIRECTION('',(0.,0.,1.));
#11869=DIRECTION('center_axis',(-1.,0.,0.));
#11870=DIRECTION('ref_axis',(0.,-1.,0.));
#11871=DIRECTION('center_axis',(2.5019110414088E-15,-1.,0.));
#11872=DIRECTION('ref_axis',(1.,2.5019110414088E-15,0.));
#11873=DIRECTION('',(0.,0.,1.));
#11874=DIRECTION('',(0.,0.,1.));
#11875=DIRECTION('center_axis',(1.,1.2509555207044E-15,0.));
#11876=DIRECTION('ref_axis',(-1.2509555207044E-15,1.,0.));
#11877=DIRECTION('',(0.,0.,1.));
#11878=DIRECTION('center_axis',(0.,1.,0.));
#11879=DIRECTION('ref_axis',(-1.,0.,0.));
#11880=DIRECTION('',(0.,0.,1.));
#11881=DIRECTION('center_axis',(-1.,0.,0.));
#11882=DIRECTION('ref_axis',(0.,-1.,0.));
#11883=DIRECTION('center_axis',(2.5019110414088E-15,-1.,0.));
#11884=DIRECTION('ref_axis',(1.,2.5019110414088E-15,0.));
#11885=DIRECTION('',(0.,0.,1.));
#11886=DIRECTION('',(0.,0.,1.));
#11887=DIRECTION('center_axis',(1.,1.2509555207044E-15,0.));
#11888=DIRECTION('ref_axis',(-1.2509555207044E-15,1.,0.));
#11889=DIRECTION('',(0.,0.,1.));
#11890=DIRECTION('center_axis',(0.,1.,0.));
#11891=DIRECTION('ref_axis',(-1.,0.,0.));
#11892=DIRECTION('',(0.,0.,1.));
#11893=DIRECTION('center_axis',(-1.,0.,0.));
#11894=DIRECTION('ref_axis',(0.,-1.,0.));
#11895=DIRECTION('center_axis',(0.,-1.,0.));
#11896=DIRECTION('ref_axis',(1.,0.,0.));
#11897=DIRECTION('',(0.,0.,1.));
#11898=DIRECTION('',(0.,0.,1.));
#11899=DIRECTION('center_axis',(1.,0.,0.));
#11900=DIRECTION('ref_axis',(0.,1.,0.));
#11901=DIRECTION('',(0.,0.,1.));
#11902=DIRECTION('center_axis',(0.,1.,0.));
#11903=DIRECTION('ref_axis',(-1.,0.,0.));
#11904=DIRECTION('',(0.,0.,1.));
#11905=DIRECTION('center_axis',(-1.,0.,0.));
#11906=DIRECTION('ref_axis',(0.,-1.,0.));
#11907=DIRECTION('center_axis',(2.5019110414088E-15,-1.,0.));
#11908=DIRECTION('ref_axis',(1.,2.5019110414088E-15,0.));
#11909=DIRECTION('',(0.,0.,1.));
#11910=DIRECTION('',(0.,0.,1.));
#11911=DIRECTION('center_axis',(1.,1.2509555207044E-15,0.));
#11912=DIRECTION('ref_axis',(-1.2509555207044E-15,1.,0.));
#11913=DIRECTION('',(0.,0.,1.));
#11914=DIRECTION('center_axis',(0.,1.,0.));
#11915=DIRECTION('ref_axis',(-1.,0.,0.));
#11916=DIRECTION('',(0.,0.,1.));
#11917=DIRECTION('center_axis',(-1.,0.,0.));
#11918=DIRECTION('ref_axis',(0.,-1.,0.));
#11919=DIRECTION('center_axis',(2.50191104140881E-15,-1.,0.));
#11920=DIRECTION('ref_axis',(1.,2.50191104140881E-15,0.));
#11921=DIRECTION('',(0.,0.,1.));
#11922=DIRECTION('',(0.,0.,1.));
#11923=DIRECTION('center_axis',(1.,1.2509555207044E-15,0.));
#11924=DIRECTION('ref_axis',(-1.2509555207044E-15,1.,0.));
#11925=DIRECTION('',(0.,0.,1.));
#11926=DIRECTION('center_axis',(0.,1.,0.));
#11927=DIRECTION('ref_axis',(-1.,0.,0.));
#11928=DIRECTION('',(0.,0.,1.));
#11929=DIRECTION('center_axis',(-1.,0.,0.));
#11930=DIRECTION('ref_axis',(0.,-1.,0.));
#11931=DIRECTION('center_axis',(2.5019110414088E-15,-1.,0.));
#11932=DIRECTION('ref_axis',(1.,2.5019110414088E-15,0.));
#11933=DIRECTION('',(0.,0.,1.));
#11934=DIRECTION('',(0.,0.,1.));
#11935=DIRECTION('center_axis',(1.,1.2509555207044E-15,0.));
#11936=DIRECTION('ref_axis',(-1.2509555207044E-15,1.,0.));
#11937=DIRECTION('',(0.,0.,1.));
#11938=DIRECTION('center_axis',(0.,1.,0.));
#11939=DIRECTION('ref_axis',(-1.,0.,0.));
#11940=DIRECTION('',(0.,0.,1.));
#11941=DIRECTION('center_axis',(-1.,0.,0.));
#11942=DIRECTION('ref_axis',(0.,-1.,0.));
#11943=DIRECTION('center_axis',(2.5019110414088E-15,-1.,0.));
#11944=DIRECTION('ref_axis',(1.,2.5019110414088E-15,0.));
#11945=DIRECTION('',(0.,0.,1.));
#11946=DIRECTION('',(0.,0.,1.));
#11947=DIRECTION('center_axis',(1.,1.2509555207044E-15,0.));
#11948=DIRECTION('ref_axis',(-1.2509555207044E-15,1.,0.));
#11949=DIRECTION('',(0.,0.,1.));
#11950=DIRECTION('center_axis',(0.,1.,0.));
#11951=DIRECTION('ref_axis',(-1.,0.,0.));
#11952=DIRECTION('',(0.,0.,1.));
#11953=DIRECTION('center_axis',(-1.,0.,0.));
#11954=DIRECTION('ref_axis',(0.,-1.,0.));
#11955=DIRECTION('center_axis',(2.5019110414088E-15,-1.,0.));
#11956=DIRECTION('ref_axis',(1.,2.5019110414088E-15,0.));
#11957=DIRECTION('',(0.,0.,1.));
#11958=DIRECTION('',(0.,0.,1.));
#11959=DIRECTION('center_axis',(1.,1.2509555207044E-15,0.));
#11960=DIRECTION('ref_axis',(-1.2509555207044E-15,1.,0.));
#11961=DIRECTION('',(0.,0.,1.));
#11962=DIRECTION('center_axis',(0.,1.,0.));
#11963=DIRECTION('ref_axis',(-1.,0.,0.));
#11964=DIRECTION('',(0.,0.,1.));
#11965=DIRECTION('center_axis',(-1.,0.,0.));
#11966=DIRECTION('ref_axis',(0.,-1.,0.));
#11967=DIRECTION('center_axis',(2.5019110414088E-15,-1.,0.));
#11968=DIRECTION('ref_axis',(1.,2.5019110414088E-15,0.));
#11969=DIRECTION('',(0.,0.,1.));
#11970=DIRECTION('',(0.,0.,1.));
#11971=DIRECTION('center_axis',(1.,1.2509555207044E-15,0.));
#11972=DIRECTION('ref_axis',(-1.2509555207044E-15,1.,0.));
#11973=DIRECTION('',(0.,0.,1.));
#11974=DIRECTION('center_axis',(0.,1.,0.));
#11975=DIRECTION('ref_axis',(-1.,0.,0.));
#11976=DIRECTION('',(0.,0.,1.));
#11977=DIRECTION('center_axis',(-1.,0.,0.));
#11978=DIRECTION('ref_axis',(0.,-1.,0.));
#11979=DIRECTION('center_axis',(1.,0.,0.));
#11980=DIRECTION('ref_axis',(0.,1.,0.));
#11981=DIRECTION('center_axis',(-1.,0.,0.));
#11982=DIRECTION('ref_axis',(0.,-1.,0.));
#11983=DIRECTION('center_axis',(0.,0.,1.));
#11984=DIRECTION('ref_axis',(0.859151659644777,-0.511721042883352,0.));
#11985=DIRECTION('',(0.707106781186553,0.,0.707106781186542));
#11986=DIRECTION('center_axis',(0.,0.,-1.));
#11987=DIRECTION('ref_axis',(0.859151659644777,-0.511721042883352,0.));
#11988=DIRECTION('',(-0.336783044098052,0.621753312181013,-0.70710678118654));
#11989=DIRECTION('center_axis',(0.,0.,1.));
#11990=DIRECTION('ref_axis',(0.859151659644777,-0.511721042883352,0.));
#11991=DIRECTION('center_axis',(0.707106781186542,0.,-0.707106781186553));
#11992=DIRECTION('ref_axis',(-0.707106781186553,0.,-0.707106781186542));
#11993=DIRECTION('',(0.,1.,0.));
#11994=DIRECTION('',(0.707106781186553,0.,0.707106781186542));
#11995=DIRECTION('',(0.,-1.,0.));
#11996=DIRECTION('center_axis',(0.,0.,1.));
#11997=DIRECTION('ref_axis',(0.707106781186548,0.707106781186548,0.));
#11998=DIRECTION('',(0.,0.707106781186546,0.707106781186549));
#11999=DIRECTION('center_axis',(0.,0.,-1.));
#12000=DIRECTION('ref_axis',(0.707106781186547,0.707106781186547,0.));
#12001=DIRECTION('center_axis',(0.,0.,1.));
#12002=DIRECTION('ref_axis',(0.707106781186548,0.707106781186548,0.));
#12003=DIRECTION('center_axis',(-2.21139782913209E-17,0.70710678118655,
-0.707106781186545));
#12004=DIRECTION('ref_axis',(-1.,0.,3.12738880176103E-17));
#12005=DIRECTION('',(-1.,-3.127388801761E-17,0.));
#12006=DIRECTION('',(0.,0.707106781186545,0.70710678118655));
#12007=DIRECTION('',(1.,3.127388801761E-17,0.));
#12008=DIRECTION('center_axis',(0.,0.,1.));
#12009=DIRECTION('ref_axis',(-0.707106781186548,0.707106781186547,0.));
#12010=DIRECTION('',(-0.707106781186549,0.,0.707106781186546));
#12011=DIRECTION('center_axis',(0.,0.,-1.));
#12012=DIRECTION('ref_axis',(-0.707106781186548,0.707106781186547,0.));
#12013=DIRECTION('center_axis',(0.,0.,1.));
#12014=DIRECTION('ref_axis',(-0.707106781186548,0.707106781186546,0.));
#12015=DIRECTION('center_axis',(-0.707106781186537,0.,-0.707106781186558));
#12016=DIRECTION('ref_axis',(-0.707106781186558,0.,0.707106781186537));
#12017=DIRECTION('',(0.,-1.,0.));
#12018=DIRECTION('',(-0.707106781186558,0.,0.707106781186537));
#12019=DIRECTION('',(0.,1.,0.));
#12020=DIRECTION('center_axis',(0.,0.,1.));
#12021=DIRECTION('ref_axis',(-0.707106781186547,-0.707106781186547,0.));
#12022=DIRECTION('',(0.,-0.707106781186553,0.707106781186542));
#12023=DIRECTION('center_axis',(0.,0.,-1.));
#12024=DIRECTION('ref_axis',(-0.707106781186547,-0.707106781186547,0.));
#12025=DIRECTION('center_axis',(0.,0.,1.));
#12026=DIRECTION('ref_axis',(-0.707106781186548,-0.707106781186548,0.));
#12027=DIRECTION('center_axis',(0.,-0.707106781186542,-0.707106781186553));
#12028=DIRECTION('ref_axis',(-1.,0.,0.));
#12029=DIRECTION('',(1.,0.,0.));
#12030=DIRECTION('',(0.,-0.707106781186553,0.707106781186542));
#12031=DIRECTION('',(-1.,0.,0.));
#12032=DIRECTION('center_axis',(0.,0.,1.));
#12033=DIRECTION('ref_axis',(0.707106781186548,-0.707106781186548,0.));
#12034=DIRECTION('',(0.707106781186553,0.,0.707106781186542));
#12035=DIRECTION('center_axis',(0.,0.,-1.));
#12036=DIRECTION('ref_axis',(0.707106781186547,-0.707106781186547,0.));
#12037=DIRECTION('center_axis',(0.,0.,1.));
#12038=DIRECTION('ref_axis',(0.707106781186548,-0.707106781186548,0.));
#12039=DIRECTION('center_axis',(0.707106781186542,0.,-0.707106781186553));
#12040=DIRECTION('ref_axis',(-0.707106781186553,0.,-0.707106781186542));
#12041=DIRECTION('',(0.,1.,0.));
#12042=DIRECTION('',(0.707106781186553,0.,0.707106781186542));
#12043=DIRECTION('',(0.,-1.,0.));
#12044=DIRECTION('center_axis',(0.,0.,-1.));
#12045=DIRECTION('ref_axis',(-0.859151659644778,0.51172104288335,0.));
#12046=DIRECTION('',(0.336783044098049,-0.621753312181021,0.707106781186535));
#12047=DIRECTION('center_axis',(0.,0.,1.));
#12048=DIRECTION('ref_axis',(-0.859151659644778,0.51172104288335,0.));
#12049=DIRECTION('center_axis',(0.,0.,-1.));
#12050=DIRECTION('ref_axis',(-0.859151659644778,0.51172104288335,0.));
#12051=DIRECTION('center_axis',(0.336783044098045,-0.621753312181006,-0.707106781186549));
#12052=DIRECTION('ref_axis',(-0.902828039147731,0.,-0.430001781076153));
#12053=DIRECTION('',(0.879291966536774,0.476283148540753,0.));
#12054=DIRECTION('',(-0.879291966536774,-0.476283148540753,0.));
#12055=DIRECTION('center_axis',(0.,-1.,0.));
#12056=DIRECTION('ref_axis',(1.,0.,0.));
#12057=DIRECTION('',(0.,0.,-1.));
#12058=DIRECTION('',(1.,0.,0.));
#12059=DIRECTION('',(0.,0.,1.));
#12060=DIRECTION('center_axis',(0.,0.,1.));
#12061=DIRECTION('ref_axis',(0.707106781186547,-0.707106781186547,0.));
#12062=DIRECTION('',(0.,0.,1.));
#12063=DIRECTION('center_axis',(0.,0.,1.));
#12064=DIRECTION('ref_axis',(0.707106781186547,-0.707106781186547,0.));
#12065=DIRECTION('center_axis',(1.,0.,0.));
#12066=DIRECTION('ref_axis',(0.,1.,0.));
#12067=DIRECTION('',(0.,0.,-1.));
#12068=DIRECTION('',(0.,1.,0.));
#12069=DIRECTION('center_axis',(0.,0.,1.));
#12070=DIRECTION('ref_axis',(-0.859151659644778,0.51172104288335,0.));
#12071=DIRECTION('',(0.,0.,1.));
#12072=DIRECTION('center_axis',(0.,0.,-1.));
#12073=DIRECTION('ref_axis',(-0.859151659644778,0.51172104288335,0.));
#12074=DIRECTION('center_axis',(0.476283148540753,-0.879291966536774,0.));
#12075=DIRECTION('ref_axis',(0.879291966536774,0.476283148540753,0.));
#12076=DIRECTION('',(0.,0.,-1.));
#12077=DIRECTION('',(0.879291966536774,0.476283148540753,0.));
#12078=DIRECTION('center_axis',(0.,0.,1.));
#12079=DIRECTION('ref_axis',(0.859151659644777,-0.511721042883352,0.));
#12080=DIRECTION('',(0.,0.,1.));
#12081=DIRECTION('center_axis',(0.,0.,1.));
#12082=DIRECTION('ref_axis',(0.859151659644777,-0.511721042883352,0.));
#12083=DIRECTION('center_axis',(0.,0.,-1.));
#12084=DIRECTION('ref_axis',(-1.,0.,0.));
#12085=DIRECTION('center_axis',(0.,0.,-1.));
#12086=DIRECTION('ref_axis',(1.,0.,0.));
#12087=DIRECTION('center_axis',(0.,0.,-1.));
#12088=DIRECTION('ref_axis',(1.,0.,0.));
#12089=DIRECTION('center_axis',(0.,0.,-1.));
#12090=DIRECTION('ref_axis',(1.,0.,0.));
#12091=DIRECTION('center_axis',(0.,0.,-1.));
#12092=DIRECTION('ref_axis',(1.,0.,0.));
#12093=DIRECTION('center_axis',(0.,0.,-1.));
#12094=DIRECTION('ref_axis',(1.,0.,0.));
#12095=DIRECTION('center_axis',(0.,0.,-1.));
#12096=DIRECTION('ref_axis',(1.,0.,0.));
#12097=DIRECTION('center_axis',(0.,0.,-1.));
#12098=DIRECTION('ref_axis',(1.,0.,0.));
#12099=DIRECTION('center_axis',(0.,0.,-1.));
#12100=DIRECTION('ref_axis',(1.,0.,0.));
#12101=DIRECTION('center_axis',(0.,0.,-1.));
#12102=DIRECTION('ref_axis',(1.,0.,0.));
#12103=DIRECTION('center_axis',(0.,0.,-1.));
#12104=DIRECTION('ref_axis',(1.,0.,0.));
#12105=DIRECTION('center_axis',(0.,0.,-1.));
#12106=DIRECTION('ref_axis',(1.,0.,0.));
#12107=DIRECTION('',(0.707106781186546,-8.65956056235492E-17,0.707106781186549));
#12108=DIRECTION('center_axis',(0.,0.,-1.));
#12109=DIRECTION('ref_axis',(1.,0.,0.));
#12110=DIRECTION('center_axis',(0.,0.,-1.));
#12111=DIRECTION('ref_axis',(1.,0.,0.));
#12112=DIRECTION('',(0.707106781186546,-8.65956056235492E-17,0.707106781186549));
#12113=DIRECTION('center_axis',(0.,0.,-1.));
#12114=DIRECTION('ref_axis',(1.,0.,0.));
#12115=DIRECTION('center_axis',(0.,0.,-1.));
#12116=DIRECTION('ref_axis',(1.,0.,0.));
#12117=DIRECTION('',(0.707106781186546,-8.65956056235492E-17,0.707106781186549));
#12118=DIRECTION('center_axis',(0.,0.,-1.));
#12119=DIRECTION('ref_axis',(1.,0.,0.));
#12120=DIRECTION('center_axis',(0.,0.,-1.));
#12121=DIRECTION('ref_axis',(1.,0.,0.));
#12122=DIRECTION('',(0.707106781186546,-8.65956056235492E-17,0.707106781186549));
#12123=DIRECTION('center_axis',(0.,0.,-1.));
#12124=DIRECTION('ref_axis',(1.,0.,0.));
#12125=DIRECTION('center_axis',(0.,0.,-1.));
#12126=DIRECTION('ref_axis',(1.,0.,0.));
#12127=DIRECTION('',(0.707106781186546,-8.65956056235492E-17,0.707106781186549));
#12128=DIRECTION('center_axis',(0.,0.,-1.));
#12129=DIRECTION('ref_axis',(1.,0.,0.));
#12130=DIRECTION('center_axis',(0.,0.,-1.));
#12131=DIRECTION('ref_axis',(1.,0.,0.));
#12132=DIRECTION('',(0.707106781186546,-8.65956056235492E-17,0.707106781186549));
#12133=DIRECTION('center_axis',(0.,0.,-1.));
#12134=DIRECTION('ref_axis',(1.,0.,0.));
#12135=DIRECTION('center_axis',(0.,0.,-1.));
#12136=DIRECTION('ref_axis',(1.,0.,0.));
#12137=DIRECTION('',(0.707106781186546,-8.65956056235492E-17,0.707106781186549));
#12138=DIRECTION('center_axis',(0.,0.,-1.));
#12139=DIRECTION('ref_axis',(1.,0.,0.));
#12140=DIRECTION('center_axis',(0.,0.,-1.));
#12141=DIRECTION('ref_axis',(1.,0.,0.));
#12142=DIRECTION('',(0.707106781186546,-8.65956056235492E-17,0.707106781186549));
#12143=DIRECTION('center_axis',(0.,0.,-1.));
#12144=DIRECTION('ref_axis',(1.,0.,0.));
#12145=DIRECTION('center_axis',(0.,0.,-1.));
#12146=DIRECTION('ref_axis',(1.,0.,0.));
#12147=DIRECTION('',(0.707106781186546,-8.65956056235492E-17,0.707106781186549));
#12148=DIRECTION('center_axis',(0.,0.,-1.));
#12149=DIRECTION('ref_axis',(1.,0.,0.));
#12150=DIRECTION('center_axis',(0.,0.,-1.));
#12151=DIRECTION('ref_axis',(1.,0.,0.));
#12152=DIRECTION('',(0.707106781186546,-8.65956056235492E-17,0.707106781186549));
#12153=DIRECTION('center_axis',(0.,0.,-1.));
#12154=DIRECTION('ref_axis',(1.,0.,0.));
#12155=DIRECTION('center_axis',(2.3203336827839E-17,-0.707106781186546,
0.707106781186549));
#12156=DIRECTION('ref_axis',(1.,0.,-3.2814473634241E-17));
#12157=DIRECTION('',(-1.,-3.28144736342411E-17,0.));
#12158=DIRECTION('',(0.577350269189626,-0.577350269189625,-0.577350269189627));
#12159=DIRECTION('',(1.,3.28144736342411E-17,0.));
#12160=DIRECTION('',(-0.577350269189631,-0.577350269189624,-0.577350269189622));
#12161=DIRECTION('center_axis',(0.707106781186548,0.,0.707106781186547));
#12162=DIRECTION('ref_axis',(0.707106781186547,0.,-0.707106781186548));
#12163=DIRECTION('',(0.,-1.,0.));
#12164=DIRECTION('',(0.577350269189629,0.577350269189629,-0.57735026918962));
#12165=DIRECTION('',(0.,1.,0.));
#12166=DIRECTION('center_axis',(0.,0.707106781186542,0.707106781186553));
#12167=DIRECTION('ref_axis',(1.,0.,0.));
#12168=DIRECTION('',(1.,0.,0.));
#12169=DIRECTION('',(-0.577350269189629,0.577350269189629,-0.57735026918962));
#12170=DIRECTION('',(-1.,0.,0.));
#12171=DIRECTION('center_axis',(-0.707106781186542,0.,0.707106781186553));
#12172=DIRECTION('ref_axis',(0.707106781186553,0.,0.707106781186542));
#12173=DIRECTION('',(0.,1.,0.));
#12174=DIRECTION('',(-0.651669296491607,0.388142056495145,-0.651669296491598));
#12175=DIRECTION('',(0.,-1.,0.));
#12176=DIRECTION('center_axis',(-0.336783044098042,0.621753312181001,0.707106781186555));
#12177=DIRECTION('ref_axis',(0.902828039147733,0.,0.430001781076147));
#12178=DIRECTION('',(-0.879291966536774,-0.476283148540753,0.));
#12179=DIRECTION('',(0.879291966536774,0.476283148540753,0.));
#12180=DIRECTION('',(-0.651669296491608,0.38814205649514,-0.651669296491599));
#12181=DIRECTION('center_axis',(-0.707106781186542,0.,0.707106781186553));
#12182=DIRECTION('ref_axis',(0.707106781186553,0.,0.707106781186542));
#12183=DIRECTION('',(0.,-1.,0.));
#12184=DIRECTION('',(0.,1.,0.));
#12185=DIRECTION('center_axis',(-0.476283148540753,0.879291966536774,0.));
#12186=DIRECTION('ref_axis',(-0.879291966536774,-0.476283148540753,0.));
#12187=DIRECTION('',(0.,0.,1.));
#12188=DIRECTION('',(0.879291966536774,0.476283148540753,0.));
#12189=DIRECTION('',(0.,0.,-1.));
#12190=DIRECTION('center_axis',(-1.,0.,0.));
#12191=DIRECTION('ref_axis',(0.,-1.,0.));
#12192=DIRECTION('',(0.,0.,1.));
#12193=DIRECTION('',(0.,1.,0.));
#12194=DIRECTION('center_axis',(3.28144736342411E-17,-1.,0.));
#12195=DIRECTION('ref_axis',(1.,3.28144736342411E-17,0.));
#12196=DIRECTION('',(0.,0.,1.));
#12197=DIRECTION('',(-1.,-3.28144736342411E-17,0.));
#12198=DIRECTION('',(-1.88285234948626E-48,-6.17848087793857E-65,-1.));
#12199=DIRECTION('center_axis',(3.28144736342411E-17,-1.,0.));
#12200=DIRECTION('ref_axis',(0.707106781186553,0.,-0.707106781186542));
#12201=DIRECTION('',(-1.,-3.28144736342411E-17,0.));
#12202=DIRECTION('center_axis',(3.28144736342411E-17,-1.,0.));
#12203=DIRECTION('ref_axis',(-0.707106781186553,0.,-0.707106781186542));
#12204=DIRECTION('',(0.,0.,1.));
#12205=DIRECTION('center_axis',(3.28144736342411E-17,-1.,0.));
#12206=DIRECTION('ref_axis',(-0.707106781186553,0.,0.707106781186542));
#12207=DIRECTION('',(1.,3.28144736342411E-17,0.));
#12208=DIRECTION('center_axis',(3.28144736342411E-17,-1.,0.));
#12209=DIRECTION('ref_axis',(0.707106781186553,0.,0.707106781186542));
#12210=DIRECTION('center_axis',(0.,0.,1.));
#12211=DIRECTION('ref_axis',(1.,0.,0.));
#12212=DIRECTION('center_axis',(0.,0.,-1.));
#12213=DIRECTION('ref_axis',(0.859151659644777,-0.511721042883352,0.));
#12214=DIRECTION('',(0.,-1.,0.));
#12215=DIRECTION('center_axis',(0.,0.,-1.));
#12216=DIRECTION('ref_axis',(0.707106781186548,0.707106781186548,0.));
#12217=DIRECTION('',(1.,3.127388801761E-17,0.));
#12218=DIRECTION('center_axis',(0.,0.,-1.));
#12219=DIRECTION('ref_axis',(-0.707106781186548,0.707106781186546,0.));
#12220=DIRECTION('',(0.,1.,0.));
#12221=DIRECTION('center_axis',(0.,0.,-1.));
#12222=DIRECTION('ref_axis',(-0.707106781186548,-0.707106781186548,0.));
#12223=DIRECTION('',(-1.,0.,0.));
#12224=DIRECTION('center_axis',(0.,0.,-1.));
#12225=DIRECTION('ref_axis',(0.707106781186548,-0.707106781186548,0.));
#12226=DIRECTION('',(0.,-1.,0.));
#12227=DIRECTION('center_axis',(0.,0.,1.));
#12228=DIRECTION('ref_axis',(-0.859151659644778,0.51172104288335,0.));
#12229=DIRECTION('',(-0.879291966536774,-0.476283148540753,0.));
#12230=DIRECTION('center_axis',(0.,0.,-1.));
#12231=DIRECTION('ref_axis',(0.859151659644777,-0.511721042883352,0.));
#12232=DIRECTION('',(0.336783044098052,-0.621753312181013,-0.70710678118654));
#12233=DIRECTION('',(-0.707106781186553,0.,0.707106781186542));
#12234=DIRECTION('center_axis',(0.336783044098045,-0.621753312181006,0.707106781186549));
#12235=DIRECTION('ref_axis',(0.902828039147731,0.,-0.430001781076153));
#12236=DIRECTION('',(0.336783044098054,-0.621753312181005,-0.707106781186546));
#12237=DIRECTION('center_axis',(0.,0.,1.));
#12238=DIRECTION('ref_axis',(-0.859151659644778,0.51172104288335,0.));
#12239=DIRECTION('',(0.707106781186553,0.,-0.707106781186542));
#12240=DIRECTION('center_axis',(0.707106781186542,0.,0.707106781186553));
#12241=DIRECTION('ref_axis',(0.707106781186553,0.,-0.707106781186542));
#12242=DIRECTION('',(0.707106781186553,0.,-0.707106781186542));
#12243=DIRECTION('center_axis',(0.,0.,-1.));
#12244=DIRECTION('ref_axis',(0.707106781186548,-0.707106781186548,0.));
#12245=DIRECTION('',(0.,-0.707106781186553,-0.707106781186542));
#12246=DIRECTION('center_axis',(0.,-0.707106781186542,0.707106781186553));
#12247=DIRECTION('ref_axis',(1.,0.,0.));
#12248=DIRECTION('',(0.,-0.707106781186553,-0.707106781186542));
#12249=DIRECTION('center_axis',(0.,0.,-1.));
#12250=DIRECTION('ref_axis',(-0.707106781186547,-0.707106781186547,0.));
#12251=DIRECTION('',(-0.707106781186547,0.,-0.707106781186548));
#12252=DIRECTION('center_axis',(0.,0.,1.));
#12253=DIRECTION('ref_axis',(-0.707106781186547,-0.707106781186547,0.));
#12254=DIRECTION('center_axis',(-0.707106781186546,0.,0.707106781186549));
#12255=DIRECTION('ref_axis',(0.707106781186549,0.,0.707106781186546));
#12256=DIRECTION('',(-0.707106781186549,1.57009245868377E-15,-0.707106781186546));
#12257=DIRECTION('',(0.,-1.,0.));
#12258=DIRECTION('center_axis',(0.,0.,-1.));
#12259=DIRECTION('ref_axis',(-0.707106781186548,0.707106781186547,0.));
#12260=DIRECTION('',(0.,0.707106781186546,-0.707106781186549));
#12261=DIRECTION('center_axis',(0.,0.,1.));
#12262=DIRECTION('ref_axis',(-0.707106781186548,0.707106781186547,0.));
#12263=DIRECTION('center_axis',(-2.21139782913209E-17,0.70710678118655,
0.707106781186545));
#12264=DIRECTION('ref_axis',(1.,0.,3.12738880176103E-17));
#12265=DIRECTION('',(0.,0.707106781186545,-0.70710678118655));
#12266=DIRECTION('',(-1.,-3.127388801761E-17,0.));
#12267=DIRECTION('center_axis',(0.,0.,-1.));
#12268=DIRECTION('ref_axis',(0.707106781186548,0.707106781186548,0.));
#12269=DIRECTION('',(0.707106781186553,0.,-0.707106781186542));
#12270=DIRECTION('center_axis',(0.,0.,1.));
#12271=DIRECTION('ref_axis',(0.707106781186547,0.707106781186547,0.));
#12272=DIRECTION('center_axis',(0.707106781186542,0.,0.707106781186553));
#12273=DIRECTION('ref_axis',(0.707106781186553,0.,-0.707106781186542));
#12274=DIRECTION('',(0.,1.,0.));
#12275=DIRECTION('center_axis',(-1.,0.,0.));
#12276=DIRECTION('ref_axis',(0.,-1.,0.));
#12277=DIRECTION('',(0.,0.,-1.));
#12278=DIRECTION('',(0.,0.,1.));
#12279=DIRECTION('center_axis',(0.,0.,1.));
#12280=DIRECTION('ref_axis',(-0.707106781186548,0.707106781186547,0.));
#12281=DIRECTION('',(0.,0.,-1.));
#12282=DIRECTION('center_axis',(-3.127388801761E-17,1.,0.));
#12283=DIRECTION('ref_axis',(-1.,-3.127388801761E-17,0.));
#12284=DIRECTION('',(0.,0.,1.));
#12285=DIRECTION('',(1.88285234948626E-48,5.88841135315272E-65,1.));
#12286=DIRECTION('center_axis',(-3.127388801761E-17,1.,0.));
#12287=DIRECTION('ref_axis',(0.707106781186553,0.,0.707106781186542));
#12288=DIRECTION('',(-1.,-3.127388801761E-17,0.));
#12289=DIRECTION('center_axis',(-3.127388801761E-17,1.,0.));
#12290=DIRECTION('ref_axis',(-0.707106781186553,0.,0.707106781186542));
#12291=DIRECTION('',(0.,0.,-1.));
#12292=DIRECTION('center_axis',(-3.127388801761E-17,1.,0.));
#12293=DIRECTION('ref_axis',(-0.707106781186553,0.,-0.707106781186542));
#12294=DIRECTION('',(1.,3.127388801761E-17,0.));
#12295=DIRECTION('center_axis',(-3.127388801761E-17,1.,0.));
#12296=DIRECTION('ref_axis',(0.707106781186553,0.,-0.707106781186542));
#12297=DIRECTION('center_axis',(0.,0.,1.));
#12298=DIRECTION('ref_axis',(0.707106781186547,0.707106781186547,0.));
#12299=DIRECTION('',(0.,0.,-1.));
#12300=DIRECTION('center_axis',(1.,0.,0.));
#12301=DIRECTION('ref_axis',(0.,1.,0.));
#12302=DIRECTION('center_axis',(0.,-1.,0.));
#12303=DIRECTION('ref_axis',(0.707106781186553,0.,0.707106781186542));
#12304=DIRECTION('',(0.,-1.,0.));
#12305=DIRECTION('',(0.,1.,0.));
#12306=DIRECTION('center_axis',(1.,0.,-1.88285234948626E-48));
#12307=DIRECTION('ref_axis',(1.88285234948626E-48,1.69592262790823E-32,
1.));
#12308=DIRECTION('',(0.,1.,0.));
#12309=DIRECTION('center_axis',(0.,-1.,0.));
#12310=DIRECTION('ref_axis',(0.707106781186553,0.,-0.707106781186542));
#12311=DIRECTION('',(0.,-1.,0.));
#12312=DIRECTION('center_axis',(0.,0.,-1.));
#12313=DIRECTION('ref_axis',(1.,-1.110223024625E-16,0.));
#12314=DIRECTION('',(0.,1.,0.));
#12315=DIRECTION('center_axis',(0.,-1.,0.));
#12316=DIRECTION('ref_axis',(-0.707106781186553,0.,-0.707106781186542));
#12317=DIRECTION('',(0.,-1.,0.));
#12318=DIRECTION('center_axis',(-1.,0.,0.));
#12319=DIRECTION('ref_axis',(0.,0.,-1.));
#12320=DIRECTION('',(0.,1.,0.));
#12321=DIRECTION('center_axis',(0.,-1.,0.));
#12322=DIRECTION('ref_axis',(-0.707106781186553,0.,0.707106781186542));
#12323=DIRECTION('',(0.,-1.,0.));
#12324=DIRECTION('center_axis',(0.,0.,1.));
#12325=DIRECTION('ref_axis',(-1.,1.110223024625E-16,0.));
#12326=DIRECTION('center_axis',(0.,0.,1.));
#12327=DIRECTION('ref_axis',(-0.707106781186547,-0.707106781186547,0.));
#12328=DIRECTION('center_axis',(0.,0.,-1.));
#12329=DIRECTION('ref_axis',(1.,0.,0.));
#12330=DIRECTION('',(0.,-1.,0.));
#12331=DIRECTION('',(1.,0.,0.));
#12332=DIRECTION('',(0.,1.,0.));
#12333=DIRECTION('center_axis',(1.,0.,0.));
#12334=DIRECTION('ref_axis',(0.,1.,0.));
#12335=DIRECTION('',(0.,0.,1.));
#12336=DIRECTION('center_axis',(0.,1.,0.));
#12337=DIRECTION('ref_axis',(-1.,0.,0.));
#12338=DIRECTION('',(0.,0.,1.));
#12339=DIRECTION('center_axis',(-1.,0.,0.));
#12340=DIRECTION('ref_axis',(0.,-1.,0.));
#12341=DIRECTION('center_axis',(0.,0.,-1.));
#12342=DIRECTION('ref_axis',(0.818149717425019,-0.575005252043284,0.));
#12343=DIRECTION('center_axis',(0.,0.,1.));
#12344=DIRECTION('ref_axis',(0.818149717425019,-0.575005252043284,0.));
#12345=DIRECTION('',(0.,0.,1.));
#12346=DIRECTION('center_axis',(0.,0.,-1.));
#12347=DIRECTION('ref_axis',(0.818149717425019,-0.575005252043284,0.));
#12348=DIRECTION('',(0.,0.,-1.));
#12349=DIRECTION('center_axis',(0.338737920245283,-0.940880768954228,0.));
#12350=DIRECTION('ref_axis',(-0.940880768954228,-0.338737920245283,0.));
#12351=DIRECTION('',(-0.940880768954228,-0.338737920245283,0.));
#12352=DIRECTION('',(0.,0.,1.));
#12353=DIRECTION('',(-0.940880768954228,-0.338737920245283,0.));
#12354=DIRECTION('center_axis',(0.,0.,1.));
#12355=DIRECTION('ref_axis',(1.,0.,0.));
#12356=DIRECTION('',(0.,1.,0.));
#12357=DIRECTION('',(1.,0.,0.));
#12358=DIRECTION('',(0.,1.,0.));
#12359=DIRECTION('center_axis',(0.,0.,-1.));
#12360=DIRECTION('ref_axis',(-0.575005252043293,-0.818149717425014,0.));
#12361=DIRECTION('center_axis',(0.,0.,-1.));
#12362=DIRECTION('ref_axis',(1.,0.,0.));
#12363=DIRECTION('center_axis',(0.,0.,-1.));
#12364=DIRECTION('ref_axis',(1.,0.,0.));
#12365=DIRECTION('center_axis',(0.,0.,-1.));
#12366=DIRECTION('ref_axis',(-0.575005252043293,-0.818149717425014,0.));
#12367=DIRECTION('center_axis',(0.,0.,1.));
#12368=DIRECTION('ref_axis',(-0.575005252043293,-0.818149717425014,0.));
#12369=DIRECTION('',(0.,0.,-1.));
#12370=DIRECTION('center_axis',(0.,0.,-1.));
#12371=DIRECTION('ref_axis',(1.,0.,0.));
#12372=DIRECTION('center_axis',(0.,0.,1.));
#12373=DIRECTION('ref_axis',(1.,0.,0.));
#12374=DIRECTION('',(0.,0.,1.));
#12375=DIRECTION('center_axis',(0.,0.,-1.));
#12376=DIRECTION('ref_axis',(1.,0.,0.));
#12377=DIRECTION('center_axis',(0.,0.,1.));
#12378=DIRECTION('ref_axis',(1.,0.,0.));
#12379=DIRECTION('',(0.,0.,1.));
#12380=DIRECTION('center_axis',(0.,1.,0.));
#12381=DIRECTION('ref_axis',(1.,0.,0.));
#12382=DIRECTION('',(0.,0.,-1.));
#12383=DIRECTION('',(1.,0.,0.));
#12384=DIRECTION('',(0.,0.,-1.));
#12385=DIRECTION('center_axis',(-1.,0.,0.));
#12386=DIRECTION('ref_axis',(0.,1.,0.));
#12387=DIRECTION('',(0.,1.,0.));
#12388=DIRECTION('center_axis',(1.,0.,0.));
#12389=DIRECTION('ref_axis',(0.,-1.,0.));
#12390=DIRECTION('',(0.,-1.,0.));
#12391=DIRECTION('center_axis',(0.,0.,1.));
#12392=DIRECTION('ref_axis',(1.,0.,0.));
#12393=DIRECTION('center_axis',(0.,0.,-1.));
#12394=DIRECTION('ref_axis',(0.911004849567047,0.41239564021134,0.));
#12395=DIRECTION('',(-0.0782735955768456,-0.702761157318384,-0.707106781186546));
#12396=DIRECTION('center_axis',(0.,0.,1.));
#12397=DIRECTION('ref_axis',(0.911004849567048,0.41239564021134,0.));
#12398=DIRECTION('',(-0.6441777068227,-0.291607753725202,0.70710678118654));
#12399=DIRECTION('center_axis',(0.,0.,-1.));
#12400=DIRECTION('ref_axis',(0.911004849567048,0.41239564021134,0.));
#12401=DIRECTION('center_axis',(0.,0.,1.));
#12402=DIRECTION('ref_axis',(-1.,0.,0.));
#12403=DIRECTION('center_axis',(0.,0.,1.));
#12404=DIRECTION('ref_axis',(-1.,0.,0.));
#12405=DIRECTION('',(0.69255344931084,-0.142722527470766,-0.707106781186557));
#12406=DIRECTION('center_axis',(0.,0.,-1.));
#12407=DIRECTION('ref_axis',(-1.,0.,0.));
#12408=DIRECTION('center_axis',(0.,0.,-1.));
#12409=DIRECTION('ref_axis',(0.979418480683672,-0.201840134005323,0.));
#12410=DIRECTION('',(-0.47639731318824,-0.522537654133199,-0.707106781186547));
#12411=DIRECTION('center_axis',(0.,0.,1.));
#12412=DIRECTION('ref_axis',(0.979418480683672,-0.201840134005323,0.));
#12413=DIRECTION('center_axis',(0.,0.,-1.));
#12414=DIRECTION('ref_axis',(0.979418480683672,-0.201840134005323,0.));
#12415=DIRECTION('center_axis',(0.,0.,1.));
#12416=DIRECTION('ref_axis',(-1.,0.,0.));
#12417=DIRECTION('center_axis',(0.,0.,1.));
#12418=DIRECTION('ref_axis',(-1.,0.,0.));
#12419=DIRECTION('',(0.476397313188244,-0.522537654133189,-0.707106781186552));
#12420=DIRECTION('center_axis',(0.,0.,-1.));
#12421=DIRECTION('ref_axis',(-1.,0.,0.));
#12422=DIRECTION('center_axis',(0.,0.,-1.));
#12423=DIRECTION('ref_axis',(0.673727541388913,-0.73897983732579,0.));
#12424=DIRECTION('',(-0.692553449310859,-0.142722527470762,-0.70710678118654));
#12425=DIRECTION('center_axis',(0.,0.,1.));
#12426=DIRECTION('ref_axis',(0.673727541388913,-0.73897983732579,0.));
#12427=DIRECTION('center_axis',(0.,0.,-1.));
#12428=DIRECTION('ref_axis',(0.673727541388913,-0.73897983732579,0.));
#12429=DIRECTION('center_axis',(0.,0.,1.));
#12430=DIRECTION('ref_axis',(1.,0.,0.));
#12431=DIRECTION('center_axis',(0.,0.,1.));
#12432=DIRECTION('ref_axis',(1.,0.,0.));
#12433=DIRECTION('',(0.0782735955768466,-0.702761157318375,-0.707106781186555));
#12434=DIRECTION('center_axis',(0.,0.,-1.));
#12435=DIRECTION('ref_axis',(1.,0.,0.));
#12436=DIRECTION('center_axis',(0.,0.,-1.));
#12437=DIRECTION('ref_axis',(0.110695580440488,-0.993854359788668,0.));
#12438=DIRECTION('',(-0.644177706822679,0.291607753725209,-0.707106781186556));
#12439=DIRECTION('center_axis',(0.,0.,1.));
#12440=DIRECTION('ref_axis',(0.110695580440488,-0.993854359788668,0.));
#12441=DIRECTION('center_axis',(0.,0.,-1.));
#12442=DIRECTION('ref_axis',(0.110695580440488,-0.993854359788668,0.));
#12443=DIRECTION('center_axis',(0.,0.,1.));
#12444=DIRECTION('ref_axis',(1.,0.,0.));
#12445=DIRECTION('center_axis',(0.,0.,1.));
#12446=DIRECTION('ref_axis',(1.,0.,0.));
#12447=DIRECTION('',(-0.349747975123232,-0.614553784381165,-0.707106781186539));
#12448=DIRECTION('center_axis',(0.,0.,-1.));
#12449=DIRECTION('ref_axis',(1.,0.,0.));
#12450=DIRECTION('center_axis',(0.,0.,-1.));
#12451=DIRECTION('ref_axis',(-0.494618329831803,0.86911029667954,0.));
#12452=DIRECTION('',(-0.349747975123228,0.614553784381176,-0.707106781186531));
#12453=DIRECTION('center_axis',(0.,0.,1.));
#12454=DIRECTION('ref_axis',(-0.494618329831803,0.86911029667954,0.));
#12455=DIRECTION('center_axis',(0.,0.,-1.));
#12456=DIRECTION('ref_axis',(-0.494618329831803,0.86911029667954,0.));
#12457=DIRECTION('center_axis',(0.,0.,1.));
#12458=DIRECTION('ref_axis',(1.,0.,0.));
#12459=DIRECTION('center_axis',(0.,0.,1.));
#12460=DIRECTION('ref_axis',(1.,0.,0.));
#12461=DIRECTION('',(-0.644177706822701,-0.291607753725198,-0.707106781186541));
#12462=DIRECTION('center_axis',(0.,0.,-1.));
#12463=DIRECTION('ref_axis',(1.,0.,0.));
#12464=DIRECTION('center_axis',(0.,0.,-1.));
#12465=DIRECTION('ref_axis',(-0.911004849567047,-0.41239564021134,0.));
#12466=DIRECTION('',(0.0782735955768456,0.702761157318384,-0.707106781186546));
#12467=DIRECTION('center_axis',(0.,0.,1.));
#12468=DIRECTION('ref_axis',(-0.911004849567048,-0.41239564021134,0.));
#12469=DIRECTION('center_axis',(0.,0.,-1.));
#12470=DIRECTION('ref_axis',(-0.911004849567048,-0.41239564021134,0.));
#12471=DIRECTION('center_axis',(0.,0.,1.));
#12472=DIRECTION('ref_axis',(1.,0.,0.));
#12473=DIRECTION('center_axis',(0.,0.,1.));
#12474=DIRECTION('ref_axis',(1.,0.,0.));
#12475=DIRECTION('',(-0.69255344931084,0.142722527470766,-0.707106781186557));
#12476=DIRECTION('center_axis',(0.,0.,-1.));
#12477=DIRECTION('ref_axis',(1.,0.,0.));
#12478=DIRECTION('center_axis',(0.,0.,-1.));
#12479=DIRECTION('ref_axis',(-0.979418480683672,0.201840134005323,0.));
#12480=DIRECTION('',(0.47639731318824,0.522537654133199,-0.707106781186547));
#12481=DIRECTION('center_axis',(0.,0.,1.));
#12482=DIRECTION('ref_axis',(-0.979418480683672,0.201840134005323,0.));
#12483=DIRECTION('center_axis',(0.,0.,-1.));
#12484=DIRECTION('ref_axis',(-0.979418480683672,0.201840134005323,0.));
#12485=DIRECTION('center_axis',(0.,0.,1.));
#12486=DIRECTION('ref_axis',(-1.,0.,0.));
#12487=DIRECTION('center_axis',(0.,0.,1.));
#12488=DIRECTION('ref_axis',(-1.,0.,0.));
#12489=DIRECTION('',(-0.476397313188243,0.522537654133193,-0.70710678118655));
#12490=DIRECTION('center_axis',(0.,0.,-1.));
#12491=DIRECTION('ref_axis',(-1.,0.,0.));
#12492=DIRECTION('center_axis',(0.,0.,-1.));
#12493=DIRECTION('ref_axis',(0.979418480683672,0.201840134005323,0.));
#12494=DIRECTION('',(0.692553449310859,0.142722527470767,-0.707106781186539));
#12495=DIRECTION('center_axis',(0.,0.,1.));
#12496=DIRECTION('ref_axis',(0.979418480683672,0.201840134005323,0.));
#12497=DIRECTION('center_axis',(0.,0.,-1.));
#12498=DIRECTION('ref_axis',(0.979418480683672,0.201840134005323,0.));
#12499=DIRECTION('center_axis',(0.,0.,1.));
#12500=DIRECTION('ref_axis',(-1.,0.,0.));
#12501=DIRECTION('center_axis',(0.,0.,1.));
#12502=DIRECTION('ref_axis',(-1.,0.,0.));
#12503=DIRECTION('',(-0.0782735955768466,0.702761157318375,-0.707106781186555));
#12504=DIRECTION('center_axis',(0.,0.,-1.));
#12505=DIRECTION('ref_axis',(-1.,0.,0.));
#12506=DIRECTION('center_axis',(0.,0.,-1.));
#12507=DIRECTION('ref_axis',(-0.110695580440488,0.993854359788668,0.));
#12508=DIRECTION('',(0.644177706822679,-0.291607753725209,-0.707106781186556));
#12509=DIRECTION('center_axis',(0.,0.,1.));
#12510=DIRECTION('ref_axis',(-0.110695580440488,0.993854359788668,0.));
#12511=DIRECTION('center_axis',(0.,0.,-1.));
#12512=DIRECTION('ref_axis',(-0.110695580440488,0.993854359788668,0.));
#12513=DIRECTION('center_axis',(0.,0.,1.));
#12514=DIRECTION('ref_axis',(-1.,0.,0.));
#12515=DIRECTION('center_axis',(0.,0.,1.));
#12516=DIRECTION('ref_axis',(-1.,0.,0.));
#12517=DIRECTION('',(0.349747975123232,0.614553784381165,-0.707106781186539));
#12518=DIRECTION('center_axis',(0.,0.,-1.));
#12519=DIRECTION('ref_axis',(-1.,0.,0.));
#12520=DIRECTION('center_axis',(0.,0.,-1.));
#12521=DIRECTION('ref_axis',(0.494618329831803,0.86911029667954,0.));
#12522=DIRECTION('',(0.349747975123228,-0.614553784381176,-0.707106781186531));
#12523=DIRECTION('center_axis',(0.,0.,1.));
#12524=DIRECTION('ref_axis',(0.494618329831803,0.86911029667954,0.));
#12525=DIRECTION('center_axis',(0.,0.,-1.));
#12526=DIRECTION('ref_axis',(0.494618329831803,0.86911029667954,0.));
#12527=DIRECTION('center_axis',(0.,0.,1.));
#12528=DIRECTION('ref_axis',(-1.,0.,0.));
#12529=DIRECTION('center_axis',(0.,0.,1.));
#12530=DIRECTION('ref_axis',(-1.,0.,0.));
#12531=DIRECTION('center_axis',(0.,0.,-1.));
#12532=DIRECTION('ref_axis',(-1.,0.,0.));
#12533=DIRECTION('center_axis',(0.,0.,-1.));
#12534=DIRECTION('ref_axis',(-1.,0.,0.));
#12535=DIRECTION('',(0.,0.,1.));
#12536=DIRECTION('center_axis',(0.,0.,1.));
#12537=DIRECTION('ref_axis',(0.855185118052353,0.518322692790681,0.));
#12538=DIRECTION('',(0.,0.,-1.));
#12539=DIRECTION('center_axis',(0.,0.,-1.));
#12540=DIRECTION('ref_axis',(0.979418480683672,-0.201840134005323,0.));
#12541=DIRECTION('',(0.,0.,-1.));
#12542=DIRECTION('center_axis',(0.,0.,1.));
#12543=DIRECTION('ref_axis',(0.979418480683672,-0.201840134005323,0.));
#12544=DIRECTION('center_axis',(0.,0.,-1.));
#12545=DIRECTION('ref_axis',(-1.,0.,0.));
#12546=DIRECTION('',(0.,0.,1.));
#12547=DIRECTION('center_axis',(0.,0.,1.));
#12548=DIRECTION('ref_axis',(0.996521728591782,-0.0833333333333496,0.));
#12549=DIRECTION('center_axis',(0.,0.,1.));
#12550=DIRECTION('ref_axis',(-0.979418480683672,-0.201840134005323,0.));
#12551=DIRECTION('',(0.,0.,-1.));
#12552=DIRECTION('center_axis',(0.,0.,1.));
#12553=DIRECTION('ref_axis',(-0.979418480683672,-0.201840134005323,0.));
#12554=DIRECTION('center_axis',(0.,0.,-1.));
#12555=DIRECTION('ref_axis',(-1.,0.,0.));
#12556=DIRECTION('',(0.,0.,1.));
#12557=DIRECTION('center_axis',(0.,0.,1.));
#12558=DIRECTION('ref_axis',(0.757220909336935,-0.653158858519844,0.));
#12559=DIRECTION('center_axis',(0.,0.,-1.));
#12560=DIRECTION('ref_axis',(0.110695580440488,-0.993854359788668,0.));
#12561=DIRECTION('',(0.,0.,-1.));
#12562=DIRECTION('center_axis',(0.,0.,1.));
#12563=DIRECTION('ref_axis',(0.110695580440488,-0.993854359788668,0.));
#12564=DIRECTION('center_axis',(0.,0.,-1.));
#12565=DIRECTION('ref_axis',(-1.,0.,0.));
#12566=DIRECTION('',(0.,0.,1.));
#12567=DIRECTION('center_axis',(0.,0.,1.));
#12568=DIRECTION('ref_axis',(0.228687439707497,-0.973499899804838,0.));
#12569=DIRECTION('center_axis',(0.,0.,-1.));
#12570=DIRECTION('ref_axis',(-0.494618329831803,-0.86911029667954,0.));
#12571=DIRECTION('',(0.,0.,-1.));
#12572=DIRECTION('center_axis',(0.,0.,1.));
#12573=DIRECTION('ref_axis',(-0.494618329831803,-0.86911029667954,0.));
#12574=DIRECTION('center_axis',(0.,0.,-1.));
#12575=DIRECTION('ref_axis',(-1.,0.,0.));
#12576=DIRECTION('',(0.,0.,1.));
#12577=DIRECTION('center_axis',(0.,0.,1.));
#12578=DIRECTION('ref_axis',(-0.387196859090016,-0.921997067409016,0.));
#12579=DIRECTION('center_axis',(0.,0.,-1.));
#12580=DIRECTION('ref_axis',(-0.911004849567047,-0.41239564021134,0.));
#12581=DIRECTION('',(0.,0.,-1.));
#12582=DIRECTION('center_axis',(0.,0.,1.));
#12583=DIRECTION('ref_axis',(-0.911004849567047,-0.41239564021134,0.));
#12584=DIRECTION('center_axis',(0.,0.,1.));
#12585=DIRECTION('ref_axis',(-1.,0.,0.));
#12586=DIRECTION('center_axis',(0.,0.,-1.));
#12587=DIRECTION('ref_axis',(1.,0.,0.));
#12588=DIRECTION('center_axis',(0.,0.,1.));
#12589=DIRECTION('ref_axis',(-0.855185118052354,-0.51832269279068,0.));
#12590=DIRECTION('center_axis',(0.,0.,1.));
#12591=DIRECTION('ref_axis',(-0.979418480683672,0.201840134005323,0.));
#12592=DIRECTION('center_axis',(0.,0.,1.));
#12593=DIRECTION('ref_axis',(-0.996521728591782,0.0833333333333496,0.));
#12594=DIRECTION('center_axis',(0.,0.,1.));
#12595=DIRECTION('ref_axis',(-0.673727541388913,0.73897983732579,0.));
#12596=DIRECTION('center_axis',(0.,0.,1.));
#12597=DIRECTION('ref_axis',(-0.757220909336935,0.653158858519844,0.));
#12598=DIRECTION('center_axis',(0.,0.,1.));
#12599=DIRECTION('ref_axis',(-0.110695580440488,0.993854359788668,0.));
#12600=DIRECTION('center_axis',(0.,0.,1.));
#12601=DIRECTION('ref_axis',(-0.228687439707496,0.973499899804838,0.));
#12602=DIRECTION('center_axis',(0.,0.,1.));
#12603=DIRECTION('ref_axis',(0.494618329831803,-0.86911029667954,0.));
#12604=DIRECTION('center_axis',(0.,0.,1.));
#12605=DIRECTION('ref_axis',(0.387196859090016,0.921997067409016,0.));
#12606=DIRECTION('center_axis',(0.,0.,1.));
#12607=DIRECTION('ref_axis',(0.911004849567047,0.41239564021134,0.));
#12608=DIRECTION('center_axis',(0.,0.,1.));
#12609=DIRECTION('ref_axis',(1.,0.,0.));
#12610=DIRECTION('center_axis',(0.,0.,-1.));
#12611=DIRECTION('ref_axis',(0.911004849567047,0.41239564021134,0.));
#12612=DIRECTION('',(0.,0.,1.));
#12613=DIRECTION('center_axis',(0.,0.,-1.));
#12614=DIRECTION('ref_axis',(0.951056516295152,-0.309016994374951,0.));
#12615=DIRECTION('',(0.,0.,-1.));
#12616=DIRECTION('center_axis',(0.,0.,1.));
#12617=DIRECTION('ref_axis',(0.494618329831803,-0.86911029667954,0.));
#12618=DIRECTION('',(0.,0.,1.));
#12619=DIRECTION('center_axis',(0.,0.,-1.));
#12620=DIRECTION('ref_axis',(-0.110695580440488,0.993854359788668,0.));
#12621=DIRECTION('',(0.,0.,-1.));
#12622=DIRECTION('',(0.,0.,1.));
#12623=DIRECTION('center_axis',(0.,0.,-1.));
#12624=DIRECTION('ref_axis',(-1.,0.,0.));
#12625=DIRECTION('',(0.,0.,-1.));
#12626=DIRECTION('center_axis',(0.,0.,-1.));
#12627=DIRECTION('ref_axis',(-0.673727541388913,0.73897983732579,0.));
#12628=DIRECTION('',(0.,0.,1.));
#12629=DIRECTION('center_axis',(0.,0.,-1.));
#12630=DIRECTION('ref_axis',(-1.,0.,0.));
#12631=DIRECTION('',(0.,0.,-1.));
#12632=DIRECTION('center_axis',(0.,0.,-1.));
#12633=DIRECTION('ref_axis',(-0.979418480683672,0.201840134005323,0.));
#12634=DIRECTION('',(0.,0.,1.));
#12635=DIRECTION('center_axis',(0.,0.,-1.));
#12636=DIRECTION('ref_axis',(-1.,0.,0.));
#12637=DIRECTION('center_axis',(0.,0.,-1.));
#12638=DIRECTION('ref_axis',(1.,0.,0.));
#12639=DIRECTION('',(0.,0.,1.));
#12640=DIRECTION('center_axis',(0.,0.,-1.));
#12641=DIRECTION('ref_axis',(1.,0.,0.));
#12642=DIRECTION('center_axis',(0.,0.,-1.));
#12643=DIRECTION('ref_axis',(0.951056516295151,0.309016994374954,0.));
#12644=DIRECTION('center_axis',(0.,0.,1.));
#12645=DIRECTION('ref_axis',(-1.,0.,0.));
#12646=DIRECTION('',(-5.42247032350598E-14,-1.,0.));
#12647=DIRECTION('center_axis',(0.,0.,1.));
#12648=DIRECTION('ref_axis',(-0.516129032258066,-0.856510841764629,0.));
#12649=DIRECTION('center_axis',(0.,0.,1.));
#12650=DIRECTION('ref_axis',(-1.,0.,0.));
#12651=DIRECTION('center_axis',(0.,0.,-1.));
#12652=DIRECTION('ref_axis',(-0.516129032258066,-0.856510841764629,0.));
#12653=DIRECTION('',(5.42247032350598E-14,1.,0.));
#12654=DIRECTION('center_axis',(0.,0.,-1.));
#12655=DIRECTION('ref_axis',(1.,-5.10344454868016E-15,0.));
#12656=DIRECTION('',(0.,0.,-1.));
#12657=DIRECTION('',(0.,0.,-1.));
#12658=DIRECTION('center_axis',(1.,-5.42247032350598E-14,0.));
#12659=DIRECTION('ref_axis',(-5.42247032350598E-14,-1.,0.));
#12660=CARTESIAN_POINT('',(0.,0.,0.));
#12661=CARTESIAN_POINT('Origin',(171.45,-38.1,6.51));
#12662=CARTESIAN_POINT('',(171.45,-38.1,6.51));
#12663=CARTESIAN_POINT('',(171.45,-19.05,6.51));
#12664=CARTESIAN_POINT('',(171.45,-71.4375,6.51));
#12665=CARTESIAN_POINT('',(171.45,-38.1,3.51));
#12666=CARTESIAN_POINT('',(171.45,-38.1,6.51));
#12667=CARTESIAN_POINT('',(171.45,-19.05,3.51));
#12668=CARTESIAN_POINT('',(171.45,-71.4375,3.51));
#12669=CARTESIAN_POINT('',(171.45,-19.05,5.01));
#12670=CARTESIAN_POINT('Origin',(190.5,-38.1,6.51));
#12671=CARTESIAN_POINT('',(190.5,-38.1,6.51));
#12672=CARTESIAN_POINT('',(147.6375,-38.1,6.51));
#12673=CARTESIAN_POINT('',(190.5,-38.1,3.51));
#12674=CARTESIAN_POINT('',(190.5,-38.1,5.01));
#12675=CARTESIAN_POINT('',(147.6375,-38.1,3.51));
#12676=CARTESIAN_POINT('Origin',(104.775,-104.775,6.51));
#12677=CARTESIAN_POINT('',(19.05,-19.05,6.51));
#12678=CARTESIAN_POINT('',(171.45,-19.05,6.51));
#12679=CARTESIAN_POINT('',(19.05,-193.8,6.51));
#12680=CARTESIAN_POINT('',(19.05,-38.1,6.51));
#12681=CARTESIAN_POINT('',(196.8,-193.8,6.51));
#12682=CARTESIAN_POINT('',(190.5,-193.8,6.51));
#12683=CARTESIAN_POINT('',(196.8,-95.1397459621557,6.51));
#12684=CARTESIAN_POINT('',(196.8,-193.8,6.51));
#12685=CARTESIAN_POINT('',(196.130127018922,-92.6397459621556,6.51));
#12686=CARTESIAN_POINT('Origin',(191.8,-95.1397459621557,6.51));
#12687=CARTESIAN_POINT('',(191.169872981078,-84.0483339501604,6.51));
#12688=CARTESIAN_POINT('',(196.8,-93.8,6.51));
#12689=CARTESIAN_POINT('',(190.5,-81.5483339501604,6.51));
#12690=CARTESIAN_POINT('Origin',(195.5,-81.5483339501604,6.51));
#12691=CARTESIAN_POINT('',(190.5,-190.5,6.51));
#12692=CARTESIAN_POINT('',(149.975,-154.825,6.51));
#12693=CARTESIAN_POINT('',(149.975,-169.025,6.51));
#12694=CARTESIAN_POINT('',(149.975,-154.825,6.51));
#12695=CARTESIAN_POINT('',(135.775,-169.025,6.51));
#12696=CARTESIAN_POINT('',(149.975,-169.025,6.51));
#12697=CARTESIAN_POINT('',(135.775,-154.825,6.51));
#12698=CARTESIAN_POINT('',(135.775,-169.025,6.51));
#12699=CARTESIAN_POINT('',(135.775,-154.825,6.51));
#12700=CARTESIAN_POINT('',(149.975,-40.525,6.51));
#12701=CARTESIAN_POINT('',(149.975,-54.725,6.51));
#12702=CARTESIAN_POINT('',(149.975,-40.525,6.51));
#12703=CARTESIAN_POINT('',(135.775,-54.725,6.51));
#12704=CARTESIAN_POINT('',(149.975,-54.725,6.51));
#12705=CARTESIAN_POINT('',(135.775,-40.525,6.51));
#12706=CARTESIAN_POINT('',(135.775,-54.725,6.51));
#12707=CARTESIAN_POINT('',(135.775,-40.525,6.51));
#12708=CARTESIAN_POINT('',(58.25,-133.35,6.51));
#12709=CARTESIAN_POINT('Origin',(57.15,-133.35,6.51));
#12710=CARTESIAN_POINT('',(153.5,-95.25,6.51));
#12711=CARTESIAN_POINT('Origin',(152.4,-95.25,6.51));
#12712=CARTESIAN_POINT('',(130.925,-59.575,6.51));
#12713=CARTESIAN_POINT('',(130.925,-73.775,6.51));
#12714=CARTESIAN_POINT('',(130.925,-59.575,6.51));
#12715=CARTESIAN_POINT('',(116.725,-73.775,6.51));
#12716=CARTESIAN_POINT('',(130.925,-73.775,6.51));
#12717=CARTESIAN_POINT('',(116.725,-59.575,6.51));
#12718=CARTESIAN_POINT('',(116.725,-73.775,6.51));
#12719=CARTESIAN_POINT('',(116.725,-59.575,6.51));
#12720=CARTESIAN_POINT('',(58.25,-95.25,6.51));
#12721=CARTESIAN_POINT('Origin',(57.15,-95.25,6.51));
#12722=CARTESIAN_POINT('',(149.975,-78.625,6.51));
#12723=CARTESIAN_POINT('',(149.975,-92.825,6.51));
#12724=CARTESIAN_POINT('',(149.975,-78.625,6.51));
#12725=CARTESIAN_POINT('',(135.775,-92.825,6.51));
#12726=CARTESIAN_POINT('',(149.975,-92.825,6.51));
#12727=CARTESIAN_POINT('',(135.775,-78.625,6.51));
#12728=CARTESIAN_POINT('',(135.775,-92.825,6.51));
#12729=CARTESIAN_POINT('',(135.775,-78.625,6.51));
#12730=CARTESIAN_POINT('',(169.025,-78.625,6.51));
#12731=CARTESIAN_POINT('',(169.025,-92.825,6.51));
#12732=CARTESIAN_POINT('',(169.025,-78.625,6.51));
#12733=CARTESIAN_POINT('',(154.825,-92.825,6.51));
#12734=CARTESIAN_POINT('',(169.025,-92.825,6.51));
#12735=CARTESIAN_POINT('',(154.825,-78.625,6.51));
#12736=CARTESIAN_POINT('',(154.825,-92.825,6.51));
#12737=CARTESIAN_POINT('',(154.825,-78.625,6.51));
#12738=CARTESIAN_POINT('',(169.025,-59.575,6.51));
#12739=CARTESIAN_POINT('',(169.025,-73.775,6.51));
#12740=CARTESIAN_POINT('',(169.025,-59.575,6.51));
#12741=CARTESIAN_POINT('',(154.825,-73.775,6.51));
#12742=CARTESIAN_POINT('',(169.025,-73.775,6.51));
#12743=CARTESIAN_POINT('',(154.825,-59.575,6.51));
#12744=CARTESIAN_POINT('',(154.825,-73.775,6.51));
#12745=CARTESIAN_POINT('',(154.825,-59.575,6.51));
#12746=CARTESIAN_POINT('',(130.925,-116.725,6.51));
#12747=CARTESIAN_POINT('',(130.925,-130.925,6.51));
#12748=CARTESIAN_POINT('',(130.925,-116.725,6.51));
#12749=CARTESIAN_POINT('',(116.725,-130.925,6.51));
#12750=CARTESIAN_POINT('',(130.925,-130.925,6.51));
#12751=CARTESIAN_POINT('',(116.725,-116.725,6.51));
#12752=CARTESIAN_POINT('',(116.725,-130.925,6.51));
#12753=CARTESIAN_POINT('',(116.725,-116.725,6.51));
#12754=CARTESIAN_POINT('',(169.025,-154.825,6.51));
#12755=CARTESIAN_POINT('',(169.025,-169.025,6.51));
#12756=CARTESIAN_POINT('',(169.025,-154.825,6.51));
#12757=CARTESIAN_POINT('',(154.825,-169.025,6.51));
#12758=CARTESIAN_POINT('',(169.025,-169.025,6.51));
#12759=CARTESIAN_POINT('',(154.825,-154.825,6.51));
#12760=CARTESIAN_POINT('',(154.825,-169.025,6.51));
#12761=CARTESIAN_POINT('',(154.825,-154.825,6.51));
#12762=CARTESIAN_POINT('',(188.075,-40.525,6.51));
#12763=CARTESIAN_POINT('',(188.075,-54.725,6.51));
#12764=CARTESIAN_POINT('',(188.075,-40.525,6.51));
#12765=CARTESIAN_POINT('',(173.875,-54.725,6.51));
#12766=CARTESIAN_POINT('',(188.075,-54.725,6.51));
#12767=CARTESIAN_POINT('',(173.875,-40.525,6.51));
#12768=CARTESIAN_POINT('',(173.875,-54.725,6.51));
#12769=CARTESIAN_POINT('',(173.875,-40.525,6.51));
#12770=CARTESIAN_POINT('',(130.925,-97.675,6.51));
#12771=CARTESIAN_POINT('',(130.925,-111.875,6.51));
#12772=CARTESIAN_POINT('',(130.925,-97.675,6.51));
#12773=CARTESIAN_POINT('',(116.725,-111.875,6.51));
#12774=CARTESIAN_POINT('',(130.925,-111.875,6.51));
#12775=CARTESIAN_POINT('',(116.725,-97.675,6.51));
#12776=CARTESIAN_POINT('',(116.725,-111.875,6.51));
#12777=CARTESIAN_POINT('',(116.725,-97.675,6.51));
#12778=CARTESIAN_POINT('',(149.975,-21.475,6.51));
#12779=CARTESIAN_POINT('',(149.975,-35.675,6.51));
#12780=CARTESIAN_POINT('',(149.975,-21.475,6.51));
#12781=CARTESIAN_POINT('',(135.775,-35.675,6.51));
#12782=CARTESIAN_POINT('',(149.975,-35.675,6.51));
#12783=CARTESIAN_POINT('',(135.775,-21.475,6.51));
#12784=CARTESIAN_POINT('',(135.775,-35.675,6.51));
#12785=CARTESIAN_POINT('',(135.775,-21.475,6.51));
#12786=CARTESIAN_POINT('',(149.975,-116.725,6.51));
#12787=CARTESIAN_POINT('',(149.975,-130.925,6.51));
#12788=CARTESIAN_POINT('',(149.975,-116.725,6.51));
#12789=CARTESIAN_POINT('',(135.775,-130.925,6.51));
#12790=CARTESIAN_POINT('',(149.975,-130.925,6.51));
#12791=CARTESIAN_POINT('',(135.775,-116.725,6.51));
#12792=CARTESIAN_POINT('',(135.775,-130.925,6.51));
#12793=CARTESIAN_POINT('',(135.775,-116.725,6.51));
#12794=CARTESIAN_POINT('',(153.5,-133.35,6.51));
#12795=CARTESIAN_POINT('Origin',(152.4,-133.35,6.51));
#12796=CARTESIAN_POINT('',(130.925,-40.525,6.51));
#12797=CARTESIAN_POINT('',(130.925,-54.725,6.51));
#12798=CARTESIAN_POINT('',(130.925,-40.525,6.51));
#12799=CARTESIAN_POINT('',(116.725,-54.725,6.51));
#12800=CARTESIAN_POINT('',(130.925,-54.725,6.51));
#12801=CARTESIAN_POINT('',(116.725,-40.525,6.51));
#12802=CARTESIAN_POINT('',(116.725,-54.725,6.51));
#12803=CARTESIAN_POINT('',(116.725,-40.525,6.51));
#12804=CARTESIAN_POINT('',(169.025,-116.725,6.51));
#12805=CARTESIAN_POINT('',(169.025,-130.925,6.51));
#12806=CARTESIAN_POINT('',(169.025,-116.725,6.51));
#12807=CARTESIAN_POINT('',(154.825,-130.925,6.51));
#12808=CARTESIAN_POINT('',(169.025,-130.925,6.51));
#12809=CARTESIAN_POINT('',(154.825,-116.725,6.51));
#12810=CARTESIAN_POINT('',(154.825,-130.925,6.51));
#12811=CARTESIAN_POINT('',(154.825,-116.725,6.51));
#12812=CARTESIAN_POINT('',(130.925,-21.475,6.51));
#12813=CARTESIAN_POINT('',(130.925,-35.675,6.51));
#12814=CARTESIAN_POINT('',(130.925,-21.475,6.51));
#12815=CARTESIAN_POINT('',(116.725,-35.675,6.51));
#12816=CARTESIAN_POINT('',(130.925,-35.675,6.51));
#12817=CARTESIAN_POINT('',(116.725,-21.475,6.51));
#12818=CARTESIAN_POINT('',(116.725,-35.675,6.51));
#12819=CARTESIAN_POINT('',(116.725,-21.475,6.51));
#12820=CARTESIAN_POINT('',(149.975,-135.775,6.51));
#12821=CARTESIAN_POINT('',(149.975,-149.975,6.51));
#12822=CARTESIAN_POINT('',(149.975,-135.775,6.51));
#12823=CARTESIAN_POINT('',(135.775,-149.975,6.51));
#12824=CARTESIAN_POINT('',(149.975,-149.975,6.51));
#12825=CARTESIAN_POINT('',(135.775,-135.775,6.51));
#12826=CARTESIAN_POINT('',(135.775,-149.975,6.51));
#12827=CARTESIAN_POINT('',(135.775,-135.775,6.51));
#12828=CARTESIAN_POINT('',(169.025,-40.525,6.51));
#12829=CARTESIAN_POINT('',(169.025,-54.725,6.51));
#12830=CARTESIAN_POINT('',(169.025,-40.525,6.51));
#12831=CARTESIAN_POINT('',(154.825,-54.725,6.51));
#12832=CARTESIAN_POINT('',(169.025,-54.725,6.51));
#12833=CARTESIAN_POINT('',(154.825,-40.525,6.51));
#12834=CARTESIAN_POINT('',(154.825,-54.725,6.51));
#12835=CARTESIAN_POINT('',(154.825,-40.525,6.51));
#12836=CARTESIAN_POINT('',(153.5,-171.45,6.51));
#12837=CARTESIAN_POINT('Origin',(152.4,-171.45,6.51));
#12838=CARTESIAN_POINT('',(188.075,-59.575,6.51));
#12839=CARTESIAN_POINT('',(188.075,-73.775,6.51));
#12840=CARTESIAN_POINT('',(188.075,-59.575,6.51));
#12841=CARTESIAN_POINT('',(173.875,-73.775,6.51));
#12842=CARTESIAN_POINT('',(188.075,-73.775,6.51));
#12843=CARTESIAN_POINT('',(173.875,-59.575,6.51));
#12844=CARTESIAN_POINT('',(173.875,-73.775,6.51));
#12845=CARTESIAN_POINT('',(173.875,-59.575,6.51));
#12846=CARTESIAN_POINT('',(149.975,-59.575,6.51));
#12847=CARTESIAN_POINT('',(149.975,-73.775,6.51));
#12848=CARTESIAN_POINT('',(149.975,-59.575,6.51));
#12849=CARTESIAN_POINT('',(135.775,-73.775,6.51));
#12850=CARTESIAN_POINT('',(149.975,-73.775,6.51));
#12851=CARTESIAN_POINT('',(135.775,-59.575,6.51));
#12852=CARTESIAN_POINT('',(135.775,-73.775,6.51));
#12853=CARTESIAN_POINT('',(135.775,-59.575,6.51));
#12854=CARTESIAN_POINT('',(188.075,-135.775,6.51));
#12855=CARTESIAN_POINT('',(188.075,-149.975,6.51));
#12856=CARTESIAN_POINT('',(188.075,-135.775,6.51));
#12857=CARTESIAN_POINT('',(173.875,-149.975,6.51));
#12858=CARTESIAN_POINT('',(188.075,-149.975,6.51));
#12859=CARTESIAN_POINT('',(173.875,-135.775,6.51));
#12860=CARTESIAN_POINT('',(173.875,-149.975,6.51));
#12861=CARTESIAN_POINT('',(173.875,-135.775,6.51));
#12862=CARTESIAN_POINT('',(188.075,-97.675,6.51));
#12863=CARTESIAN_POINT('',(188.075,-111.875,6.51));
#12864=CARTESIAN_POINT('',(188.075,-97.675,6.51));
#12865=CARTESIAN_POINT('',(173.875,-111.875,6.51));
#12866=CARTESIAN_POINT('',(188.075,-111.875,6.51));
#12867=CARTESIAN_POINT('',(173.875,-97.675,6.51));
#12868=CARTESIAN_POINT('',(173.875,-111.875,6.51));
#12869=CARTESIAN_POINT('',(173.875,-97.675,6.51));
#12870=CARTESIAN_POINT('',(58.25,-171.45,6.51));
#12871=CARTESIAN_POINT('Origin',(57.15,-171.45,6.51));
#12872=CARTESIAN_POINT('',(169.025,-21.475,6.51));
#12873=CARTESIAN_POINT('',(169.025,-35.675,6.51));
#12874=CARTESIAN_POINT('',(169.025,-21.475,6.51));
#12875=CARTESIAN_POINT('',(154.825,-35.675,6.51));
#12876=CARTESIAN_POINT('',(169.025,-35.675,6.51));
#12877=CARTESIAN_POINT('',(154.825,-21.475,6.51));
#12878=CARTESIAN_POINT('',(154.825,-35.675,6.51));
#12879=CARTESIAN_POINT('',(154.825,-21.475,6.51));
#12880=CARTESIAN_POINT('',(115.4,-152.4,6.51));
#12881=CARTESIAN_POINT('Origin',(114.3,-152.4,6.51));
#12882=CARTESIAN_POINT('',(130.925,-78.625,6.51));
#12883=CARTESIAN_POINT('',(130.925,-92.825,6.51));
#12884=CARTESIAN_POINT('',(130.925,-78.625,6.51));
#12885=CARTESIAN_POINT('',(116.725,-92.825,6.51));
#12886=CARTESIAN_POINT('',(130.925,-92.825,6.51));
#12887=CARTESIAN_POINT('',(116.725,-78.625,6.51));
#12888=CARTESIAN_POINT('',(116.725,-92.825,6.51));
#12889=CARTESIAN_POINT('',(116.725,-78.625,6.51));
#12890=CARTESIAN_POINT('',(58.25,-57.15,6.51));
#12891=CARTESIAN_POINT('Origin',(57.15,-57.15,6.51));
#12892=CARTESIAN_POINT('',(188.075,-78.625,6.51));
#12893=CARTESIAN_POINT('',(188.075,-92.825,6.51));
#12894=CARTESIAN_POINT('',(188.075,-78.625,6.51));
#12895=CARTESIAN_POINT('',(173.875,-92.825,6.51));
#12896=CARTESIAN_POINT('',(188.075,-92.825,6.51));
#12897=CARTESIAN_POINT('',(173.875,-78.625,6.51));
#12898=CARTESIAN_POINT('',(173.875,-92.825,6.51));
#12899=CARTESIAN_POINT('',(173.875,-78.625,6.51));
#12900=CARTESIAN_POINT('',(169.025,-97.675,6.51));
#12901=CARTESIAN_POINT('',(169.025,-111.875,6.51));
#12902=CARTESIAN_POINT('',(169.025,-97.675,6.51));
#12903=CARTESIAN_POINT('',(154.825,-111.875,6.51));
#12904=CARTESIAN_POINT('',(169.025,-111.875,6.51));
#12905=CARTESIAN_POINT('',(154.825,-97.675,6.51));
#12906=CARTESIAN_POINT('',(154.825,-111.875,6.51));
#12907=CARTESIAN_POINT('',(154.825,-97.675,6.51));
#12908=CARTESIAN_POINT('',(188.075,-116.725,6.51));
#12909=CARTESIAN_POINT('',(188.075,-130.925,6.51));
#12910=CARTESIAN_POINT('',(188.075,-116.725,6.51));
#12911=CARTESIAN_POINT('',(173.875,-130.925,6.51));
#12912=CARTESIAN_POINT('',(188.075,-130.925,6.51));
#12913=CARTESIAN_POINT('',(173.875,-116.725,6.51));
#12914=CARTESIAN_POINT('',(173.875,-130.925,6.51));
#12915=CARTESIAN_POINT('',(173.875,-116.725,6.51));
#12916=CARTESIAN_POINT('',(115.4,-76.2,6.51));
#12917=CARTESIAN_POINT('Origin',(114.3,-76.2,6.51));
#12918=CARTESIAN_POINT('',(149.975,-97.675,6.51));
#12919=CARTESIAN_POINT('',(149.975,-111.875,6.51));
#12920=CARTESIAN_POINT('',(149.975,-97.675,6.51));
#12921=CARTESIAN_POINT('',(135.775,-111.875,6.51));
#12922=CARTESIAN_POINT('',(149.975,-111.875,6.51));
#12923=CARTESIAN_POINT('',(135.775,-97.675,6.51));
#12924=CARTESIAN_POINT('',(135.775,-111.875,6.51));
#12925=CARTESIAN_POINT('',(135.775,-97.675,6.51));
#12926=CARTESIAN_POINT('',(169.025,-135.775,6.51));
#12927=CARTESIAN_POINT('',(169.025,-149.975,6.51));
#12928=CARTESIAN_POINT('',(169.025,-135.775,6.51));
#12929=CARTESIAN_POINT('',(154.825,-149.975,6.51));
#12930=CARTESIAN_POINT('',(169.025,-149.975,6.51));
#12931=CARTESIAN_POINT('',(154.825,-135.775,6.51));
#12932=CARTESIAN_POINT('',(154.825,-149.975,6.51));
#12933=CARTESIAN_POINT('',(154.825,-135.775,6.51));
#12934=CARTESIAN_POINT('',(153.5,-57.15,6.51));
#12935=CARTESIAN_POINT('Origin',(152.4,-57.15,6.51));
#12936=CARTESIAN_POINT('',(130.925,-135.775,6.51));
#12937=CARTESIAN_POINT('',(130.925,-149.975,6.51));
#12938=CARTESIAN_POINT('',(130.925,-135.775,6.51));
#12939=CARTESIAN_POINT('',(116.725,-149.975,6.51));
#12940=CARTESIAN_POINT('',(130.925,-149.975,6.51));
#12941=CARTESIAN_POINT('',(116.725,-135.775,6.51));
#12942=CARTESIAN_POINT('',(116.725,-149.975,6.51));
#12943=CARTESIAN_POINT('',(116.725,-135.775,6.51));
#12944=CARTESIAN_POINT('',(188.075,-154.825,6.51));
#12945=CARTESIAN_POINT('',(188.075,-169.025,6.51));
#12946=CARTESIAN_POINT('',(188.075,-154.825,6.51));
#12947=CARTESIAN_POINT('',(173.875,-169.025,6.51));
#12948=CARTESIAN_POINT('',(188.075,-169.025,6.51));
#12949=CARTESIAN_POINT('',(173.875,-154.825,6.51));
#12950=CARTESIAN_POINT('',(173.875,-169.025,6.51));
#12951=CARTESIAN_POINT('',(173.875,-154.825,6.51));
#12952=CARTESIAN_POINT('',(54.725,-173.875,6.51));
#12953=CARTESIAN_POINT('',(54.725,-188.075,6.51));
#12954=CARTESIAN_POINT('',(54.725,-173.875,6.51));
#12955=CARTESIAN_POINT('',(40.525,-188.075,6.51));
#12956=CARTESIAN_POINT('',(54.725,-188.075,6.51));
#12957=CARTESIAN_POINT('',(40.525,-173.875,6.51));
#12958=CARTESIAN_POINT('',(40.525,-188.075,6.51));
#12959=CARTESIAN_POINT('',(40.525,-173.875,6.51));
#12960=CARTESIAN_POINT('',(92.825,-154.825,6.51));
#12961=CARTESIAN_POINT('',(92.825,-169.025,6.51));
#12962=CARTESIAN_POINT('',(92.825,-154.825,6.51));
#12963=CARTESIAN_POINT('',(78.625,-169.025,6.51));
#12964=CARTESIAN_POINT('',(92.825,-169.025,6.51));
#12965=CARTESIAN_POINT('',(78.625,-154.825,6.51));
#12966=CARTESIAN_POINT('',(78.625,-169.025,6.51));
#12967=CARTESIAN_POINT('',(78.625,-154.825,6.51));
#12968=CARTESIAN_POINT('',(111.875,-21.4749999999999,6.51));
#12969=CARTESIAN_POINT('',(111.875,-35.675,6.51));
#12970=CARTESIAN_POINT('',(111.875,-21.4749999999999,6.51));
#12971=CARTESIAN_POINT('',(97.675,-35.675,6.51));
#12972=CARTESIAN_POINT('',(111.875,-35.675,6.51));
#12973=CARTESIAN_POINT('',(97.675,-21.475,6.51));
#12974=CARTESIAN_POINT('',(97.675,-35.675,6.51));
#12975=CARTESIAN_POINT('',(97.675,-21.475,6.51));
#12976=CARTESIAN_POINT('',(35.675,-59.5749999999999,6.51));
#12977=CARTESIAN_POINT('',(35.675,-73.775,6.51));
#12978=CARTESIAN_POINT('',(35.675,-59.5749999999999,6.51));
#12979=CARTESIAN_POINT('',(21.475,-73.775,6.51));
#12980=CARTESIAN_POINT('',(35.675,-73.775,6.51));
#12981=CARTESIAN_POINT('',(21.475,-59.575,6.51));
#12982=CARTESIAN_POINT('',(21.475,-73.775,6.51));
#12983=CARTESIAN_POINT('',(21.475,-59.575,6.51));
#12984=CARTESIAN_POINT('',(73.775,-78.6249999999999,6.51));
#12985=CARTESIAN_POINT('',(73.775,-92.825,6.51));
#12986=CARTESIAN_POINT('',(73.775,-78.6249999999999,6.51));
#12987=CARTESIAN_POINT('',(59.575,-92.825,6.51));
#12988=CARTESIAN_POINT('',(73.775,-92.825,6.51));
#12989=CARTESIAN_POINT('',(59.575,-78.625,6.51));
#12990=CARTESIAN_POINT('',(59.575,-92.825,6.51));
#12991=CARTESIAN_POINT('',(59.575,-78.625,6.51));
#12992=CARTESIAN_POINT('',(54.725,-154.825,6.51));
#12993=CARTESIAN_POINT('',(54.725,-169.025,6.51));
#12994=CARTESIAN_POINT('',(54.725,-154.825,6.51));
#12995=CARTESIAN_POINT('',(40.525,-169.025,6.51));
#12996=CARTESIAN_POINT('',(54.725,-169.025,6.51));
#12997=CARTESIAN_POINT('',(40.525,-154.825,6.51));
#12998=CARTESIAN_POINT('',(40.525,-169.025,6.51));
#12999=CARTESIAN_POINT('',(40.525,-154.825,6.51));
#13000=CARTESIAN_POINT('',(92.825,-135.775,6.51));
#13001=CARTESIAN_POINT('',(92.825,-149.975,6.51));
#13002=CARTESIAN_POINT('',(92.825,-135.775,6.51));
#13003=CARTESIAN_POINT('',(78.625,-149.975,6.51));
#13004=CARTESIAN_POINT('',(92.825,-149.975,6.51));
#13005=CARTESIAN_POINT('',(78.625,-135.775,6.51));
#13006=CARTESIAN_POINT('',(78.625,-149.975,6.51));
#13007=CARTESIAN_POINT('',(78.625,-135.775,6.51));
#13008=CARTESIAN_POINT('',(92.825,-97.675,6.51));
#13009=CARTESIAN_POINT('',(92.825,-111.875,6.51));
#13010=CARTESIAN_POINT('',(92.825,-97.675,6.51));
#13011=CARTESIAN_POINT('',(78.625,-111.875,6.51));
#13012=CARTESIAN_POINT('',(92.825,-111.875,6.51));
#13013=CARTESIAN_POINT('',(78.625,-97.675,6.51));
#13014=CARTESIAN_POINT('',(78.625,-111.875,6.51));
#13015=CARTESIAN_POINT('',(78.625,-97.675,6.51));
#13016=CARTESIAN_POINT('',(111.875,-40.5249999999999,6.51));
#13017=CARTESIAN_POINT('',(111.875,-54.725,6.51));
#13018=CARTESIAN_POINT('',(111.875,-40.5249999999999,6.51));
#13019=CARTESIAN_POINT('',(97.675,-54.725,6.51));
#13020=CARTESIAN_POINT('',(111.875,-54.725,6.51));
#13021=CARTESIAN_POINT('',(97.675,-40.525,6.51));
#13022=CARTESIAN_POINT('',(97.675,-54.725,6.51));
#13023=CARTESIAN_POINT('',(97.675,-40.525,6.51));
#13024=CARTESIAN_POINT('',(92.825,-78.6249999999999,6.51));
#13025=CARTESIAN_POINT('',(92.825,-92.825,6.51));
#13026=CARTESIAN_POINT('',(92.825,-78.6249999999999,6.51));
#13027=CARTESIAN_POINT('',(78.625,-92.825,6.51));
#13028=CARTESIAN_POINT('',(92.825,-92.825,6.51));
#13029=CARTESIAN_POINT('',(78.625,-78.625,6.51));
#13030=CARTESIAN_POINT('',(78.625,-92.825,6.51));
#13031=CARTESIAN_POINT('',(78.625,-78.625,6.51));
#13032=CARTESIAN_POINT('',(35.675,-116.725,6.51));
#13033=CARTESIAN_POINT('',(35.675,-130.925,6.51));
#13034=CARTESIAN_POINT('',(35.675,-116.725,6.51));
#13035=CARTESIAN_POINT('',(21.475,-130.925,6.51));
#13036=CARTESIAN_POINT('',(35.675,-130.925,6.51));
#13037=CARTESIAN_POINT('',(21.475,-116.725,6.51));
#13038=CARTESIAN_POINT('',(21.475,-130.925,6.51));
#13039=CARTESIAN_POINT('',(21.475,-116.725,6.51));
#13040=CARTESIAN_POINT('',(97.675,-173.875,6.51));
#13041=CARTESIAN_POINT('',(111.875,-173.875,6.51));
#13042=CARTESIAN_POINT('',(97.675,-173.875,6.51));
#13043=CARTESIAN_POINT('',(111.875,-188.075,6.51));
#13044=CARTESIAN_POINT('',(111.875,-173.875,6.51));
#13045=CARTESIAN_POINT('',(97.675,-188.075,6.51));
#13046=CARTESIAN_POINT('',(111.875,-188.075,6.51));
#13047=CARTESIAN_POINT('',(97.675,-188.075,6.51));
#13048=CARTESIAN_POINT('',(116.725,-173.875,6.51));
#13049=CARTESIAN_POINT('',(130.925,-173.875,6.51));
#13050=CARTESIAN_POINT('',(116.725,-173.875,6.51));
#13051=CARTESIAN_POINT('',(130.925,-188.075,6.51));
#13052=CARTESIAN_POINT('',(130.925,-173.875,6.51));
#13053=CARTESIAN_POINT('',(116.725,-188.075,6.51));
#13054=CARTESIAN_POINT('',(130.925,-188.075,6.51));
#13055=CARTESIAN_POINT('',(116.725,-188.075,6.51));
#13056=CARTESIAN_POINT('',(149.975,-173.875,6.51));
#13057=CARTESIAN_POINT('',(149.975,-188.075,6.51));
#13058=CARTESIAN_POINT('',(149.975,-173.875,6.51));
#13059=CARTESIAN_POINT('',(135.775,-188.075,6.51));
#13060=CARTESIAN_POINT('',(149.975,-188.075,6.51));
#13061=CARTESIAN_POINT('',(135.775,-173.875,6.51));
#13062=CARTESIAN_POINT('',(135.775,-188.075,6.51));
#13063=CARTESIAN_POINT('',(135.775,-173.875,6.51));
#13064=CARTESIAN_POINT('',(73.775,-97.675,6.51));
#13065=CARTESIAN_POINT('',(73.775,-111.875,6.51));
#13066=CARTESIAN_POINT('',(73.775,-97.675,6.51));
#13067=CARTESIAN_POINT('',(59.575,-111.875,6.51));
#13068=CARTESIAN_POINT('',(73.775,-111.875,6.51));
#13069=CARTESIAN_POINT('',(59.575,-97.675,6.51));
#13070=CARTESIAN_POINT('',(59.575,-111.875,6.51));
#13071=CARTESIAN_POINT('',(59.575,-97.675,6.51));
#13072=CARTESIAN_POINT('',(35.675,-173.875,6.51));
#13073=CARTESIAN_POINT('',(35.675,-188.075,6.51));
#13074=CARTESIAN_POINT('',(35.675,-173.875,6.51));
#13075=CARTESIAN_POINT('',(21.475,-188.075,6.51));
#13076=CARTESIAN_POINT('',(35.675,-188.075,6.51));
#13077=CARTESIAN_POINT('',(21.475,-173.875,6.51));
#13078=CARTESIAN_POINT('',(21.475,-188.075,6.51));
#13079=CARTESIAN_POINT('',(21.475,-173.875,6.51));
#13080=CARTESIAN_POINT('',(73.775,-116.725,6.51));
#13081=CARTESIAN_POINT('',(73.775,-130.925,6.51));
#13082=CARTESIAN_POINT('',(73.775,-116.725,6.51));
#13083=CARTESIAN_POINT('',(59.575,-130.925,6.51));
#13084=CARTESIAN_POINT('',(73.775,-130.925,6.51));
#13085=CARTESIAN_POINT('',(59.575,-116.725,6.51));
#13086=CARTESIAN_POINT('',(59.575,-130.925,6.51));
#13087=CARTESIAN_POINT('',(59.575,-116.725,6.51));
#13088=CARTESIAN_POINT('',(130.925,-154.825,6.51));
#13089=CARTESIAN_POINT('',(130.925,-169.025,6.51));
#13090=CARTESIAN_POINT('',(130.925,-154.825,6.51));
#13091=CARTESIAN_POINT('',(116.725,-169.025,6.51));
#13092=CARTESIAN_POINT('',(130.925,-169.025,6.51));
#13093=CARTESIAN_POINT('',(116.725,-154.825,6.51));
#13094=CARTESIAN_POINT('',(116.725,-169.025,6.51));
#13095=CARTESIAN_POINT('',(116.725,-154.825,6.51));
#13096=CARTESIAN_POINT('',(73.775,-59.5749999999999,6.51));
#13097=CARTESIAN_POINT('',(73.775,-73.775,6.51));
#13098=CARTESIAN_POINT('',(73.775,-59.5749999999999,6.51));
#13099=CARTESIAN_POINT('',(59.575,-73.775,6.51));
#13100=CARTESIAN_POINT('',(73.775,-73.775,6.51));
#13101=CARTESIAN_POINT('',(59.575,-59.575,6.51));
#13102=CARTESIAN_POINT('',(59.575,-73.775,6.51));
#13103=CARTESIAN_POINT('',(59.575,-59.575,6.51));
#13104=CARTESIAN_POINT('',(73.775,-173.875,6.51));
#13105=CARTESIAN_POINT('',(73.775,-188.075,6.51));
#13106=CARTESIAN_POINT('',(73.775,-173.875,6.51));
#13107=CARTESIAN_POINT('',(59.575,-188.075,6.51));
#13108=CARTESIAN_POINT('',(73.775,-188.075,6.51));
#13109=CARTESIAN_POINT('',(59.575,-173.875,6.51));
#13110=CARTESIAN_POINT('',(59.575,-188.075,6.51));
#13111=CARTESIAN_POINT('',(59.575,-173.875,6.51));
#13112=CARTESIAN_POINT('',(54.725,-135.775,6.51));
#13113=CARTESIAN_POINT('',(54.725,-149.975,6.51));
#13114=CARTESIAN_POINT('',(54.725,-135.775,6.51));
#13115=CARTESIAN_POINT('',(40.525,-149.975,6.51));
#13116=CARTESIAN_POINT('',(54.725,-149.975,6.51));
#13117=CARTESIAN_POINT('',(40.525,-135.775,6.51));
#13118=CARTESIAN_POINT('',(40.525,-149.975,6.51));
#13119=CARTESIAN_POINT('',(40.525,-135.775,6.51));
#13120=CARTESIAN_POINT('',(92.825,-173.875,6.51));
#13121=CARTESIAN_POINT('',(92.825,-188.075,6.51));
#13122=CARTESIAN_POINT('',(92.825,-173.875,6.51));
#13123=CARTESIAN_POINT('',(78.625,-188.075,6.51));
#13124=CARTESIAN_POINT('',(92.825,-188.075,6.51));
#13125=CARTESIAN_POINT('',(78.625,-173.875,6.51));
#13126=CARTESIAN_POINT('',(78.625,-188.075,6.51));
#13127=CARTESIAN_POINT('',(78.625,-173.875,6.51));
#13128=CARTESIAN_POINT('',(73.775,-40.5249999999999,6.51));
#13129=CARTESIAN_POINT('',(73.775,-54.725,6.51));
#13130=CARTESIAN_POINT('',(73.775,-40.5249999999999,6.51));
#13131=CARTESIAN_POINT('',(59.575,-54.725,6.51));
#13132=CARTESIAN_POINT('',(73.775,-54.725,6.51));
#13133=CARTESIAN_POINT('',(59.575,-40.525,6.51));
#13134=CARTESIAN_POINT('',(59.575,-54.725,6.51));
#13135=CARTESIAN_POINT('',(59.575,-40.525,6.51));
#13136=CARTESIAN_POINT('',(111.875,-116.725,6.51));
#13137=CARTESIAN_POINT('',(111.875,-130.925,6.51));
#13138=CARTESIAN_POINT('',(111.875,-116.725,6.51));
#13139=CARTESIAN_POINT('',(97.675,-130.925,6.51));
#13140=CARTESIAN_POINT('',(111.875,-130.925,6.51));
#13141=CARTESIAN_POINT('',(97.675,-116.725,6.51));
#13142=CARTESIAN_POINT('',(97.675,-130.925,6.51));
#13143=CARTESIAN_POINT('',(97.675,-116.725,6.51));
#13144=CARTESIAN_POINT('',(188.075,-173.875,6.51));
#13145=CARTESIAN_POINT('',(188.075,-188.075,6.51));
#13146=CARTESIAN_POINT('',(188.075,-173.875,6.51));
#13147=CARTESIAN_POINT('',(173.875,-188.075,6.51));
#13148=CARTESIAN_POINT('',(188.075,-188.075,6.51));
#13149=CARTESIAN_POINT('',(173.875,-173.875,6.51));
#13150=CARTESIAN_POINT('',(173.875,-188.075,6.51));
#13151=CARTESIAN_POINT('',(173.875,-173.875,6.51));
#13152=CARTESIAN_POINT('',(54.725,-40.5249999999999,6.51));
#13153=CARTESIAN_POINT('',(54.725,-54.725,6.51));
#13154=CARTESIAN_POINT('',(54.725,-40.5249999999999,6.51));
#13155=CARTESIAN_POINT('',(40.525,-54.725,6.51));
#13156=CARTESIAN_POINT('',(54.725,-54.725,6.51));
#13157=CARTESIAN_POINT('',(40.525,-40.525,6.51));
#13158=CARTESIAN_POINT('',(40.525,-54.725,6.51));
#13159=CARTESIAN_POINT('',(40.525,-40.525,6.51));
#13160=CARTESIAN_POINT('',(35.675,-21.4749999999999,6.51));
#13161=CARTESIAN_POINT('',(35.675,-35.675,6.51));
#13162=CARTESIAN_POINT('',(35.675,-21.4749999999999,6.51));
#13163=CARTESIAN_POINT('',(21.475,-35.675,6.51));
#13164=CARTESIAN_POINT('',(35.675,-35.675,6.51));
#13165=CARTESIAN_POINT('',(21.475,-21.475,6.51));
#13166=CARTESIAN_POINT('',(21.475,-35.675,6.51));
#13167=CARTESIAN_POINT('',(21.475,-21.475,6.51));
#13168=CARTESIAN_POINT('',(54.725,-59.5749999999999,6.51));
#13169=CARTESIAN_POINT('',(54.725,-73.775,6.51));
#13170=CARTESIAN_POINT('',(54.725,-59.5749999999999,6.51));
#13171=CARTESIAN_POINT('',(40.525,-73.775,6.51));
#13172=CARTESIAN_POINT('',(54.725,-73.775,6.51));
#13173=CARTESIAN_POINT('',(40.525,-59.575,6.51));
#13174=CARTESIAN_POINT('',(40.525,-73.775,6.51));
#13175=CARTESIAN_POINT('',(40.525,-59.575,6.51));
#13176=CARTESIAN_POINT('',(73.775,-154.825,6.51));
#13177=CARTESIAN_POINT('',(73.775,-169.025,6.51));
#13178=CARTESIAN_POINT('',(73.775,-154.825,6.51));
#13179=CARTESIAN_POINT('',(59.575,-169.025,6.51));
#13180=CARTESIAN_POINT('',(73.775,-169.025,6.51));
#13181=CARTESIAN_POINT('',(59.575,-154.825,6.51));
#13182=CARTESIAN_POINT('',(59.575,-169.025,6.51));
#13183=CARTESIAN_POINT('',(59.575,-154.825,6.51));
#13184=CARTESIAN_POINT('',(73.775,-21.4749999999999,6.51));
#13185=CARTESIAN_POINT('',(73.775,-35.675,6.51));
#13186=CARTESIAN_POINT('',(73.775,-21.4749999999999,6.51));
#13187=CARTESIAN_POINT('',(59.575,-35.675,6.51));
#13188=CARTESIAN_POINT('',(73.775,-35.675,6.51));
#13189=CARTESIAN_POINT('',(59.575,-21.475,6.51));
#13190=CARTESIAN_POINT('',(59.575,-35.675,6.51));
#13191=CARTESIAN_POINT('',(59.575,-21.475,6.51));
#13192=CARTESIAN_POINT('',(111.875,-97.675,6.51));
#13193=CARTESIAN_POINT('',(111.875,-111.875,6.51));
#13194=CARTESIAN_POINT('',(111.875,-97.675,6.51));
#13195=CARTESIAN_POINT('',(97.675,-111.875,6.51));
#13196=CARTESIAN_POINT('',(111.875,-111.875,6.51));
#13197=CARTESIAN_POINT('',(97.675,-97.675,6.51));
#13198=CARTESIAN_POINT('',(97.675,-111.875,6.51));
#13199=CARTESIAN_POINT('',(97.675,-97.675,6.51));
#13200=CARTESIAN_POINT('',(35.675,-97.675,6.51));
#13201=CARTESIAN_POINT('',(35.675,-111.875,6.51));
#13202=CARTESIAN_POINT('',(35.675,-97.675,6.51));
#13203=CARTESIAN_POINT('',(21.475,-111.875,6.51));
#13204=CARTESIAN_POINT('',(35.675,-111.875,6.51));
#13205=CARTESIAN_POINT('',(21.475,-97.675,6.51));
#13206=CARTESIAN_POINT('',(21.475,-111.875,6.51));
#13207=CARTESIAN_POINT('',(21.475,-97.675,6.51));
#13208=CARTESIAN_POINT('',(35.675,-135.775,6.51));
#13209=CARTESIAN_POINT('',(35.675,-149.975,6.51));
#13210=CARTESIAN_POINT('',(35.675,-135.775,6.51));
#13211=CARTESIAN_POINT('',(21.475,-149.975,6.51));
#13212=CARTESIAN_POINT('',(35.675,-149.975,6.51));
#13213=CARTESIAN_POINT('',(21.475,-135.775,6.51));
#13214=CARTESIAN_POINT('',(21.475,-149.975,6.51));
#13215=CARTESIAN_POINT('',(21.475,-135.775,6.51));
#13216=CARTESIAN_POINT('',(111.875,-154.825,6.51));
#13217=CARTESIAN_POINT('',(111.875,-169.025,6.51));
#13218=CARTESIAN_POINT('',(111.875,-154.825,6.51));
#13219=CARTESIAN_POINT('',(97.675,-169.025,6.51));
#13220=CARTESIAN_POINT('',(111.875,-169.025,6.51));
#13221=CARTESIAN_POINT('',(97.675,-154.825,6.51));
#13222=CARTESIAN_POINT('',(97.675,-169.025,6.51));
#13223=CARTESIAN_POINT('',(97.675,-154.825,6.51));
#13224=CARTESIAN_POINT('',(92.825,-59.5749999999999,6.51));
#13225=CARTESIAN_POINT('',(92.825,-73.775,6.51));
#13226=CARTESIAN_POINT('',(92.825,-59.5749999999999,6.51));
#13227=CARTESIAN_POINT('',(78.625,-73.775,6.51));
#13228=CARTESIAN_POINT('',(92.825,-73.775,6.51));
#13229=CARTESIAN_POINT('',(78.625,-59.575,6.51));
#13230=CARTESIAN_POINT('',(78.625,-73.775,6.51));
#13231=CARTESIAN_POINT('',(78.625,-59.575,6.51));
#13232=CARTESIAN_POINT('',(92.825,-21.4749999999999,6.51));
#13233=CARTESIAN_POINT('',(92.825,-35.675,6.51));
#13234=CARTESIAN_POINT('',(92.825,-21.4749999999999,6.51));
#13235=CARTESIAN_POINT('',(78.625,-35.675,6.51));
#13236=CARTESIAN_POINT('',(92.825,-35.675,6.51));
#13237=CARTESIAN_POINT('',(78.625,-21.475,6.51));
#13238=CARTESIAN_POINT('',(78.625,-35.675,6.51));
#13239=CARTESIAN_POINT('',(78.625,-21.475,6.51));
#13240=CARTESIAN_POINT('',(111.875,-59.5749999999999,6.51));
#13241=CARTESIAN_POINT('',(111.875,-73.775,6.51));
#13242=CARTESIAN_POINT('',(111.875,-59.5749999999999,6.51));
#13243=CARTESIAN_POINT('',(97.675,-73.775,6.51));
#13244=CARTESIAN_POINT('',(111.875,-73.775,6.51));
#13245=CARTESIAN_POINT('',(97.675,-59.575,6.51));
#13246=CARTESIAN_POINT('',(97.675,-73.775,6.51));
#13247=CARTESIAN_POINT('',(97.675,-59.575,6.51));
#13248=CARTESIAN_POINT('',(111.875,-135.775,6.51));
#13249=CARTESIAN_POINT('',(111.875,-149.975,6.51));
#13250=CARTESIAN_POINT('',(111.875,-135.775,6.51));
#13251=CARTESIAN_POINT('',(97.675,-149.975,6.51));
#13252=CARTESIAN_POINT('',(111.875,-149.975,6.51));
#13253=CARTESIAN_POINT('',(97.675,-135.775,6.51));
#13254=CARTESIAN_POINT('',(97.675,-149.975,6.51));
#13255=CARTESIAN_POINT('',(97.675,-135.775,6.51));
#13256=CARTESIAN_POINT('',(54.725,-97.675,6.51));
#13257=CARTESIAN_POINT('',(54.725,-111.875,6.51));
#13258=CARTESIAN_POINT('',(54.725,-97.675,6.51));
#13259=CARTESIAN_POINT('',(40.525,-111.875,6.51));
#13260=CARTESIAN_POINT('',(54.725,-111.875,6.51));
#13261=CARTESIAN_POINT('',(40.525,-97.675,6.51));
#13262=CARTESIAN_POINT('',(40.525,-111.875,6.51));
#13263=CARTESIAN_POINT('',(40.525,-97.675,6.51));
#13264=CARTESIAN_POINT('',(54.725,-78.6249999999999,6.51));
#13265=CARTESIAN_POINT('',(54.725,-92.825,6.51));
#13266=CARTESIAN_POINT('',(54.725,-78.6249999999999,6.51));
#13267=CARTESIAN_POINT('',(40.525,-92.825,6.51));
#13268=CARTESIAN_POINT('',(54.725,-92.825,6.51));
#13269=CARTESIAN_POINT('',(40.525,-78.625,6.51));
#13270=CARTESIAN_POINT('',(40.525,-92.825,6.51));
#13271=CARTESIAN_POINT('',(40.525,-78.625,6.51));
#13272=CARTESIAN_POINT('',(92.825,-116.725,6.51));
#13273=CARTESIAN_POINT('',(92.825,-130.925,6.51));
#13274=CARTESIAN_POINT('',(92.825,-116.725,6.51));
#13275=CARTESIAN_POINT('',(78.625,-130.925,6.51));
#13276=CARTESIAN_POINT('',(92.825,-130.925,6.51));
#13277=CARTESIAN_POINT('',(78.625,-116.725,6.51));
#13278=CARTESIAN_POINT('',(78.625,-130.925,6.51));
#13279=CARTESIAN_POINT('',(78.625,-116.725,6.51));
#13280=CARTESIAN_POINT('',(35.675,-40.5249999999999,6.51));
#13281=CARTESIAN_POINT('',(35.675,-54.725,6.51));
#13282=CARTESIAN_POINT('',(35.675,-40.5249999999999,6.51));
#13283=CARTESIAN_POINT('',(21.475,-54.725,6.51));
#13284=CARTESIAN_POINT('',(35.675,-54.725,6.51));
#13285=CARTESIAN_POINT('',(21.475,-40.525,6.51));
#13286=CARTESIAN_POINT('',(21.475,-54.725,6.51));
#13287=CARTESIAN_POINT('',(21.475,-40.525,6.51));
#13288=CARTESIAN_POINT('',(111.875,-78.6249999999999,6.51));
#13289=CARTESIAN_POINT('',(111.875,-92.825,6.51));
#13290=CARTESIAN_POINT('',(111.875,-78.6249999999999,6.51));
#13291=CARTESIAN_POINT('',(97.675,-92.825,6.51));
#13292=CARTESIAN_POINT('',(111.875,-92.825,6.51));
#13293=CARTESIAN_POINT('',(97.675,-78.625,6.51));
#13294=CARTESIAN_POINT('',(97.675,-92.825,6.51));
#13295=CARTESIAN_POINT('',(97.675,-78.625,6.51));
#13296=CARTESIAN_POINT('',(169.025,-173.875,6.51));
#13297=CARTESIAN_POINT('',(169.025,-188.075,6.51));
#13298=CARTESIAN_POINT('',(169.025,-173.875,6.51));
#13299=CARTESIAN_POINT('',(154.825,-188.075,6.51));
#13300=CARTESIAN_POINT('',(169.025,-188.075,6.51));
#13301=CARTESIAN_POINT('',(154.825,-173.875,6.51));
#13302=CARTESIAN_POINT('',(154.825,-188.075,6.51));
#13303=CARTESIAN_POINT('',(154.825,-173.875,6.51));
#13304=CARTESIAN_POINT('',(35.675,-154.825,6.51));
#13305=CARTESIAN_POINT('',(35.675,-169.025,6.51));
#13306=CARTESIAN_POINT('',(35.675,-154.825,6.51));
#13307=CARTESIAN_POINT('',(21.475,-169.025,6.51));
#13308=CARTESIAN_POINT('',(35.675,-169.025,6.51));
#13309=CARTESIAN_POINT('',(21.475,-154.825,6.51));
#13310=CARTESIAN_POINT('',(21.475,-169.025,6.51));
#13311=CARTESIAN_POINT('',(21.475,-154.825,6.51));
#13312=CARTESIAN_POINT('',(92.825,-40.5249999999999,6.51));
#13313=CARTESIAN_POINT('',(92.825,-54.725,6.51));
#13314=CARTESIAN_POINT('',(92.825,-40.5249999999999,6.51));
#13315=CARTESIAN_POINT('',(78.625,-54.725,6.51));
#13316=CARTESIAN_POINT('',(92.825,-54.725,6.51));
#13317=CARTESIAN_POINT('',(78.625,-40.525,6.51));
#13318=CARTESIAN_POINT('',(78.625,-54.725,6.51));
#13319=CARTESIAN_POINT('',(78.625,-40.525,6.51));
#13320=CARTESIAN_POINT('',(54.725,-116.725,6.51));
#13321=CARTESIAN_POINT('',(54.725,-130.925,6.51));
#13322=CARTESIAN_POINT('',(54.725,-116.725,6.51));
#13323=CARTESIAN_POINT('',(40.525,-130.925,6.51));
#13324=CARTESIAN_POINT('',(54.725,-130.925,6.51));
#13325=CARTESIAN_POINT('',(40.525,-116.725,6.51));
#13326=CARTESIAN_POINT('',(40.525,-130.925,6.51));
#13327=CARTESIAN_POINT('',(40.525,-116.725,6.51));
#13328=CARTESIAN_POINT('',(35.675,-78.6249999999999,6.51));
#13329=CARTESIAN_POINT('',(35.675,-92.825,6.51));
#13330=CARTESIAN_POINT('',(35.675,-78.6249999999999,6.51));
#13331=CARTESIAN_POINT('',(21.475,-92.825,6.51));
#13332=CARTESIAN_POINT('',(35.675,-92.825,6.51));
#13333=CARTESIAN_POINT('',(21.475,-78.625,6.51));
#13334=CARTESIAN_POINT('',(21.475,-92.825,6.51));
#13335=CARTESIAN_POINT('',(21.475,-78.625,6.51));
#13336=CARTESIAN_POINT('',(54.725,-21.4749999999999,6.51));
#13337=CARTESIAN_POINT('',(54.725,-35.675,6.51));
#13338=CARTESIAN_POINT('',(54.725,-21.4749999999999,6.51));
#13339=CARTESIAN_POINT('',(40.525,-35.675,6.51));
#13340=CARTESIAN_POINT('',(54.725,-35.675,6.51));
#13341=CARTESIAN_POINT('',(40.525,-21.475,6.51));
#13342=CARTESIAN_POINT('',(40.525,-35.675,6.51));
#13343=CARTESIAN_POINT('',(40.525,-21.475,6.51));
#13344=CARTESIAN_POINT('',(73.775,-135.775,6.51));
#13345=CARTESIAN_POINT('',(73.775,-149.975,6.51));
#13346=CARTESIAN_POINT('',(73.775,-135.775,6.51));
#13347=CARTESIAN_POINT('',(59.575,-149.975,6.51));
#13348=CARTESIAN_POINT('',(73.775,-149.975,6.51));
#13349=CARTESIAN_POINT('',(59.575,-135.775,6.51));
#13350=CARTESIAN_POINT('',(59.575,-149.975,6.51));
#13351=CARTESIAN_POINT('',(59.575,-135.775,6.51));
#13352=CARTESIAN_POINT('Origin',(190.5,-19.05,3.51));
#13353=CARTESIAN_POINT('',(19.05,-19.05,3.51));
#13354=CARTESIAN_POINT('',(171.45,-19.05,3.51));
#13355=CARTESIAN_POINT('',(19.05,-19.05,3.51));
#13356=CARTESIAN_POINT('Origin',(191.8,-95.1397459621557,6.51));
#13357=CARTESIAN_POINT('',(196.8,-95.1397459621557,3.51));
#13358=CARTESIAN_POINT('',(196.130127018922,-92.6397459621556,3.51));
#13359=CARTESIAN_POINT('Origin',(191.8,-95.1397459621557,3.51));
#13360=CARTESIAN_POINT('',(196.130127018922,-92.6397459621556,6.51));
#13361=CARTESIAN_POINT('',(196.8,-95.1397459621557,6.51));
#13362=CARTESIAN_POINT('Origin',(104.775,-104.775,3.51));
#13363=CARTESIAN_POINT('',(190.5,-81.5483339501604,3.51));
#13364=CARTESIAN_POINT('',(190.5,-190.5,3.51));
#13365=CARTESIAN_POINT('',(191.169872981078,-84.0483339501604,3.51));
#13366=CARTESIAN_POINT('Origin',(195.5,-81.5483339501604,3.51));
#13367=CARTESIAN_POINT('',(196.8,-93.8,3.51));
#13368=CARTESIAN_POINT('',(196.8,-193.8,3.51));
#13369=CARTESIAN_POINT('',(196.8,-193.8,3.51));
#13370=CARTESIAN_POINT('',(19.05,-193.8,3.51));
#13371=CARTESIAN_POINT('',(38.1,-193.8,3.51));
#13372=CARTESIAN_POINT('',(19.05,-38.1,3.51));
#13373=CARTESIAN_POINT('',(149.975,-154.825,3.51));
#13374=CARTESIAN_POINT('',(149.975,-169.025,3.51));
#13375=CARTESIAN_POINT('',(149.975,-154.825,3.51));
#13376=CARTESIAN_POINT('',(135.775,-154.825,3.51));
#13377=CARTESIAN_POINT('',(135.775,-154.825,3.51));
#13378=CARTESIAN_POINT('',(135.775,-169.025,3.51));
#13379=CARTESIAN_POINT('',(135.775,-169.025,3.51));
#13380=CARTESIAN_POINT('',(149.975,-169.025,3.51));
#13381=CARTESIAN_POINT('',(149.975,-40.525,3.51));
#13382=CARTESIAN_POINT('',(149.975,-54.725,3.51));
#13383=CARTESIAN_POINT('',(149.975,-40.525,3.51));
#13384=CARTESIAN_POINT('',(135.775,-40.525,3.51));
#13385=CARTESIAN_POINT('',(135.775,-40.525,3.51));
#13386=CARTESIAN_POINT('',(135.775,-54.725,3.51));
#13387=CARTESIAN_POINT('',(135.775,-54.725,3.51));
#13388=CARTESIAN_POINT('',(149.975,-54.725,3.51));
#13389=CARTESIAN_POINT('',(58.25,-133.35,3.51));
#13390=CARTESIAN_POINT('Origin',(57.15,-133.35,3.51));
#13391=CARTESIAN_POINT('',(153.5,-95.25,3.51));
#13392=CARTESIAN_POINT('Origin',(152.4,-95.25,3.51));
#13393=CARTESIAN_POINT('',(130.925,-59.575,3.51));
#13394=CARTESIAN_POINT('',(130.925,-73.775,3.51));
#13395=CARTESIAN_POINT('',(130.925,-59.575,3.51));
#13396=CARTESIAN_POINT('',(116.725,-59.575,3.51));
#13397=CARTESIAN_POINT('',(116.725,-59.575,3.51));
#13398=CARTESIAN_POINT('',(116.725,-73.775,3.51));
#13399=CARTESIAN_POINT('',(116.725,-73.775,3.51));
#13400=CARTESIAN_POINT('',(130.925,-73.775,3.51));
#13401=CARTESIAN_POINT('',(58.25,-95.25,3.51));
#13402=CARTESIAN_POINT('Origin',(57.15,-95.25,3.51));
#13403=CARTESIAN_POINT('',(149.975,-78.625,3.51));
#13404=CARTESIAN_POINT('',(149.975,-92.825,3.51));
#13405=CARTESIAN_POINT('',(149.975,-78.625,3.51));
#13406=CARTESIAN_POINT('',(135.775,-78.625,3.51));
#13407=CARTESIAN_POINT('',(135.775,-78.625,3.51));
#13408=CARTESIAN_POINT('',(135.775,-92.825,3.51));
#13409=CARTESIAN_POINT('',(135.775,-92.825,3.51));
#13410=CARTESIAN_POINT('',(149.975,-92.825,3.51));
#13411=CARTESIAN_POINT('',(169.025,-78.625,3.51));
#13412=CARTESIAN_POINT('',(169.025,-92.825,3.51));
#13413=CARTESIAN_POINT('',(169.025,-78.625,3.51));
#13414=CARTESIAN_POINT('',(154.825,-78.625,3.51));
#13415=CARTESIAN_POINT('',(154.825,-78.625,3.51));
#13416=CARTESIAN_POINT('',(154.825,-92.825,3.51));
#13417=CARTESIAN_POINT('',(154.825,-92.825,3.51));
#13418=CARTESIAN_POINT('',(169.025,-92.825,3.51));
#13419=CARTESIAN_POINT('',(169.025,-59.575,3.51));
#13420=CARTESIAN_POINT('',(169.025,-73.775,3.51));
#13421=CARTESIAN_POINT('',(169.025,-59.575,3.51));
#13422=CARTESIAN_POINT('',(154.825,-59.575,3.51));
#13423=CARTESIAN_POINT('',(154.825,-59.575,3.51));
#13424=CARTESIAN_POINT('',(154.825,-73.775,3.51));
#13425=CARTESIAN_POINT('',(154.825,-73.775,3.51));
#13426=CARTESIAN_POINT('',(169.025,-73.775,3.51));
#13427=CARTESIAN_POINT('',(130.925,-116.725,3.51));
#13428=CARTESIAN_POINT('',(130.925,-130.925,3.51));
#13429=CARTESIAN_POINT('',(130.925,-116.725,3.51));
#13430=CARTESIAN_POINT('',(116.725,-116.725,3.51));
#13431=CARTESIAN_POINT('',(116.725,-116.725,3.51));
#13432=CARTESIAN_POINT('',(116.725,-130.925,3.51));
#13433=CARTESIAN_POINT('',(116.725,-130.925,3.51));
#13434=CARTESIAN_POINT('',(130.925,-130.925,3.51));
#13435=CARTESIAN_POINT('',(169.025,-154.825,3.51));
#13436=CARTESIAN_POINT('',(169.025,-169.025,3.51));
#13437=CARTESIAN_POINT('',(169.025,-154.825,3.51));
#13438=CARTESIAN_POINT('',(154.825,-154.825,3.51));
#13439=CARTESIAN_POINT('',(154.825,-154.825,3.51));
#13440=CARTESIAN_POINT('',(154.825,-169.025,3.51));
#13441=CARTESIAN_POINT('',(154.825,-169.025,3.51));
#13442=CARTESIAN_POINT('',(169.025,-169.025,3.51));
#13443=CARTESIAN_POINT('',(188.075,-40.525,3.51));
#13444=CARTESIAN_POINT('',(188.075,-54.725,3.51));
#13445=CARTESIAN_POINT('',(188.075,-40.525,3.51));
#13446=CARTESIAN_POINT('',(173.875,-40.525,3.51));
#13447=CARTESIAN_POINT('',(173.875,-40.525,3.51));
#13448=CARTESIAN_POINT('',(173.875,-54.725,3.51));
#13449=CARTESIAN_POINT('',(173.875,-54.725,3.51));
#13450=CARTESIAN_POINT('',(188.075,-54.725,3.51));
#13451=CARTESIAN_POINT('',(130.925,-97.675,3.51));
#13452=CARTESIAN_POINT('',(130.925,-111.875,3.51));
#13453=CARTESIAN_POINT('',(130.925,-97.675,3.51));
#13454=CARTESIAN_POINT('',(116.725,-97.675,3.51));
#13455=CARTESIAN_POINT('',(116.725,-97.675,3.51));
#13456=CARTESIAN_POINT('',(116.725,-111.875,3.51));
#13457=CARTESIAN_POINT('',(116.725,-111.875,3.51));
#13458=CARTESIAN_POINT('',(130.925,-111.875,3.51));
#13459=CARTESIAN_POINT('',(149.975,-21.475,3.51));
#13460=CARTESIAN_POINT('',(149.975,-35.675,3.51));
#13461=CARTESIAN_POINT('',(149.975,-21.475,3.51));
#13462=CARTESIAN_POINT('',(135.775,-21.475,3.51));
#13463=CARTESIAN_POINT('',(135.775,-21.475,3.51));
#13464=CARTESIAN_POINT('',(135.775,-35.675,3.51));
#13465=CARTESIAN_POINT('',(135.775,-35.675,3.51));
#13466=CARTESIAN_POINT('',(149.975,-35.675,3.51));
#13467=CARTESIAN_POINT('',(149.975,-116.725,3.51));
#13468=CARTESIAN_POINT('',(149.975,-130.925,3.51));
#13469=CARTESIAN_POINT('',(149.975,-116.725,3.51));
#13470=CARTESIAN_POINT('',(135.775,-116.725,3.51));
#13471=CARTESIAN_POINT('',(135.775,-116.725,3.51));
#13472=CARTESIAN_POINT('',(135.775,-130.925,3.51));
#13473=CARTESIAN_POINT('',(135.775,-130.925,3.51));
#13474=CARTESIAN_POINT('',(149.975,-130.925,3.51));
#13475=CARTESIAN_POINT('',(153.5,-133.35,3.51));
#13476=CARTESIAN_POINT('Origin',(152.4,-133.35,3.51));
#13477=CARTESIAN_POINT('',(130.925,-40.525,3.51));
#13478=CARTESIAN_POINT('',(130.925,-54.725,3.51));
#13479=CARTESIAN_POINT('',(130.925,-40.525,3.51));
#13480=CARTESIAN_POINT('',(116.725,-40.525,3.51));
#13481=CARTESIAN_POINT('',(116.725,-40.525,3.51));
#13482=CARTESIAN_POINT('',(116.725,-54.725,3.51));
#13483=CARTESIAN_POINT('',(116.725,-54.725,3.51));
#13484=CARTESIAN_POINT('',(130.925,-54.725,3.51));
#13485=CARTESIAN_POINT('',(169.025,-116.725,3.51));
#13486=CARTESIAN_POINT('',(169.025,-130.925,3.51));
#13487=CARTESIAN_POINT('',(169.025,-116.725,3.51));
#13488=CARTESIAN_POINT('',(154.825,-116.725,3.51));
#13489=CARTESIAN_POINT('',(154.825,-116.725,3.51));
#13490=CARTESIAN_POINT('',(154.825,-130.925,3.51));
#13491=CARTESIAN_POINT('',(154.825,-130.925,3.51));
#13492=CARTESIAN_POINT('',(169.025,-130.925,3.51));
#13493=CARTESIAN_POINT('',(130.925,-21.475,3.51));
#13494=CARTESIAN_POINT('',(130.925,-35.675,3.51));
#13495=CARTESIAN_POINT('',(130.925,-21.475,3.51));
#13496=CARTESIAN_POINT('',(116.725,-21.475,3.51));
#13497=CARTESIAN_POINT('',(116.725,-21.475,3.51));
#13498=CARTESIAN_POINT('',(116.725,-35.675,3.51));
#13499=CARTESIAN_POINT('',(116.725,-35.675,3.51));
#13500=CARTESIAN_POINT('',(130.925,-35.675,3.51));
#13501=CARTESIAN_POINT('',(149.975,-135.775,3.51));
#13502=CARTESIAN_POINT('',(149.975,-149.975,3.51));
#13503=CARTESIAN_POINT('',(149.975,-135.775,3.51));
#13504=CARTESIAN_POINT('',(135.775,-135.775,3.51));
#13505=CARTESIAN_POINT('',(135.775,-135.775,3.51));
#13506=CARTESIAN_POINT('',(135.775,-149.975,3.51));
#13507=CARTESIAN_POINT('',(135.775,-149.975,3.51));
#13508=CARTESIAN_POINT('',(149.975,-149.975,3.51));
#13509=CARTESIAN_POINT('',(169.025,-40.525,3.51));
#13510=CARTESIAN_POINT('',(169.025,-54.725,3.51));
#13511=CARTESIAN_POINT('',(169.025,-40.525,3.51));
#13512=CARTESIAN_POINT('',(154.825,-40.525,3.51));
#13513=CARTESIAN_POINT('',(154.825,-40.525,3.51));
#13514=CARTESIAN_POINT('',(154.825,-54.725,3.51));
#13515=CARTESIAN_POINT('',(154.825,-54.725,3.51));
#13516=CARTESIAN_POINT('',(169.025,-54.725,3.51));
#13517=CARTESIAN_POINT('',(153.5,-171.45,3.51));
#13518=CARTESIAN_POINT('Origin',(152.4,-171.45,3.51));
#13519=CARTESIAN_POINT('',(188.075,-59.575,3.51));
#13520=CARTESIAN_POINT('',(188.075,-73.775,3.51));
#13521=CARTESIAN_POINT('',(188.075,-59.575,3.51));
#13522=CARTESIAN_POINT('',(173.875,-59.575,3.51));
#13523=CARTESIAN_POINT('',(173.875,-59.575,3.51));
#13524=CARTESIAN_POINT('',(173.875,-73.775,3.51));
#13525=CARTESIAN_POINT('',(173.875,-73.775,3.51));
#13526=CARTESIAN_POINT('',(188.075,-73.775,3.51));
#13527=CARTESIAN_POINT('',(149.975,-59.575,3.51));
#13528=CARTESIAN_POINT('',(149.975,-73.775,3.51));
#13529=CARTESIAN_POINT('',(149.975,-59.575,3.51));
#13530=CARTESIAN_POINT('',(135.775,-59.575,3.51));
#13531=CARTESIAN_POINT('',(135.775,-59.575,3.51));
#13532=CARTESIAN_POINT('',(135.775,-73.775,3.51));
#13533=CARTESIAN_POINT('',(135.775,-73.775,3.51));
#13534=CARTESIAN_POINT('',(149.975,-73.775,3.51));
#13535=CARTESIAN_POINT('',(188.075,-135.775,3.51));
#13536=CARTESIAN_POINT('',(188.075,-149.975,3.51));
#13537=CARTESIAN_POINT('',(188.075,-135.775,3.51));
#13538=CARTESIAN_POINT('',(173.875,-135.775,3.51));
#13539=CARTESIAN_POINT('',(173.875,-135.775,3.51));
#13540=CARTESIAN_POINT('',(173.875,-149.975,3.51));
#13541=CARTESIAN_POINT('',(173.875,-149.975,3.51));
#13542=CARTESIAN_POINT('',(188.075,-149.975,3.51));
#13543=CARTESIAN_POINT('',(188.075,-97.675,3.51));
#13544=CARTESIAN_POINT('',(188.075,-111.875,3.51));
#13545=CARTESIAN_POINT('',(188.075,-97.675,3.51));
#13546=CARTESIAN_POINT('',(173.875,-97.675,3.51));
#13547=CARTESIAN_POINT('',(173.875,-97.675,3.51));
#13548=CARTESIAN_POINT('',(173.875,-111.875,3.51));
#13549=CARTESIAN_POINT('',(173.875,-111.875,3.51));
#13550=CARTESIAN_POINT('',(188.075,-111.875,3.51));
#13551=CARTESIAN_POINT('',(58.25,-171.45,3.51));
#13552=CARTESIAN_POINT('Origin',(57.15,-171.45,3.51));
#13553=CARTESIAN_POINT('',(169.025,-21.475,3.51));
#13554=CARTESIAN_POINT('',(169.025,-35.675,3.51));
#13555=CARTESIAN_POINT('',(169.025,-21.475,3.51));
#13556=CARTESIAN_POINT('',(154.825,-21.475,3.51));
#13557=CARTESIAN_POINT('',(154.825,-21.475,3.51));
#13558=CARTESIAN_POINT('',(154.825,-35.675,3.51));
#13559=CARTESIAN_POINT('',(154.825,-35.675,3.51));
#13560=CARTESIAN_POINT('',(169.025,-35.675,3.51));
#13561=CARTESIAN_POINT('',(115.4,-152.4,3.51));
#13562=CARTESIAN_POINT('Origin',(114.3,-152.4,3.51));
#13563=CARTESIAN_POINT('',(130.925,-78.625,3.51));
#13564=CARTESIAN_POINT('',(130.925,-92.825,3.51));
#13565=CARTESIAN_POINT('',(130.925,-78.625,3.51));
#13566=CARTESIAN_POINT('',(116.725,-78.625,3.51));
#13567=CARTESIAN_POINT('',(116.725,-78.625,3.51));
#13568=CARTESIAN_POINT('',(116.725,-92.825,3.51));
#13569=CARTESIAN_POINT('',(116.725,-92.825,3.51));
#13570=CARTESIAN_POINT('',(130.925,-92.825,3.51));
#13571=CARTESIAN_POINT('',(58.25,-57.15,3.51));
#13572=CARTESIAN_POINT('Origin',(57.15,-57.15,3.51));
#13573=CARTESIAN_POINT('',(188.075,-78.625,3.51));
#13574=CARTESIAN_POINT('',(188.075,-92.825,3.51));
#13575=CARTESIAN_POINT('',(188.075,-78.625,3.51));
#13576=CARTESIAN_POINT('',(173.875,-78.625,3.51));
#13577=CARTESIAN_POINT('',(173.875,-78.625,3.51));
#13578=CARTESIAN_POINT('',(173.875,-92.825,3.51));
#13579=CARTESIAN_POINT('',(173.875,-92.825,3.51));
#13580=CARTESIAN_POINT('',(188.075,-92.825,3.51));
#13581=CARTESIAN_POINT('',(169.025,-97.675,3.51));
#13582=CARTESIAN_POINT('',(169.025,-111.875,3.51));
#13583=CARTESIAN_POINT('',(169.025,-97.675,3.51));
#13584=CARTESIAN_POINT('',(154.825,-97.675,3.51));
#13585=CARTESIAN_POINT('',(154.825,-97.675,3.51));
#13586=CARTESIAN_POINT('',(154.825,-111.875,3.51));
#13587=CARTESIAN_POINT('',(154.825,-111.875,3.51));
#13588=CARTESIAN_POINT('',(169.025,-111.875,3.51));
#13589=CARTESIAN_POINT('',(188.075,-116.725,3.51));
#13590=CARTESIAN_POINT('',(188.075,-130.925,3.51));
#13591=CARTESIAN_POINT('',(188.075,-116.725,3.51));
#13592=CARTESIAN_POINT('',(173.875,-116.725,3.51));
#13593=CARTESIAN_POINT('',(173.875,-116.725,3.51));
#13594=CARTESIAN_POINT('',(173.875,-130.925,3.51));
#13595=CARTESIAN_POINT('',(173.875,-130.925,3.51));
#13596=CARTESIAN_POINT('',(188.075,-130.925,3.51));
#13597=CARTESIAN_POINT('',(115.4,-76.2,3.51));
#13598=CARTESIAN_POINT('Origin',(114.3,-76.2,3.51));
#13599=CARTESIAN_POINT('',(149.975,-97.675,3.51));
#13600=CARTESIAN_POINT('',(149.975,-111.875,3.51));
#13601=CARTESIAN_POINT('',(149.975,-97.675,3.51));
#13602=CARTESIAN_POINT('',(135.775,-97.675,3.51));
#13603=CARTESIAN_POINT('',(135.775,-97.675,3.51));
#13604=CARTESIAN_POINT('',(135.775,-111.875,3.51));
#13605=CARTESIAN_POINT('',(135.775,-111.875,3.51));
#13606=CARTESIAN_POINT('',(149.975,-111.875,3.51));
#13607=CARTESIAN_POINT('',(169.025,-135.775,3.51));
#13608=CARTESIAN_POINT('',(169.025,-149.975,3.51));
#13609=CARTESIAN_POINT('',(169.025,-135.775,3.51));
#13610=CARTESIAN_POINT('',(154.825,-135.775,3.51));
#13611=CARTESIAN_POINT('',(154.825,-135.775,3.51));
#13612=CARTESIAN_POINT('',(154.825,-149.975,3.51));
#13613=CARTESIAN_POINT('',(154.825,-149.975,3.51));
#13614=CARTESIAN_POINT('',(169.025,-149.975,3.51));
#13615=CARTESIAN_POINT('',(153.5,-57.15,3.51));
#13616=CARTESIAN_POINT('Origin',(152.4,-57.15,3.51));
#13617=CARTESIAN_POINT('',(130.925,-135.775,3.51));
#13618=CARTESIAN_POINT('',(130.925,-149.975,3.51));
#13619=CARTESIAN_POINT('',(130.925,-135.775,3.51));
#13620=CARTESIAN_POINT('',(116.725,-135.775,3.51));
#13621=CARTESIAN_POINT('',(116.725,-135.775,3.51));
#13622=CARTESIAN_POINT('',(116.725,-149.975,3.51));
#13623=CARTESIAN_POINT('',(116.725,-149.975,3.51));
#13624=CARTESIAN_POINT('',(130.925,-149.975,3.51));
#13625=CARTESIAN_POINT('',(188.075,-154.825,3.51));
#13626=CARTESIAN_POINT('',(188.075,-169.025,3.51));
#13627=CARTESIAN_POINT('',(188.075,-154.825,3.51));
#13628=CARTESIAN_POINT('',(173.875,-154.825,3.51));
#13629=CARTESIAN_POINT('',(173.875,-154.825,3.51));
#13630=CARTESIAN_POINT('',(173.875,-169.025,3.51));
#13631=CARTESIAN_POINT('',(173.875,-169.025,3.51));
#13632=CARTESIAN_POINT('',(188.075,-169.025,3.51));
#13633=CARTESIAN_POINT('',(54.725,-173.875,3.51));
#13634=CARTESIAN_POINT('',(54.725,-188.075,3.51));
#13635=CARTESIAN_POINT('',(54.725,-173.875,3.51));
#13636=CARTESIAN_POINT('',(40.525,-173.875,3.51));
#13637=CARTESIAN_POINT('',(40.525,-173.875,3.51));
#13638=CARTESIAN_POINT('',(40.525,-188.075,3.51));
#13639=CARTESIAN_POINT('',(40.525,-188.075,3.51));
#13640=CARTESIAN_POINT('',(54.725,-188.075,3.51));
#13641=CARTESIAN_POINT('',(92.825,-154.825,3.51));
#13642=CARTESIAN_POINT('',(92.825,-169.025,3.51));
#13643=CARTESIAN_POINT('',(92.825,-154.825,3.51));
#13644=CARTESIAN_POINT('',(78.625,-154.825,3.51));
#13645=CARTESIAN_POINT('',(78.625,-154.825,3.51));
#13646=CARTESIAN_POINT('',(78.625,-169.025,3.51));
#13647=CARTESIAN_POINT('',(78.625,-169.025,3.51));
#13648=CARTESIAN_POINT('',(92.825,-169.025,3.51));
#13649=CARTESIAN_POINT('',(111.875,-21.4749999999999,3.51));
#13650=CARTESIAN_POINT('',(111.875,-35.675,3.51));
#13651=CARTESIAN_POINT('',(111.875,-21.4749999999999,3.51));
#13652=CARTESIAN_POINT('',(97.675,-21.475,3.51));
#13653=CARTESIAN_POINT('',(97.675,-21.475,3.51));
#13654=CARTESIAN_POINT('',(97.675,-35.675,3.51));
#13655=CARTESIAN_POINT('',(97.675,-35.675,3.51));
#13656=CARTESIAN_POINT('',(111.875,-35.675,3.51));
#13657=CARTESIAN_POINT('',(35.675,-59.5749999999999,3.51));
#13658=CARTESIAN_POINT('',(35.675,-73.775,3.51));
#13659=CARTESIAN_POINT('',(35.675,-59.5749999999999,3.51));
#13660=CARTESIAN_POINT('',(21.475,-59.575,3.51));
#13661=CARTESIAN_POINT('',(21.475,-59.575,3.51));
#13662=CARTESIAN_POINT('',(21.475,-73.775,3.51));
#13663=CARTESIAN_POINT('',(21.475,-73.775,3.51));
#13664=CARTESIAN_POINT('',(35.675,-73.775,3.51));
#13665=CARTESIAN_POINT('',(73.775,-78.6249999999999,3.51));
#13666=CARTESIAN_POINT('',(73.775,-92.825,3.51));
#13667=CARTESIAN_POINT('',(73.775,-78.6249999999999,3.51));
#13668=CARTESIAN_POINT('',(59.575,-78.625,3.51));
#13669=CARTESIAN_POINT('',(59.575,-78.625,3.51));
#13670=CARTESIAN_POINT('',(59.575,-92.825,3.51));
#13671=CARTESIAN_POINT('',(59.575,-92.825,3.51));
#13672=CARTESIAN_POINT('',(73.775,-92.825,3.51));
#13673=CARTESIAN_POINT('',(54.725,-154.825,3.51));
#13674=CARTESIAN_POINT('',(54.725,-169.025,3.51));
#13675=CARTESIAN_POINT('',(54.725,-154.825,3.51));
#13676=CARTESIAN_POINT('',(40.525,-154.825,3.51));
#13677=CARTESIAN_POINT('',(40.525,-154.825,3.51));
#13678=CARTESIAN_POINT('',(40.525,-169.025,3.51));
#13679=CARTESIAN_POINT('',(40.525,-169.025,3.51));
#13680=CARTESIAN_POINT('',(54.725,-169.025,3.51));
#13681=CARTESIAN_POINT('',(92.825,-135.775,3.51));
#13682=CARTESIAN_POINT('',(92.825,-149.975,3.51));
#13683=CARTESIAN_POINT('',(92.825,-135.775,3.51));
#13684=CARTESIAN_POINT('',(78.625,-135.775,3.51));
#13685=CARTESIAN_POINT('',(78.625,-135.775,3.51));
#13686=CARTESIAN_POINT('',(78.625,-149.975,3.51));
#13687=CARTESIAN_POINT('',(78.625,-149.975,3.51));
#13688=CARTESIAN_POINT('',(92.825,-149.975,3.51));
#13689=CARTESIAN_POINT('',(92.825,-97.675,3.51));
#13690=CARTESIAN_POINT('',(92.825,-111.875,3.51));
#13691=CARTESIAN_POINT('',(92.825,-97.675,3.51));
#13692=CARTESIAN_POINT('',(78.625,-97.675,3.51));
#13693=CARTESIAN_POINT('',(78.625,-97.675,3.51));
#13694=CARTESIAN_POINT('',(78.625,-111.875,3.51));
#13695=CARTESIAN_POINT('',(78.625,-111.875,3.51));
#13696=CARTESIAN_POINT('',(92.825,-111.875,3.51));
#13697=CARTESIAN_POINT('',(111.875,-40.5249999999999,3.51));
#13698=CARTESIAN_POINT('',(111.875,-54.725,3.51));
#13699=CARTESIAN_POINT('',(111.875,-40.5249999999999,3.51));
#13700=CARTESIAN_POINT('',(97.675,-40.525,3.51));
#13701=CARTESIAN_POINT('',(97.675,-40.525,3.51));
#13702=CARTESIAN_POINT('',(97.675,-54.725,3.51));
#13703=CARTESIAN_POINT('',(97.675,-54.725,3.51));
#13704=CARTESIAN_POINT('',(111.875,-54.725,3.51));
#13705=CARTESIAN_POINT('',(92.825,-78.6249999999999,3.51));
#13706=CARTESIAN_POINT('',(92.825,-92.825,3.51));
#13707=CARTESIAN_POINT('',(92.825,-78.6249999999999,3.51));
#13708=CARTESIAN_POINT('',(78.625,-78.625,3.51));
#13709=CARTESIAN_POINT('',(78.625,-78.625,3.51));
#13710=CARTESIAN_POINT('',(78.625,-92.825,3.51));
#13711=CARTESIAN_POINT('',(78.625,-92.825,3.51));
#13712=CARTESIAN_POINT('',(92.825,-92.825,3.51));
#13713=CARTESIAN_POINT('',(35.675,-116.725,3.51));
#13714=CARTESIAN_POINT('',(35.675,-130.925,3.51));
#13715=CARTESIAN_POINT('',(35.675,-116.725,3.51));
#13716=CARTESIAN_POINT('',(21.475,-116.725,3.51));
#13717=CARTESIAN_POINT('',(21.475,-116.725,3.51));
#13718=CARTESIAN_POINT('',(21.475,-130.925,3.51));
#13719=CARTESIAN_POINT('',(21.475,-130.925,3.51));
#13720=CARTESIAN_POINT('',(35.675,-130.925,3.51));
#13721=CARTESIAN_POINT('',(97.675,-173.875,3.51));
#13722=CARTESIAN_POINT('',(111.875,-173.875,3.51));
#13723=CARTESIAN_POINT('',(97.675,-173.875,3.51));
#13724=CARTESIAN_POINT('',(97.675,-188.075,3.51));
#13725=CARTESIAN_POINT('',(97.675,-188.075,3.51));
#13726=CARTESIAN_POINT('',(111.875,-188.075,3.51));
#13727=CARTESIAN_POINT('',(111.875,-188.075,3.51));
#13728=CARTESIAN_POINT('',(111.875,-173.875,3.51));
#13729=CARTESIAN_POINT('',(116.725,-173.875,3.51));
#13730=CARTESIAN_POINT('',(130.925,-173.875,3.51));
#13731=CARTESIAN_POINT('',(116.725,-173.875,3.51));
#13732=CARTESIAN_POINT('',(116.725,-188.075,3.51));
#13733=CARTESIAN_POINT('',(116.725,-188.075,3.51));
#13734=CARTESIAN_POINT('',(130.925,-188.075,3.51));
#13735=CARTESIAN_POINT('',(130.925,-188.075,3.51));
#13736=CARTESIAN_POINT('',(130.925,-173.875,3.51));
#13737=CARTESIAN_POINT('',(149.975,-173.875,3.51));
#13738=CARTESIAN_POINT('',(149.975,-188.075,3.51));
#13739=CARTESIAN_POINT('',(149.975,-173.875,3.51));
#13740=CARTESIAN_POINT('',(135.775,-173.875,3.51));
#13741=CARTESIAN_POINT('',(135.775,-173.875,3.51));
#13742=CARTESIAN_POINT('',(135.775,-188.075,3.51));
#13743=CARTESIAN_POINT('',(135.775,-188.075,3.51));
#13744=CARTESIAN_POINT('',(149.975,-188.075,3.51));
#13745=CARTESIAN_POINT('',(73.775,-97.675,3.51));
#13746=CARTESIAN_POINT('',(73.775,-111.875,3.51));
#13747=CARTESIAN_POINT('',(73.775,-97.675,3.51));
#13748=CARTESIAN_POINT('',(59.575,-97.675,3.51));
#13749=CARTESIAN_POINT('',(59.575,-97.675,3.51));
#13750=CARTESIAN_POINT('',(59.575,-111.875,3.51));
#13751=CARTESIAN_POINT('',(59.575,-111.875,3.51));
#13752=CARTESIAN_POINT('',(73.775,-111.875,3.51));
#13753=CARTESIAN_POINT('',(35.675,-173.875,3.51));
#13754=CARTESIAN_POINT('',(35.675,-188.075,3.51));
#13755=CARTESIAN_POINT('',(35.675,-173.875,3.51));
#13756=CARTESIAN_POINT('',(21.475,-173.875,3.51));
#13757=CARTESIAN_POINT('',(21.475,-173.875,3.51));
#13758=CARTESIAN_POINT('',(21.475,-188.075,3.51));
#13759=CARTESIAN_POINT('',(21.475,-188.075,3.51));
#13760=CARTESIAN_POINT('',(35.675,-188.075,3.51));
#13761=CARTESIAN_POINT('',(73.775,-116.725,3.51));
#13762=CARTESIAN_POINT('',(73.775,-130.925,3.51));
#13763=CARTESIAN_POINT('',(73.775,-116.725,3.51));
#13764=CARTESIAN_POINT('',(59.575,-116.725,3.51));
#13765=CARTESIAN_POINT('',(59.575,-116.725,3.51));
#13766=CARTESIAN_POINT('',(59.575,-130.925,3.51));
#13767=CARTESIAN_POINT('',(59.575,-130.925,3.51));
#13768=CARTESIAN_POINT('',(73.775,-130.925,3.51));
#13769=CARTESIAN_POINT('',(130.925,-154.825,3.51));
#13770=CARTESIAN_POINT('',(130.925,-169.025,3.51));
#13771=CARTESIAN_POINT('',(130.925,-154.825,3.51));
#13772=CARTESIAN_POINT('',(116.725,-154.825,3.51));
#13773=CARTESIAN_POINT('',(116.725,-154.825,3.51));
#13774=CARTESIAN_POINT('',(116.725,-169.025,3.51));
#13775=CARTESIAN_POINT('',(116.725,-169.025,3.51));
#13776=CARTESIAN_POINT('',(130.925,-169.025,3.51));
#13777=CARTESIAN_POINT('',(73.775,-59.5749999999999,3.51));
#13778=CARTESIAN_POINT('',(73.775,-73.775,3.51));
#13779=CARTESIAN_POINT('',(73.775,-59.5749999999999,3.51));
#13780=CARTESIAN_POINT('',(59.575,-59.575,3.51));
#13781=CARTESIAN_POINT('',(59.575,-59.575,3.51));
#13782=CARTESIAN_POINT('',(59.575,-73.775,3.51));
#13783=CARTESIAN_POINT('',(59.575,-73.775,3.51));
#13784=CARTESIAN_POINT('',(73.775,-73.775,3.51));
#13785=CARTESIAN_POINT('',(73.775,-173.875,3.51));
#13786=CARTESIAN_POINT('',(73.775,-188.075,3.51));
#13787=CARTESIAN_POINT('',(73.775,-173.875,3.51));
#13788=CARTESIAN_POINT('',(59.575,-173.875,3.51));
#13789=CARTESIAN_POINT('',(59.575,-173.875,3.51));
#13790=CARTESIAN_POINT('',(59.575,-188.075,3.51));
#13791=CARTESIAN_POINT('',(59.575,-188.075,3.51));
#13792=CARTESIAN_POINT('',(73.775,-188.075,3.51));
#13793=CARTESIAN_POINT('',(54.725,-135.775,3.51));
#13794=CARTESIAN_POINT('',(54.725,-149.975,3.51));
#13795=CARTESIAN_POINT('',(54.725,-135.775,3.51));
#13796=CARTESIAN_POINT('',(40.525,-135.775,3.51));
#13797=CARTESIAN_POINT('',(40.525,-135.775,3.51));
#13798=CARTESIAN_POINT('',(40.525,-149.975,3.51));
#13799=CARTESIAN_POINT('',(40.525,-149.975,3.51));
#13800=CARTESIAN_POINT('',(54.725,-149.975,3.51));
#13801=CARTESIAN_POINT('',(92.825,-173.875,3.51));
#13802=CARTESIAN_POINT('',(92.825,-188.075,3.51));
#13803=CARTESIAN_POINT('',(92.825,-173.875,3.51));
#13804=CARTESIAN_POINT('',(78.625,-173.875,3.51));
#13805=CARTESIAN_POINT('',(78.625,-173.875,3.51));
#13806=CARTESIAN_POINT('',(78.625,-188.075,3.51));
#13807=CARTESIAN_POINT('',(78.625,-188.075,3.51));
#13808=CARTESIAN_POINT('',(92.825,-188.075,3.51));
#13809=CARTESIAN_POINT('',(73.775,-40.5249999999999,3.51));
#13810=CARTESIAN_POINT('',(73.775,-54.725,3.51));
#13811=CARTESIAN_POINT('',(73.775,-40.5249999999999,3.51));
#13812=CARTESIAN_POINT('',(59.575,-40.525,3.51));
#13813=CARTESIAN_POINT('',(59.575,-40.525,3.51));
#13814=CARTESIAN_POINT('',(59.575,-54.725,3.51));
#13815=CARTESIAN_POINT('',(59.575,-54.725,3.51));
#13816=CARTESIAN_POINT('',(73.775,-54.725,3.51));
#13817=CARTESIAN_POINT('',(111.875,-116.725,3.51));
#13818=CARTESIAN_POINT('',(111.875,-130.925,3.51));
#13819=CARTESIAN_POINT('',(111.875,-116.725,3.51));
#13820=CARTESIAN_POINT('',(97.675,-116.725,3.51));
#13821=CARTESIAN_POINT('',(97.675,-116.725,3.51));
#13822=CARTESIAN_POINT('',(97.675,-130.925,3.51));
#13823=CARTESIAN_POINT('',(97.675,-130.925,3.51));
#13824=CARTESIAN_POINT('',(111.875,-130.925,3.51));
#13825=CARTESIAN_POINT('',(188.075,-173.875,3.51));
#13826=CARTESIAN_POINT('',(188.075,-188.075,3.51));
#13827=CARTESIAN_POINT('',(188.075,-173.875,3.51));
#13828=CARTESIAN_POINT('',(173.875,-173.875,3.51));
#13829=CARTESIAN_POINT('',(173.875,-173.875,3.51));
#13830=CARTESIAN_POINT('',(173.875,-188.075,3.51));
#13831=CARTESIAN_POINT('',(173.875,-188.075,3.51));
#13832=CARTESIAN_POINT('',(188.075,-188.075,3.51));
#13833=CARTESIAN_POINT('',(54.725,-40.5249999999999,3.51));
#13834=CARTESIAN_POINT('',(54.725,-54.725,3.51));
#13835=CARTESIAN_POINT('',(54.725,-40.5249999999999,3.51));
#13836=CARTESIAN_POINT('',(40.525,-40.525,3.51));
#13837=CARTESIAN_POINT('',(40.525,-40.525,3.51));
#13838=CARTESIAN_POINT('',(40.525,-54.725,3.51));
#13839=CARTESIAN_POINT('',(40.525,-54.725,3.51));
#13840=CARTESIAN_POINT('',(54.725,-54.725,3.51));
#13841=CARTESIAN_POINT('',(35.675,-21.4749999999999,3.51));
#13842=CARTESIAN_POINT('',(35.675,-35.675,3.51));
#13843=CARTESIAN_POINT('',(35.675,-21.4749999999999,3.51));
#13844=CARTESIAN_POINT('',(21.475,-21.475,3.51));
#13845=CARTESIAN_POINT('',(21.475,-21.475,3.51));
#13846=CARTESIAN_POINT('',(21.475,-35.675,3.51));
#13847=CARTESIAN_POINT('',(21.475,-35.675,3.51));
#13848=CARTESIAN_POINT('',(35.675,-35.675,3.51));
#13849=CARTESIAN_POINT('',(54.725,-59.5749999999999,3.51));
#13850=CARTESIAN_POINT('',(54.725,-73.775,3.51));
#13851=CARTESIAN_POINT('',(54.725,-59.5749999999999,3.51));
#13852=CARTESIAN_POINT('',(40.525,-59.575,3.51));
#13853=CARTESIAN_POINT('',(40.525,-59.575,3.51));
#13854=CARTESIAN_POINT('',(40.525,-73.775,3.51));
#13855=CARTESIAN_POINT('',(40.525,-73.775,3.51));
#13856=CARTESIAN_POINT('',(54.725,-73.775,3.51));
#13857=CARTESIAN_POINT('',(73.775,-154.825,3.51));
#13858=CARTESIAN_POINT('',(73.775,-169.025,3.51));
#13859=CARTESIAN_POINT('',(73.775,-154.825,3.51));
#13860=CARTESIAN_POINT('',(59.575,-154.825,3.51));
#13861=CARTESIAN_POINT('',(59.575,-154.825,3.51));
#13862=CARTESIAN_POINT('',(59.575,-169.025,3.51));
#13863=CARTESIAN_POINT('',(59.575,-169.025,3.51));
#13864=CARTESIAN_POINT('',(73.775,-169.025,3.51));
#13865=CARTESIAN_POINT('',(73.775,-21.4749999999999,3.51));
#13866=CARTESIAN_POINT('',(73.775,-35.675,3.51));
#13867=CARTESIAN_POINT('',(73.775,-21.4749999999999,3.51));
#13868=CARTESIAN_POINT('',(59.575,-21.475,3.51));
#13869=CARTESIAN_POINT('',(59.575,-21.475,3.51));
#13870=CARTESIAN_POINT('',(59.575,-35.675,3.51));
#13871=CARTESIAN_POINT('',(59.575,-35.675,3.51));
#13872=CARTESIAN_POINT('',(73.775,-35.675,3.51));
#13873=CARTESIAN_POINT('',(111.875,-97.675,3.51));
#13874=CARTESIAN_POINT('',(111.875,-111.875,3.51));
#13875=CARTESIAN_POINT('',(111.875,-97.675,3.51));
#13876=CARTESIAN_POINT('',(97.675,-97.675,3.51));
#13877=CARTESIAN_POINT('',(97.675,-97.675,3.51));
#13878=CARTESIAN_POINT('',(97.675,-111.875,3.51));
#13879=CARTESIAN_POINT('',(97.675,-111.875,3.51));
#13880=CARTESIAN_POINT('',(111.875,-111.875,3.51));
#13881=CARTESIAN_POINT('',(35.675,-97.675,3.51));
#13882=CARTESIAN_POINT('',(35.675,-111.875,3.51));
#13883=CARTESIAN_POINT('',(35.675,-97.675,3.51));
#13884=CARTESIAN_POINT('',(21.475,-97.675,3.51));
#13885=CARTESIAN_POINT('',(21.475,-97.675,3.51));
#13886=CARTESIAN_POINT('',(21.475,-111.875,3.51));
#13887=CARTESIAN_POINT('',(21.475,-111.875,3.51));
#13888=CARTESIAN_POINT('',(35.675,-111.875,3.51));
#13889=CARTESIAN_POINT('',(35.675,-135.775,3.51));
#13890=CARTESIAN_POINT('',(35.675,-149.975,3.51));
#13891=CARTESIAN_POINT('',(35.675,-135.775,3.51));
#13892=CARTESIAN_POINT('',(21.475,-135.775,3.51));
#13893=CARTESIAN_POINT('',(21.475,-135.775,3.51));
#13894=CARTESIAN_POINT('',(21.475,-149.975,3.51));
#13895=CARTESIAN_POINT('',(21.475,-149.975,3.51));
#13896=CARTESIAN_POINT('',(35.675,-149.975,3.51));
#13897=CARTESIAN_POINT('',(111.875,-154.825,3.51));
#13898=CARTESIAN_POINT('',(111.875,-169.025,3.51));
#13899=CARTESIAN_POINT('',(111.875,-154.825,3.51));
#13900=CARTESIAN_POINT('',(97.675,-154.825,3.51));
#13901=CARTESIAN_POINT('',(97.675,-154.825,3.51));
#13902=CARTESIAN_POINT('',(97.675,-169.025,3.51));
#13903=CARTESIAN_POINT('',(97.675,-169.025,3.51));
#13904=CARTESIAN_POINT('',(111.875,-169.025,3.51));
#13905=CARTESIAN_POINT('',(92.825,-59.5749999999999,3.51));
#13906=CARTESIAN_POINT('',(92.825,-73.775,3.51));
#13907=CARTESIAN_POINT('',(92.825,-59.5749999999999,3.51));
#13908=CARTESIAN_POINT('',(78.625,-59.575,3.51));
#13909=CARTESIAN_POINT('',(78.625,-59.575,3.51));
#13910=CARTESIAN_POINT('',(78.625,-73.775,3.51));
#13911=CARTESIAN_POINT('',(78.625,-73.775,3.51));
#13912=CARTESIAN_POINT('',(92.825,-73.775,3.51));
#13913=CARTESIAN_POINT('',(92.825,-21.4749999999999,3.51));
#13914=CARTESIAN_POINT('',(92.825,-35.675,3.51));
#13915=CARTESIAN_POINT('',(92.825,-21.4749999999999,3.51));
#13916=CARTESIAN_POINT('',(78.625,-21.475,3.51));
#13917=CARTESIAN_POINT('',(78.625,-21.475,3.51));
#13918=CARTESIAN_POINT('',(78.625,-35.675,3.51));
#13919=CARTESIAN_POINT('',(78.625,-35.675,3.51));
#13920=CARTESIAN_POINT('',(92.825,-35.675,3.51));
#13921=CARTESIAN_POINT('',(111.875,-59.5749999999999,3.51));
#13922=CARTESIAN_POINT('',(111.875,-73.775,3.51));
#13923=CARTESIAN_POINT('',(111.875,-59.5749999999999,3.51));
#13924=CARTESIAN_POINT('',(97.675,-59.575,3.51));
#13925=CARTESIAN_POINT('',(97.675,-59.575,3.51));
#13926=CARTESIAN_POINT('',(97.675,-73.775,3.51));
#13927=CARTESIAN_POINT('',(97.675,-73.775,3.51));
#13928=CARTESIAN_POINT('',(111.875,-73.775,3.51));
#13929=CARTESIAN_POINT('',(111.875,-135.775,3.51));
#13930=CARTESIAN_POINT('',(111.875,-149.975,3.51));
#13931=CARTESIAN_POINT('',(111.875,-135.775,3.51));
#13932=CARTESIAN_POINT('',(97.675,-135.775,3.51));
#13933=CARTESIAN_POINT('',(97.675,-135.775,3.51));
#13934=CARTESIAN_POINT('',(97.675,-149.975,3.51));
#13935=CARTESIAN_POINT('',(97.675,-149.975,3.51));
#13936=CARTESIAN_POINT('',(111.875,-149.975,3.51));
#13937=CARTESIAN_POINT('',(54.725,-97.675,3.51));
#13938=CARTESIAN_POINT('',(54.725,-111.875,3.51));
#13939=CARTESIAN_POINT('',(54.725,-97.675,3.51));
#13940=CARTESIAN_POINT('',(40.525,-97.675,3.51));
#13941=CARTESIAN_POINT('',(40.525,-97.675,3.51));
#13942=CARTESIAN_POINT('',(40.525,-111.875,3.51));
#13943=CARTESIAN_POINT('',(40.525,-111.875,3.51));
#13944=CARTESIAN_POINT('',(54.725,-111.875,3.51));
#13945=CARTESIAN_POINT('',(54.725,-78.6249999999999,3.51));
#13946=CARTESIAN_POINT('',(54.725,-92.825,3.51));
#13947=CARTESIAN_POINT('',(54.725,-78.6249999999999,3.51));
#13948=CARTESIAN_POINT('',(40.525,-78.625,3.51));
#13949=CARTESIAN_POINT('',(40.525,-78.625,3.51));
#13950=CARTESIAN_POINT('',(40.525,-92.825,3.51));
#13951=CARTESIAN_POINT('',(40.525,-92.825,3.51));
#13952=CARTESIAN_POINT('',(54.725,-92.825,3.51));
#13953=CARTESIAN_POINT('',(92.825,-116.725,3.51));
#13954=CARTESIAN_POINT('',(92.825,-130.925,3.51));
#13955=CARTESIAN_POINT('',(92.825,-116.725,3.51));
#13956=CARTESIAN_POINT('',(78.625,-116.725,3.51));
#13957=CARTESIAN_POINT('',(78.625,-116.725,3.51));
#13958=CARTESIAN_POINT('',(78.625,-130.925,3.51));
#13959=CARTESIAN_POINT('',(78.625,-130.925,3.51));
#13960=CARTESIAN_POINT('',(92.825,-130.925,3.51));
#13961=CARTESIAN_POINT('',(35.675,-40.5249999999999,3.51));
#13962=CARTESIAN_POINT('',(35.675,-54.725,3.51));
#13963=CARTESIAN_POINT('',(35.675,-40.5249999999999,3.51));
#13964=CARTESIAN_POINT('',(21.475,-40.525,3.51));
#13965=CARTESIAN_POINT('',(21.475,-40.525,3.51));
#13966=CARTESIAN_POINT('',(21.475,-54.725,3.51));
#13967=CARTESIAN_POINT('',(21.475,-54.725,3.51));
#13968=CARTESIAN_POINT('',(35.675,-54.725,3.51));
#13969=CARTESIAN_POINT('',(111.875,-78.6249999999999,3.51));
#13970=CARTESIAN_POINT('',(111.875,-92.825,3.51));
#13971=CARTESIAN_POINT('',(111.875,-78.6249999999999,3.51));
#13972=CARTESIAN_POINT('',(97.675,-78.625,3.51));
#13973=CARTESIAN_POINT('',(97.675,-78.625,3.51));
#13974=CARTESIAN_POINT('',(97.675,-92.825,3.51));
#13975=CARTESIAN_POINT('',(97.675,-92.825,3.51));
#13976=CARTESIAN_POINT('',(111.875,-92.825,3.51));
#13977=CARTESIAN_POINT('',(169.025,-173.875,3.51));
#13978=CARTESIAN_POINT('',(169.025,-188.075,3.51));
#13979=CARTESIAN_POINT('',(169.025,-173.875,3.51));
#13980=CARTESIAN_POINT('',(154.825,-173.875,3.51));
#13981=CARTESIAN_POINT('',(154.825,-173.875,3.51));
#13982=CARTESIAN_POINT('',(154.825,-188.075,3.51));
#13983=CARTESIAN_POINT('',(154.825,-188.075,3.51));
#13984=CARTESIAN_POINT('',(169.025,-188.075,3.51));
#13985=CARTESIAN_POINT('',(35.675,-154.825,3.51));
#13986=CARTESIAN_POINT('',(35.675,-169.025,3.51));
#13987=CARTESIAN_POINT('',(35.675,-154.825,3.51));
#13988=CARTESIAN_POINT('',(21.475,-154.825,3.51));
#13989=CARTESIAN_POINT('',(21.475,-154.825,3.51));
#13990=CARTESIAN_POINT('',(21.475,-169.025,3.51));
#13991=CARTESIAN_POINT('',(21.475,-169.025,3.51));
#13992=CARTESIAN_POINT('',(35.675,-169.025,3.51));
#13993=CARTESIAN_POINT('',(92.825,-40.5249999999999,3.51));
#13994=CARTESIAN_POINT('',(92.825,-54.725,3.51));
#13995=CARTESIAN_POINT('',(92.825,-40.5249999999999,3.51));
#13996=CARTESIAN_POINT('',(78.625,-40.525,3.51));
#13997=CARTESIAN_POINT('',(78.625,-40.525,3.51));
#13998=CARTESIAN_POINT('',(78.625,-54.725,3.51));
#13999=CARTESIAN_POINT('',(78.625,-54.725,3.51));
#14000=CARTESIAN_POINT('',(92.825,-54.725,3.51));
#14001=CARTESIAN_POINT('',(54.725,-116.725,3.51));
#14002=CARTESIAN_POINT('',(54.725,-130.925,3.51));
#14003=CARTESIAN_POINT('',(54.725,-116.725,3.51));
#14004=CARTESIAN_POINT('',(40.525,-116.725,3.51));
#14005=CARTESIAN_POINT('',(40.525,-116.725,3.51));
#14006=CARTESIAN_POINT('',(40.525,-130.925,3.51));
#14007=CARTESIAN_POINT('',(40.525,-130.925,3.51));
#14008=CARTESIAN_POINT('',(54.725,-130.925,3.51));
#14009=CARTESIAN_POINT('',(35.675,-78.6249999999999,3.51));
#14010=CARTESIAN_POINT('',(35.675,-92.825,3.51));
#14011=CARTESIAN_POINT('',(35.675,-78.6249999999999,3.51));
#14012=CARTESIAN_POINT('',(21.475,-78.625,3.51));
#14013=CARTESIAN_POINT('',(21.475,-78.625,3.51));
#14014=CARTESIAN_POINT('',(21.475,-92.825,3.51));
#14015=CARTESIAN_POINT('',(21.475,-92.825,3.51));
#14016=CARTESIAN_POINT('',(35.675,-92.825,3.51));
#14017=CARTESIAN_POINT('',(54.725,-21.4749999999999,3.51));
#14018=CARTESIAN_POINT('',(54.725,-35.675,3.51));
#14019=CARTESIAN_POINT('',(54.725,-21.4749999999999,3.51));
#14020=CARTESIAN_POINT('',(40.525,-21.475,3.51));
#14021=CARTESIAN_POINT('',(40.525,-21.475,3.51));
#14022=CARTESIAN_POINT('',(40.525,-35.675,3.51));
#14023=CARTESIAN_POINT('',(40.525,-35.675,3.51));
#14024=CARTESIAN_POINT('',(54.725,-35.675,3.51));
#14025=CARTESIAN_POINT('',(73.775,-135.775,3.51));
#14026=CARTESIAN_POINT('',(73.775,-149.975,3.51));
#14027=CARTESIAN_POINT('',(73.775,-135.775,3.51));
#14028=CARTESIAN_POINT('',(59.575,-135.775,3.51));
#14029=CARTESIAN_POINT('',(59.575,-135.775,3.51));
#14030=CARTESIAN_POINT('',(59.575,-149.975,3.51));
#14031=CARTESIAN_POINT('',(59.575,-149.975,3.51));
#14032=CARTESIAN_POINT('',(73.775,-149.975,3.51));
#14033=CARTESIAN_POINT('Origin',(196.8,-93.8,6.51));
#14034=CARTESIAN_POINT('',(196.8,-193.8,6.51));
#14035=CARTESIAN_POINT('Origin',(195.5,-81.5483339501604,5.01));
#14036=CARTESIAN_POINT('',(191.169872981078,-84.0483339501604,5.01));
#14037=CARTESIAN_POINT('',(190.5,-81.5483339501604,5.01));
#14038=CARTESIAN_POINT('Origin',(190.5,-82.8880799123161,6.51));
#14039=CARTESIAN_POINT('Origin',(19.05,-193.8,3.51));
#14040=CARTESIAN_POINT('',(19.05,-193.8,3.51));
#14041=CARTESIAN_POINT('Origin',(135.775,-154.825,3.51));
#14042=CARTESIAN_POINT('',(149.975,-154.825,3.51));
#14043=CARTESIAN_POINT('',(135.775,-154.825,3.51));
#14044=CARTESIAN_POINT('Origin',(135.775,-169.025,3.51));
#14045=CARTESIAN_POINT('',(135.775,-169.025,3.51));
#14046=CARTESIAN_POINT('Origin',(149.975,-169.025,3.51));
#14047=CARTESIAN_POINT('',(149.975,-169.025,3.51));
#14048=CARTESIAN_POINT('Origin',(149.975,-154.825,3.51));
#14049=CARTESIAN_POINT('Origin',(135.775,-40.525,3.51));
#14050=CARTESIAN_POINT('',(149.975,-40.525,3.51));
#14051=CARTESIAN_POINT('',(135.775,-40.525,3.51));
#14052=CARTESIAN_POINT('Origin',(135.775,-54.725,3.51));
#14053=CARTESIAN_POINT('',(135.775,-54.725,3.51));
#14054=CARTESIAN_POINT('Origin',(149.975,-54.725,3.51));
#14055=CARTESIAN_POINT('',(149.975,-54.725,3.51));
#14056=CARTESIAN_POINT('Origin',(149.975,-40.525,3.51));
#14057=CARTESIAN_POINT('Origin',(57.15,-133.35,3.51));
#14058=CARTESIAN_POINT('',(58.25,-133.35,3.51));
#14059=CARTESIAN_POINT('Origin',(152.4,-95.25,3.51));
#14060=CARTESIAN_POINT('',(153.5,-95.25,3.51));
#14061=CARTESIAN_POINT('Origin',(116.725,-59.575,3.51));
#14062=CARTESIAN_POINT('',(130.925,-59.575,3.51));
#14063=CARTESIAN_POINT('',(116.725,-59.575,3.51));
#14064=CARTESIAN_POINT('Origin',(116.725,-73.775,3.51));
#14065=CARTESIAN_POINT('',(116.725,-73.775,3.51));
#14066=CARTESIAN_POINT('Origin',(130.925,-73.775,3.51));
#14067=CARTESIAN_POINT('',(130.925,-73.775,3.51));
#14068=CARTESIAN_POINT('Origin',(130.925,-59.575,3.51));
#14069=CARTESIAN_POINT('Origin',(57.15,-95.25,3.51));
#14070=CARTESIAN_POINT('',(58.25,-95.25,3.51));
#14071=CARTESIAN_POINT('Origin',(135.775,-78.625,3.51));
#14072=CARTESIAN_POINT('',(149.975,-78.625,3.51));
#14073=CARTESIAN_POINT('',(135.775,-78.625,3.51));
#14074=CARTESIAN_POINT('Origin',(135.775,-92.825,3.51));
#14075=CARTESIAN_POINT('',(135.775,-92.825,3.51));
#14076=CARTESIAN_POINT('Origin',(149.975,-92.825,3.51));
#14077=CARTESIAN_POINT('',(149.975,-92.825,3.51));
#14078=CARTESIAN_POINT('Origin',(149.975,-78.625,3.51));
#14079=CARTESIAN_POINT('Origin',(154.825,-78.625,3.51));
#14080=CARTESIAN_POINT('',(169.025,-78.625,3.51));
#14081=CARTESIAN_POINT('',(154.825,-78.625,3.51));
#14082=CARTESIAN_POINT('Origin',(154.825,-92.825,3.51));
#14083=CARTESIAN_POINT('',(154.825,-92.825,3.51));
#14084=CARTESIAN_POINT('Origin',(169.025,-92.825,3.51));
#14085=CARTESIAN_POINT('',(169.025,-92.825,3.51));
#14086=CARTESIAN_POINT('Origin',(169.025,-78.625,3.51));
#14087=CARTESIAN_POINT('Origin',(154.825,-59.575,3.51));
#14088=CARTESIAN_POINT('',(169.025,-59.575,3.51));
#14089=CARTESIAN_POINT('',(154.825,-59.575,3.51));
#14090=CARTESIAN_POINT('Origin',(154.825,-73.775,3.51));
#14091=CARTESIAN_POINT('',(154.825,-73.775,3.51));
#14092=CARTESIAN_POINT('Origin',(169.025,-73.775,3.51));
#14093=CARTESIAN_POINT('',(169.025,-73.775,3.51));
#14094=CARTESIAN_POINT('Origin',(169.025,-59.575,3.51));
#14095=CARTESIAN_POINT('Origin',(116.725,-116.725,3.51));
#14096=CARTESIAN_POINT('',(130.925,-116.725,3.51));
#14097=CARTESIAN_POINT('',(116.725,-116.725,3.51));
#14098=CARTESIAN_POINT('Origin',(116.725,-130.925,3.51));
#14099=CARTESIAN_POINT('',(116.725,-130.925,3.51));
#14100=CARTESIAN_POINT('Origin',(130.925,-130.925,3.51));
#14101=CARTESIAN_POINT('',(130.925,-130.925,3.51));
#14102=CARTESIAN_POINT('Origin',(130.925,-116.725,3.51));
#14103=CARTESIAN_POINT('Origin',(154.825,-154.825,3.51));
#14104=CARTESIAN_POINT('',(169.025,-154.825,3.51));
#14105=CARTESIAN_POINT('',(154.825,-154.825,3.51));
#14106=CARTESIAN_POINT('Origin',(154.825,-169.025,3.51));
#14107=CARTESIAN_POINT('',(154.825,-169.025,3.51));
#14108=CARTESIAN_POINT('Origin',(169.025,-169.025,3.51));
#14109=CARTESIAN_POINT('',(169.025,-169.025,3.51));
#14110=CARTESIAN_POINT('Origin',(169.025,-154.825,3.51));
#14111=CARTESIAN_POINT('Origin',(173.875,-40.525,3.51));
#14112=CARTESIAN_POINT('',(188.075,-40.525,3.51));
#14113=CARTESIAN_POINT('',(173.875,-40.525,3.51));
#14114=CARTESIAN_POINT('Origin',(173.875,-54.725,3.51));
#14115=CARTESIAN_POINT('',(173.875,-54.725,3.51));
#14116=CARTESIAN_POINT('Origin',(188.075,-54.725,3.51));
#14117=CARTESIAN_POINT('',(188.075,-54.725,3.51));
#14118=CARTESIAN_POINT('Origin',(188.075,-40.525,3.51));
#14119=CARTESIAN_POINT('Origin',(116.725,-97.675,3.51));
#14120=CARTESIAN_POINT('',(130.925,-97.675,3.51));
#14121=CARTESIAN_POINT('',(116.725,-97.675,3.51));
#14122=CARTESIAN_POINT('Origin',(116.725,-111.875,3.51));
#14123=CARTESIAN_POINT('',(116.725,-111.875,3.51));
#14124=CARTESIAN_POINT('Origin',(130.925,-111.875,3.51));
#14125=CARTESIAN_POINT('',(130.925,-111.875,3.51));
#14126=CARTESIAN_POINT('Origin',(130.925,-97.675,3.51));
#14127=CARTESIAN_POINT('Origin',(135.775,-21.475,3.51));
#14128=CARTESIAN_POINT('',(149.975,-21.475,3.51));
#14129=CARTESIAN_POINT('',(135.775,-21.475,3.51));
#14130=CARTESIAN_POINT('Origin',(135.775,-35.675,3.51));
#14131=CARTESIAN_POINT('',(135.775,-35.675,3.51));
#14132=CARTESIAN_POINT('Origin',(149.975,-35.675,3.51));
#14133=CARTESIAN_POINT('',(149.975,-35.675,3.51));
#14134=CARTESIAN_POINT('Origin',(149.975,-21.475,3.51));
#14135=CARTESIAN_POINT('Origin',(135.775,-116.725,3.51));
#14136=CARTESIAN_POINT('',(149.975,-116.725,3.51));
#14137=CARTESIAN_POINT('',(135.775,-116.725,3.51));
#14138=CARTESIAN_POINT('Origin',(135.775,-130.925,3.51));
#14139=CARTESIAN_POINT('',(135.775,-130.925,3.51));
#14140=CARTESIAN_POINT('Origin',(149.975,-130.925,3.51));
#14141=CARTESIAN_POINT('',(149.975,-130.925,3.51));
#14142=CARTESIAN_POINT('Origin',(149.975,-116.725,3.51));
#14143=CARTESIAN_POINT('Origin',(152.4,-133.35,3.51));
#14144=CARTESIAN_POINT('',(153.5,-133.35,3.51));
#14145=CARTESIAN_POINT('Origin',(116.725,-40.525,3.51));
#14146=CARTESIAN_POINT('',(130.925,-40.525,3.51));
#14147=CARTESIAN_POINT('',(116.725,-40.525,3.51));
#14148=CARTESIAN_POINT('Origin',(116.725,-54.725,3.51));
#14149=CARTESIAN_POINT('',(116.725,-54.725,3.51));
#14150=CARTESIAN_POINT('Origin',(130.925,-54.725,3.51));
#14151=CARTESIAN_POINT('',(130.925,-54.725,3.51));
#14152=CARTESIAN_POINT('Origin',(130.925,-40.525,3.51));
#14153=CARTESIAN_POINT('Origin',(154.825,-116.725,3.51));
#14154=CARTESIAN_POINT('',(169.025,-116.725,3.51));
#14155=CARTESIAN_POINT('',(154.825,-116.725,3.51));
#14156=CARTESIAN_POINT('Origin',(154.825,-130.925,3.51));
#14157=CARTESIAN_POINT('',(154.825,-130.925,3.51));
#14158=CARTESIAN_POINT('Origin',(169.025,-130.925,3.51));
#14159=CARTESIAN_POINT('',(169.025,-130.925,3.51));
#14160=CARTESIAN_POINT('Origin',(169.025,-116.725,3.51));
#14161=CARTESIAN_POINT('Origin',(116.725,-21.475,3.51));
#14162=CARTESIAN_POINT('',(130.925,-21.475,3.51));
#14163=CARTESIAN_POINT('',(116.725,-21.475,3.51));
#14164=CARTESIAN_POINT('Origin',(116.725,-35.675,3.51));
#14165=CARTESIAN_POINT('',(116.725,-35.675,3.51));
#14166=CARTESIAN_POINT('Origin',(130.925,-35.675,3.51));
#14167=CARTESIAN_POINT('',(130.925,-35.675,3.51));
#14168=CARTESIAN_POINT('Origin',(130.925,-21.475,3.51));
#14169=CARTESIAN_POINT('Origin',(135.775,-135.775,3.51));
#14170=CARTESIAN_POINT('',(149.975,-135.775,3.51));
#14171=CARTESIAN_POINT('',(135.775,-135.775,3.51));
#14172=CARTESIAN_POINT('Origin',(135.775,-149.975,3.51));
#14173=CARTESIAN_POINT('',(135.775,-149.975,3.51));
#14174=CARTESIAN_POINT('Origin',(149.975,-149.975,3.51));
#14175=CARTESIAN_POINT('',(149.975,-149.975,3.51));
#14176=CARTESIAN_POINT('Origin',(149.975,-135.775,3.51));
#14177=CARTESIAN_POINT('Origin',(154.825,-40.525,3.51));
#14178=CARTESIAN_POINT('',(169.025,-40.525,3.51));
#14179=CARTESIAN_POINT('',(154.825,-40.525,3.51));
#14180=CARTESIAN_POINT('Origin',(154.825,-54.725,3.51));
#14181=CARTESIAN_POINT('',(154.825,-54.725,3.51));
#14182=CARTESIAN_POINT('Origin',(169.025,-54.725,3.51));
#14183=CARTESIAN_POINT('',(169.025,-54.725,3.51));
#14184=CARTESIAN_POINT('Origin',(169.025,-40.525,3.51));
#14185=CARTESIAN_POINT('Origin',(152.4,-171.45,3.51));
#14186=CARTESIAN_POINT('',(153.5,-171.45,3.51));
#14187=CARTESIAN_POINT('Origin',(173.875,-59.575,3.51));
#14188=CARTESIAN_POINT('',(188.075,-59.575,3.51));
#14189=CARTESIAN_POINT('',(173.875,-59.575,3.51));
#14190=CARTESIAN_POINT('Origin',(173.875,-73.775,3.51));
#14191=CARTESIAN_POINT('',(173.875,-73.775,3.51));
#14192=CARTESIAN_POINT('Origin',(188.075,-73.775,3.51));
#14193=CARTESIAN_POINT('',(188.075,-73.775,3.51));
#14194=CARTESIAN_POINT('Origin',(188.075,-59.575,3.51));
#14195=CARTESIAN_POINT('Origin',(135.775,-59.575,3.51));
#14196=CARTESIAN_POINT('',(149.975,-59.575,3.51));
#14197=CARTESIAN_POINT('',(135.775,-59.575,3.51));
#14198=CARTESIAN_POINT('Origin',(135.775,-73.775,3.51));
#14199=CARTESIAN_POINT('',(135.775,-73.775,3.51));
#14200=CARTESIAN_POINT('Origin',(149.975,-73.775,3.51));
#14201=CARTESIAN_POINT('',(149.975,-73.775,3.51));
#14202=CARTESIAN_POINT('Origin',(149.975,-59.575,3.51));
#14203=CARTESIAN_POINT('Origin',(173.875,-135.775,3.51));
#14204=CARTESIAN_POINT('',(188.075,-135.775,3.51));
#14205=CARTESIAN_POINT('',(173.875,-135.775,3.51));
#14206=CARTESIAN_POINT('Origin',(173.875,-149.975,3.51));
#14207=CARTESIAN_POINT('',(173.875,-149.975,3.51));
#14208=CARTESIAN_POINT('Origin',(188.075,-149.975,3.51));
#14209=CARTESIAN_POINT('',(188.075,-149.975,3.51));
#14210=CARTESIAN_POINT('Origin',(188.075,-135.775,3.51));
#14211=CARTESIAN_POINT('Origin',(173.875,-97.675,3.51));
#14212=CARTESIAN_POINT('',(188.075,-97.675,3.51));
#14213=CARTESIAN_POINT('',(173.875,-97.675,3.51));
#14214=CARTESIAN_POINT('Origin',(173.875,-111.875,3.51));
#14215=CARTESIAN_POINT('',(173.875,-111.875,3.51));
#14216=CARTESIAN_POINT('Origin',(188.075,-111.875,3.51));
#14217=CARTESIAN_POINT('',(188.075,-111.875,3.51));
#14218=CARTESIAN_POINT('Origin',(188.075,-97.675,3.51));
#14219=CARTESIAN_POINT('Origin',(57.15,-171.45,3.51));
#14220=CARTESIAN_POINT('',(58.25,-171.45,3.51));
#14221=CARTESIAN_POINT('Origin',(154.825,-21.475,3.51));
#14222=CARTESIAN_POINT('',(169.025,-21.475,3.51));
#14223=CARTESIAN_POINT('',(154.825,-21.475,3.51));
#14224=CARTESIAN_POINT('Origin',(154.825,-35.675,3.51));
#14225=CARTESIAN_POINT('',(154.825,-35.675,3.51));
#14226=CARTESIAN_POINT('Origin',(169.025,-35.675,3.51));
#14227=CARTESIAN_POINT('',(169.025,-35.675,3.51));
#14228=CARTESIAN_POINT('Origin',(169.025,-21.475,3.51));
#14229=CARTESIAN_POINT('Origin',(114.3,-152.4,3.51));
#14230=CARTESIAN_POINT('',(115.4,-152.4,3.51));
#14231=CARTESIAN_POINT('Origin',(116.725,-78.625,3.51));
#14232=CARTESIAN_POINT('',(130.925,-78.625,3.51));
#14233=CARTESIAN_POINT('',(116.725,-78.625,3.51));
#14234=CARTESIAN_POINT('Origin',(116.725,-92.825,3.51));
#14235=CARTESIAN_POINT('',(116.725,-92.825,3.51));
#14236=CARTESIAN_POINT('Origin',(130.925,-92.825,3.51));
#14237=CARTESIAN_POINT('',(130.925,-92.825,3.51));
#14238=CARTESIAN_POINT('Origin',(130.925,-78.625,3.51));
#14239=CARTESIAN_POINT('Origin',(57.15,-57.15,3.51));
#14240=CARTESIAN_POINT('',(58.25,-57.15,3.51));
#14241=CARTESIAN_POINT('Origin',(173.875,-78.625,3.51));
#14242=CARTESIAN_POINT('',(188.075,-78.625,3.51));
#14243=CARTESIAN_POINT('',(173.875,-78.625,3.51));
#14244=CARTESIAN_POINT('Origin',(173.875,-92.825,3.51));
#14245=CARTESIAN_POINT('',(173.875,-92.825,3.51));
#14246=CARTESIAN_POINT('Origin',(188.075,-92.825,3.51));
#14247=CARTESIAN_POINT('',(188.075,-92.825,3.51));
#14248=CARTESIAN_POINT('Origin',(188.075,-78.625,3.51));
#14249=CARTESIAN_POINT('Origin',(154.825,-97.675,3.51));
#14250=CARTESIAN_POINT('',(169.025,-97.675,3.51));
#14251=CARTESIAN_POINT('',(154.825,-97.675,3.51));
#14252=CARTESIAN_POINT('Origin',(154.825,-111.875,3.51));
#14253=CARTESIAN_POINT('',(154.825,-111.875,3.51));
#14254=CARTESIAN_POINT('Origin',(169.025,-111.875,3.51));
#14255=CARTESIAN_POINT('',(169.025,-111.875,3.51));
#14256=CARTESIAN_POINT('Origin',(169.025,-97.675,3.51));
#14257=CARTESIAN_POINT('Origin',(173.875,-116.725,3.51));
#14258=CARTESIAN_POINT('',(188.075,-116.725,3.51));
#14259=CARTESIAN_POINT('',(173.875,-116.725,3.51));
#14260=CARTESIAN_POINT('Origin',(173.875,-130.925,3.51));
#14261=CARTESIAN_POINT('',(173.875,-130.925,3.51));
#14262=CARTESIAN_POINT('Origin',(188.075,-130.925,3.51));
#14263=CARTESIAN_POINT('',(188.075,-130.925,3.51));
#14264=CARTESIAN_POINT('Origin',(188.075,-116.725,3.51));
#14265=CARTESIAN_POINT('Origin',(114.3,-76.2,3.51));
#14266=CARTESIAN_POINT('',(115.4,-76.2,3.51));
#14267=CARTESIAN_POINT('Origin',(135.775,-97.675,3.51));
#14268=CARTESIAN_POINT('',(149.975,-97.675,3.51));
#14269=CARTESIAN_POINT('',(135.775,-97.675,3.51));
#14270=CARTESIAN_POINT('Origin',(135.775,-111.875,3.51));
#14271=CARTESIAN_POINT('',(135.775,-111.875,3.51));
#14272=CARTESIAN_POINT('Origin',(149.975,-111.875,3.51));
#14273=CARTESIAN_POINT('',(149.975,-111.875,3.51));
#14274=CARTESIAN_POINT('Origin',(149.975,-97.675,3.51));
#14275=CARTESIAN_POINT('Origin',(154.825,-135.775,3.51));
#14276=CARTESIAN_POINT('',(169.025,-135.775,3.51));
#14277=CARTESIAN_POINT('',(154.825,-135.775,3.51));
#14278=CARTESIAN_POINT('Origin',(154.825,-149.975,3.51));
#14279=CARTESIAN_POINT('',(154.825,-149.975,3.51));
#14280=CARTESIAN_POINT('Origin',(169.025,-149.975,3.51));
#14281=CARTESIAN_POINT('',(169.025,-149.975,3.51));
#14282=CARTESIAN_POINT('Origin',(169.025,-135.775,3.51));
#14283=CARTESIAN_POINT('Origin',(152.4,-57.15,3.51));
#14284=CARTESIAN_POINT('',(153.5,-57.15,3.51));
#14285=CARTESIAN_POINT('Origin',(116.725,-135.775,3.51));
#14286=CARTESIAN_POINT('',(130.925,-135.775,3.51));
#14287=CARTESIAN_POINT('',(116.725,-135.775,3.51));
#14288=CARTESIAN_POINT('Origin',(116.725,-149.975,3.51));
#14289=CARTESIAN_POINT('',(116.725,-149.975,3.51));
#14290=CARTESIAN_POINT('Origin',(130.925,-149.975,3.51));
#14291=CARTESIAN_POINT('',(130.925,-149.975,3.51));
#14292=CARTESIAN_POINT('Origin',(130.925,-135.775,3.51));
#14293=CARTESIAN_POINT('Origin',(173.875,-154.825,3.51));
#14294=CARTESIAN_POINT('',(188.075,-154.825,3.51));
#14295=CARTESIAN_POINT('',(173.875,-154.825,3.51));
#14296=CARTESIAN_POINT('Origin',(173.875,-169.025,3.51));
#14297=CARTESIAN_POINT('',(173.875,-169.025,3.51));
#14298=CARTESIAN_POINT('Origin',(188.075,-169.025,3.51));
#14299=CARTESIAN_POINT('',(188.075,-169.025,3.51));
#14300=CARTESIAN_POINT('Origin',(188.075,-154.825,3.51));
#14301=CARTESIAN_POINT('Origin',(40.525,-173.875,3.51));
#14302=CARTESIAN_POINT('',(54.725,-173.875,3.51));
#14303=CARTESIAN_POINT('',(40.525,-173.875,3.51));
#14304=CARTESIAN_POINT('Origin',(40.525,-188.075,3.51));
#14305=CARTESIAN_POINT('',(40.525,-188.075,3.51));
#14306=CARTESIAN_POINT('Origin',(54.725,-188.075,3.51));
#14307=CARTESIAN_POINT('',(54.725,-188.075,3.51));
#14308=CARTESIAN_POINT('Origin',(54.725,-173.875,3.51));
#14309=CARTESIAN_POINT('Origin',(78.625,-154.825,3.51));
#14310=CARTESIAN_POINT('',(92.825,-154.825,3.51));
#14311=CARTESIAN_POINT('',(78.625,-154.825,3.51));
#14312=CARTESIAN_POINT('Origin',(78.625,-169.025,3.51));
#14313=CARTESIAN_POINT('',(78.625,-169.025,3.51));
#14314=CARTESIAN_POINT('Origin',(92.825,-169.025,3.51));
#14315=CARTESIAN_POINT('',(92.825,-169.025,3.51));
#14316=CARTESIAN_POINT('Origin',(92.825,-154.825,3.51));
#14317=CARTESIAN_POINT('Origin',(97.675,-21.475,3.51));
#14318=CARTESIAN_POINT('',(111.875,-21.4749999999999,3.51));
#14319=CARTESIAN_POINT('',(97.675,-21.475,3.51));
#14320=CARTESIAN_POINT('Origin',(97.675,-35.675,3.51));
#14321=CARTESIAN_POINT('',(97.675,-35.675,3.51));
#14322=CARTESIAN_POINT('Origin',(111.875,-35.675,3.51));
#14323=CARTESIAN_POINT('',(111.875,-35.675,3.51));
#14324=CARTESIAN_POINT('Origin',(111.875,-21.4749999999999,3.51));
#14325=CARTESIAN_POINT('Origin',(21.475,-59.575,3.51));
#14326=CARTESIAN_POINT('',(35.675,-59.5749999999999,3.51));
#14327=CARTESIAN_POINT('',(21.475,-59.575,3.51));
#14328=CARTESIAN_POINT('Origin',(21.475,-73.775,3.51));
#14329=CARTESIAN_POINT('',(21.475,-73.775,3.51));
#14330=CARTESIAN_POINT('Origin',(35.675,-73.775,3.51));
#14331=CARTESIAN_POINT('',(35.675,-73.775,3.51));
#14332=CARTESIAN_POINT('Origin',(35.675,-59.5749999999999,3.51));
#14333=CARTESIAN_POINT('Origin',(59.575,-78.625,3.51));
#14334=CARTESIAN_POINT('',(73.775,-78.6249999999999,3.51));
#14335=CARTESIAN_POINT('',(59.575,-78.625,3.51));
#14336=CARTESIAN_POINT('Origin',(59.575,-92.825,3.51));
#14337=CARTESIAN_POINT('',(59.575,-92.825,3.51));
#14338=CARTESIAN_POINT('Origin',(73.775,-92.825,3.51));
#14339=CARTESIAN_POINT('',(73.775,-92.825,3.51));
#14340=CARTESIAN_POINT('Origin',(73.775,-78.6249999999999,3.51));
#14341=CARTESIAN_POINT('Origin',(40.525,-154.825,3.51));
#14342=CARTESIAN_POINT('',(54.725,-154.825,3.51));
#14343=CARTESIAN_POINT('',(40.525,-154.825,3.51));
#14344=CARTESIAN_POINT('Origin',(40.525,-169.025,3.51));
#14345=CARTESIAN_POINT('',(40.525,-169.025,3.51));
#14346=CARTESIAN_POINT('Origin',(54.725,-169.025,3.51));
#14347=CARTESIAN_POINT('',(54.725,-169.025,3.51));
#14348=CARTESIAN_POINT('Origin',(54.725,-154.825,3.51));
#14349=CARTESIAN_POINT('Origin',(78.625,-135.775,3.51));
#14350=CARTESIAN_POINT('',(92.825,-135.775,3.51));
#14351=CARTESIAN_POINT('',(78.625,-135.775,3.51));
#14352=CARTESIAN_POINT('Origin',(78.625,-149.975,3.51));
#14353=CARTESIAN_POINT('',(78.625,-149.975,3.51));
#14354=CARTESIAN_POINT('Origin',(92.825,-149.975,3.51));
#14355=CARTESIAN_POINT('',(92.825,-149.975,3.51));
#14356=CARTESIAN_POINT('Origin',(92.825,-135.775,3.51));
#14357=CARTESIAN_POINT('Origin',(78.625,-97.675,3.51));
#14358=CARTESIAN_POINT('',(92.825,-97.675,3.51));
#14359=CARTESIAN_POINT('',(78.625,-97.675,3.51));
#14360=CARTESIAN_POINT('Origin',(78.625,-111.875,3.51));
#14361=CARTESIAN_POINT('',(78.625,-111.875,3.51));
#14362=CARTESIAN_POINT('Origin',(92.825,-111.875,3.51));
#14363=CARTESIAN_POINT('',(92.825,-111.875,3.51));
#14364=CARTESIAN_POINT('Origin',(92.825,-97.675,3.51));
#14365=CARTESIAN_POINT('Origin',(97.675,-40.525,3.51));
#14366=CARTESIAN_POINT('',(111.875,-40.5249999999999,3.51));
#14367=CARTESIAN_POINT('',(97.675,-40.525,3.51));
#14368=CARTESIAN_POINT('Origin',(97.675,-54.725,3.51));
#14369=CARTESIAN_POINT('',(97.675,-54.725,3.51));
#14370=CARTESIAN_POINT('Origin',(111.875,-54.725,3.51));
#14371=CARTESIAN_POINT('',(111.875,-54.725,3.51));
#14372=CARTESIAN_POINT('Origin',(111.875,-40.5249999999999,3.51));
#14373=CARTESIAN_POINT('Origin',(78.625,-78.625,3.51));
#14374=CARTESIAN_POINT('',(92.825,-78.6249999999999,3.51));
#14375=CARTESIAN_POINT('',(78.625,-78.625,3.51));
#14376=CARTESIAN_POINT('Origin',(78.625,-92.825,3.51));
#14377=CARTESIAN_POINT('',(78.625,-92.825,3.51));
#14378=CARTESIAN_POINT('Origin',(92.825,-92.825,3.51));
#14379=CARTESIAN_POINT('',(92.825,-92.825,3.51));
#14380=CARTESIAN_POINT('Origin',(92.825,-78.6249999999999,3.51));
#14381=CARTESIAN_POINT('Origin',(21.475,-116.725,3.51));
#14382=CARTESIAN_POINT('',(35.675,-116.725,3.51));
#14383=CARTESIAN_POINT('',(21.475,-116.725,3.51));
#14384=CARTESIAN_POINT('Origin',(21.475,-130.925,3.51));
#14385=CARTESIAN_POINT('',(21.475,-130.925,3.51));
#14386=CARTESIAN_POINT('Origin',(35.675,-130.925,3.51));
#14387=CARTESIAN_POINT('',(35.675,-130.925,3.51));
#14388=CARTESIAN_POINT('Origin',(35.675,-116.725,3.51));
#14389=CARTESIAN_POINT('Origin',(97.675,-188.075,3.51));
#14390=CARTESIAN_POINT('',(97.675,-173.875,3.51));
#14391=CARTESIAN_POINT('',(97.675,-188.075,3.51));
#14392=CARTESIAN_POINT('Origin',(111.875,-188.075,3.51));
#14393=CARTESIAN_POINT('',(111.875,-188.075,3.51));
#14394=CARTESIAN_POINT('Origin',(111.875,-173.875,3.51));
#14395=CARTESIAN_POINT('',(111.875,-173.875,3.51));
#14396=CARTESIAN_POINT('Origin',(97.675,-173.875,3.51));
#14397=CARTESIAN_POINT('Origin',(116.725,-188.075,3.51));
#14398=CARTESIAN_POINT('',(116.725,-173.875,3.51));
#14399=CARTESIAN_POINT('',(116.725,-188.075,3.51));
#14400=CARTESIAN_POINT('Origin',(130.925,-188.075,3.51));
#14401=CARTESIAN_POINT('',(130.925,-188.075,3.51));
#14402=CARTESIAN_POINT('Origin',(130.925,-173.875,3.51));
#14403=CARTESIAN_POINT('',(130.925,-173.875,3.51));
#14404=CARTESIAN_POINT('Origin',(116.725,-173.875,3.51));
#14405=CARTESIAN_POINT('Origin',(135.775,-173.875,3.51));
#14406=CARTESIAN_POINT('',(149.975,-173.875,3.51));
#14407=CARTESIAN_POINT('',(135.775,-173.875,3.51));
#14408=CARTESIAN_POINT('Origin',(135.775,-188.075,3.51));
#14409=CARTESIAN_POINT('',(135.775,-188.075,3.51));
#14410=CARTESIAN_POINT('Origin',(149.975,-188.075,3.51));
#14411=CARTESIAN_POINT('',(149.975,-188.075,3.51));
#14412=CARTESIAN_POINT('Origin',(149.975,-173.875,3.51));
#14413=CARTESIAN_POINT('Origin',(59.575,-97.675,3.51));
#14414=CARTESIAN_POINT('',(73.775,-97.675,3.51));
#14415=CARTESIAN_POINT('',(59.575,-97.675,3.51));
#14416=CARTESIAN_POINT('Origin',(59.575,-111.875,3.51));
#14417=CARTESIAN_POINT('',(59.575,-111.875,3.51));
#14418=CARTESIAN_POINT('Origin',(73.775,-111.875,3.51));
#14419=CARTESIAN_POINT('',(73.775,-111.875,3.51));
#14420=CARTESIAN_POINT('Origin',(73.775,-97.675,3.51));
#14421=CARTESIAN_POINT('Origin',(21.475,-173.875,3.51));
#14422=CARTESIAN_POINT('',(35.675,-173.875,3.51));
#14423=CARTESIAN_POINT('',(21.475,-173.875,3.51));
#14424=CARTESIAN_POINT('Origin',(21.475,-188.075,3.51));
#14425=CARTESIAN_POINT('',(21.475,-188.075,3.51));
#14426=CARTESIAN_POINT('Origin',(35.675,-188.075,3.51));
#14427=CARTESIAN_POINT('',(35.675,-188.075,3.51));
#14428=CARTESIAN_POINT('Origin',(35.675,-173.875,3.51));
#14429=CARTESIAN_POINT('Origin',(59.575,-116.725,3.51));
#14430=CARTESIAN_POINT('',(73.775,-116.725,3.51));
#14431=CARTESIAN_POINT('',(59.575,-116.725,3.51));
#14432=CARTESIAN_POINT('Origin',(59.575,-130.925,3.51));
#14433=CARTESIAN_POINT('',(59.575,-130.925,3.51));
#14434=CARTESIAN_POINT('Origin',(73.775,-130.925,3.51));
#14435=CARTESIAN_POINT('',(73.775,-130.925,3.51));
#14436=CARTESIAN_POINT('Origin',(73.775,-116.725,3.51));
#14437=CARTESIAN_POINT('Origin',(116.725,-154.825,3.51));
#14438=CARTESIAN_POINT('',(130.925,-154.825,3.51));
#14439=CARTESIAN_POINT('',(116.725,-154.825,3.51));
#14440=CARTESIAN_POINT('Origin',(116.725,-169.025,3.51));
#14441=CARTESIAN_POINT('',(116.725,-169.025,3.51));
#14442=CARTESIAN_POINT('Origin',(130.925,-169.025,3.51));
#14443=CARTESIAN_POINT('',(130.925,-169.025,3.51));
#14444=CARTESIAN_POINT('Origin',(130.925,-154.825,3.51));
#14445=CARTESIAN_POINT('Origin',(59.575,-59.575,3.51));
#14446=CARTESIAN_POINT('',(73.775,-59.5749999999999,3.51));
#14447=CARTESIAN_POINT('',(59.575,-59.575,3.51));
#14448=CARTESIAN_POINT('Origin',(59.575,-73.775,3.51));
#14449=CARTESIAN_POINT('',(59.575,-73.775,3.51));
#14450=CARTESIAN_POINT('Origin',(73.775,-73.775,3.51));
#14451=CARTESIAN_POINT('',(73.775,-73.775,3.51));
#14452=CARTESIAN_POINT('Origin',(73.775,-59.5749999999999,3.51));
#14453=CARTESIAN_POINT('Origin',(59.575,-173.875,3.51));
#14454=CARTESIAN_POINT('',(73.775,-173.875,3.51));
#14455=CARTESIAN_POINT('',(59.575,-173.875,3.51));
#14456=CARTESIAN_POINT('Origin',(59.575,-188.075,3.51));
#14457=CARTESIAN_POINT('',(59.575,-188.075,3.51));
#14458=CARTESIAN_POINT('Origin',(73.775,-188.075,3.51));
#14459=CARTESIAN_POINT('',(73.775,-188.075,3.51));
#14460=CARTESIAN_POINT('Origin',(73.775,-173.875,3.51));
#14461=CARTESIAN_POINT('Origin',(40.525,-135.775,3.51));
#14462=CARTESIAN_POINT('',(54.725,-135.775,3.51));
#14463=CARTESIAN_POINT('',(40.525,-135.775,3.51));
#14464=CARTESIAN_POINT('Origin',(40.525,-149.975,3.51));
#14465=CARTESIAN_POINT('',(40.525,-149.975,3.51));
#14466=CARTESIAN_POINT('Origin',(54.725,-149.975,3.51));
#14467=CARTESIAN_POINT('',(54.725,-149.975,3.51));
#14468=CARTESIAN_POINT('Origin',(54.725,-135.775,3.51));
#14469=CARTESIAN_POINT('Origin',(78.625,-173.875,3.51));
#14470=CARTESIAN_POINT('',(92.825,-173.875,3.51));
#14471=CARTESIAN_POINT('',(78.625,-173.875,3.51));
#14472=CARTESIAN_POINT('Origin',(78.625,-188.075,3.51));
#14473=CARTESIAN_POINT('',(78.625,-188.075,3.51));
#14474=CARTESIAN_POINT('Origin',(92.825,-188.075,3.51));
#14475=CARTESIAN_POINT('',(92.825,-188.075,3.51));
#14476=CARTESIAN_POINT('Origin',(92.825,-173.875,3.51));
#14477=CARTESIAN_POINT('Origin',(59.575,-40.525,3.51));
#14478=CARTESIAN_POINT('',(73.775,-40.5249999999999,3.51));
#14479=CARTESIAN_POINT('',(59.575,-40.525,3.51));
#14480=CARTESIAN_POINT('Origin',(59.575,-54.725,3.51));
#14481=CARTESIAN_POINT('',(59.575,-54.725,3.51));
#14482=CARTESIAN_POINT('Origin',(73.775,-54.725,3.51));
#14483=CARTESIAN_POINT('',(73.775,-54.725,3.51));
#14484=CARTESIAN_POINT('Origin',(73.775,-40.5249999999999,3.51));
#14485=CARTESIAN_POINT('Origin',(97.675,-116.725,3.51));
#14486=CARTESIAN_POINT('',(111.875,-116.725,3.51));
#14487=CARTESIAN_POINT('',(97.675,-116.725,3.51));
#14488=CARTESIAN_POINT('Origin',(97.675,-130.925,3.51));
#14489=CARTESIAN_POINT('',(97.675,-130.925,3.51));
#14490=CARTESIAN_POINT('Origin',(111.875,-130.925,3.51));
#14491=CARTESIAN_POINT('',(111.875,-130.925,3.51));
#14492=CARTESIAN_POINT('Origin',(111.875,-116.725,3.51));
#14493=CARTESIAN_POINT('Origin',(173.875,-173.875,3.51));
#14494=CARTESIAN_POINT('',(188.075,-173.875,3.51));
#14495=CARTESIAN_POINT('',(173.875,-173.875,3.51));
#14496=CARTESIAN_POINT('Origin',(173.875,-188.075,3.51));
#14497=CARTESIAN_POINT('',(173.875,-188.075,3.51));
#14498=CARTESIAN_POINT('Origin',(188.075,-188.075,3.51));
#14499=CARTESIAN_POINT('',(188.075,-188.075,3.51));
#14500=CARTESIAN_POINT('Origin',(188.075,-173.875,3.51));
#14501=CARTESIAN_POINT('Origin',(40.525,-40.525,3.51));
#14502=CARTESIAN_POINT('',(54.725,-40.5249999999999,3.51));
#14503=CARTESIAN_POINT('',(40.525,-40.525,3.51));
#14504=CARTESIAN_POINT('Origin',(40.525,-54.725,3.51));
#14505=CARTESIAN_POINT('',(40.525,-54.725,3.51));
#14506=CARTESIAN_POINT('Origin',(54.725,-54.725,3.51));
#14507=CARTESIAN_POINT('',(54.725,-54.725,3.51));
#14508=CARTESIAN_POINT('Origin',(54.725,-40.5249999999999,3.51));
#14509=CARTESIAN_POINT('Origin',(21.475,-21.475,3.51));
#14510=CARTESIAN_POINT('',(35.675,-21.4749999999999,3.51));
#14511=CARTESIAN_POINT('',(21.475,-21.475,3.51));
#14512=CARTESIAN_POINT('Origin',(21.475,-35.675,3.51));
#14513=CARTESIAN_POINT('',(21.475,-35.675,3.51));
#14514=CARTESIAN_POINT('Origin',(35.675,-35.675,3.51));
#14515=CARTESIAN_POINT('',(35.675,-35.675,3.51));
#14516=CARTESIAN_POINT('Origin',(35.675,-21.4749999999999,3.51));
#14517=CARTESIAN_POINT('Origin',(40.525,-59.575,3.51));
#14518=CARTESIAN_POINT('',(54.725,-59.5749999999999,3.51));
#14519=CARTESIAN_POINT('',(40.525,-59.575,3.51));
#14520=CARTESIAN_POINT('Origin',(40.525,-73.775,3.51));
#14521=CARTESIAN_POINT('',(40.525,-73.775,3.51));
#14522=CARTESIAN_POINT('Origin',(54.725,-73.775,3.51));
#14523=CARTESIAN_POINT('',(54.725,-73.775,3.51));
#14524=CARTESIAN_POINT('Origin',(54.725,-59.5749999999999,3.51));
#14525=CARTESIAN_POINT('Origin',(59.575,-154.825,3.51));
#14526=CARTESIAN_POINT('',(73.775,-154.825,3.51));
#14527=CARTESIAN_POINT('',(59.575,-154.825,3.51));
#14528=CARTESIAN_POINT('Origin',(59.575,-169.025,3.51));
#14529=CARTESIAN_POINT('',(59.575,-169.025,3.51));
#14530=CARTESIAN_POINT('Origin',(73.775,-169.025,3.51));
#14531=CARTESIAN_POINT('',(73.775,-169.025,3.51));
#14532=CARTESIAN_POINT('Origin',(73.775,-154.825,3.51));
#14533=CARTESIAN_POINT('Origin',(59.575,-21.475,3.51));
#14534=CARTESIAN_POINT('',(73.775,-21.4749999999999,3.51));
#14535=CARTESIAN_POINT('',(59.575,-21.475,3.51));
#14536=CARTESIAN_POINT('Origin',(59.575,-35.675,3.51));
#14537=CARTESIAN_POINT('',(59.575,-35.675,3.51));
#14538=CARTESIAN_POINT('Origin',(73.775,-35.675,3.51));
#14539=CARTESIAN_POINT('',(73.775,-35.675,3.51));
#14540=CARTESIAN_POINT('Origin',(73.775,-21.4749999999999,3.51));
#14541=CARTESIAN_POINT('Origin',(97.675,-97.675,3.51));
#14542=CARTESIAN_POINT('',(111.875,-97.675,3.51));
#14543=CARTESIAN_POINT('',(97.675,-97.675,3.51));
#14544=CARTESIAN_POINT('Origin',(97.675,-111.875,3.51));
#14545=CARTESIAN_POINT('',(97.675,-111.875,3.51));
#14546=CARTESIAN_POINT('Origin',(111.875,-111.875,3.51));
#14547=CARTESIAN_POINT('',(111.875,-111.875,3.51));
#14548=CARTESIAN_POINT('Origin',(111.875,-97.675,3.51));
#14549=CARTESIAN_POINT('Origin',(21.475,-97.675,3.51));
#14550=CARTESIAN_POINT('',(35.675,-97.675,3.51));
#14551=CARTESIAN_POINT('',(21.475,-97.675,3.51));
#14552=CARTESIAN_POINT('Origin',(21.475,-111.875,3.51));
#14553=CARTESIAN_POINT('',(21.475,-111.875,3.51));
#14554=CARTESIAN_POINT('Origin',(35.675,-111.875,3.51));
#14555=CARTESIAN_POINT('',(35.675,-111.875,3.51));
#14556=CARTESIAN_POINT('Origin',(35.675,-97.675,3.51));
#14557=CARTESIAN_POINT('Origin',(21.475,-135.775,3.51));
#14558=CARTESIAN_POINT('',(35.675,-135.775,3.51));
#14559=CARTESIAN_POINT('',(21.475,-135.775,3.51));
#14560=CARTESIAN_POINT('Origin',(21.475,-149.975,3.51));
#14561=CARTESIAN_POINT('',(21.475,-149.975,3.51));
#14562=CARTESIAN_POINT('Origin',(35.675,-149.975,3.51));
#14563=CARTESIAN_POINT('',(35.675,-149.975,3.51));
#14564=CARTESIAN_POINT('Origin',(35.675,-135.775,3.51));
#14565=CARTESIAN_POINT('Origin',(97.675,-154.825,3.51));
#14566=CARTESIAN_POINT('',(111.875,-154.825,3.51));
#14567=CARTESIAN_POINT('',(97.675,-154.825,3.51));
#14568=CARTESIAN_POINT('Origin',(97.675,-169.025,3.51));
#14569=CARTESIAN_POINT('',(97.675,-169.025,3.51));
#14570=CARTESIAN_POINT('Origin',(111.875,-169.025,3.51));
#14571=CARTESIAN_POINT('',(111.875,-169.025,3.51));
#14572=CARTESIAN_POINT('Origin',(111.875,-154.825,3.51));
#14573=CARTESIAN_POINT('Origin',(78.625,-59.575,3.51));
#14574=CARTESIAN_POINT('',(92.825,-59.5749999999999,3.51));
#14575=CARTESIAN_POINT('',(78.625,-59.575,3.51));
#14576=CARTESIAN_POINT('Origin',(78.625,-73.775,3.51));
#14577=CARTESIAN_POINT('',(78.625,-73.775,3.51));
#14578=CARTESIAN_POINT('Origin',(92.825,-73.775,3.51));
#14579=CARTESIAN_POINT('',(92.825,-73.775,3.51));
#14580=CARTESIAN_POINT('Origin',(92.825,-59.5749999999999,3.51));
#14581=CARTESIAN_POINT('Origin',(78.625,-21.475,3.51));
#14582=CARTESIAN_POINT('',(92.825,-21.4749999999999,3.51));
#14583=CARTESIAN_POINT('',(78.625,-21.475,3.51));
#14584=CARTESIAN_POINT('Origin',(78.625,-35.675,3.51));
#14585=CARTESIAN_POINT('',(78.625,-35.675,3.51));
#14586=CARTESIAN_POINT('Origin',(92.825,-35.675,3.51));
#14587=CARTESIAN_POINT('',(92.825,-35.675,3.51));
#14588=CARTESIAN_POINT('Origin',(92.825,-21.4749999999999,3.51));
#14589=CARTESIAN_POINT('Origin',(97.675,-59.575,3.51));
#14590=CARTESIAN_POINT('',(111.875,-59.5749999999999,3.51));
#14591=CARTESIAN_POINT('',(97.675,-59.575,3.51));
#14592=CARTESIAN_POINT('Origin',(97.675,-73.775,3.51));
#14593=CARTESIAN_POINT('',(97.675,-73.775,3.51));
#14594=CARTESIAN_POINT('Origin',(111.875,-73.775,3.51));
#14595=CARTESIAN_POINT('',(111.875,-73.775,3.51));
#14596=CARTESIAN_POINT('Origin',(111.875,-59.5749999999999,3.51));
#14597=CARTESIAN_POINT('Origin',(97.675,-135.775,3.51));
#14598=CARTESIAN_POINT('',(111.875,-135.775,3.51));
#14599=CARTESIAN_POINT('',(97.675,-135.775,3.51));
#14600=CARTESIAN_POINT('Origin',(97.675,-149.975,3.51));
#14601=CARTESIAN_POINT('',(97.675,-149.975,3.51));
#14602=CARTESIAN_POINT('Origin',(111.875,-149.975,3.51));
#14603=CARTESIAN_POINT('',(111.875,-149.975,3.51));
#14604=CARTESIAN_POINT('Origin',(111.875,-135.775,3.51));
#14605=CARTESIAN_POINT('Origin',(40.525,-97.675,3.51));
#14606=CARTESIAN_POINT('',(54.725,-97.675,3.51));
#14607=CARTESIAN_POINT('',(40.525,-97.675,3.51));
#14608=CARTESIAN_POINT('Origin',(40.525,-111.875,3.51));
#14609=CARTESIAN_POINT('',(40.525,-111.875,3.51));
#14610=CARTESIAN_POINT('Origin',(54.725,-111.875,3.51));
#14611=CARTESIAN_POINT('',(54.725,-111.875,3.51));
#14612=CARTESIAN_POINT('Origin',(54.725,-97.675,3.51));
#14613=CARTESIAN_POINT('Origin',(40.525,-78.625,3.51));
#14614=CARTESIAN_POINT('',(54.725,-78.6249999999999,3.51));
#14615=CARTESIAN_POINT('',(40.525,-78.625,3.51));
#14616=CARTESIAN_POINT('Origin',(40.525,-92.825,3.51));
#14617=CARTESIAN_POINT('',(40.525,-92.825,3.51));
#14618=CARTESIAN_POINT('Origin',(54.725,-92.825,3.51));
#14619=CARTESIAN_POINT('',(54.725,-92.825,3.51));
#14620=CARTESIAN_POINT('Origin',(54.725,-78.6249999999999,3.51));
#14621=CARTESIAN_POINT('Origin',(78.625,-116.725,3.51));
#14622=CARTESIAN_POINT('',(92.825,-116.725,3.51));
#14623=CARTESIAN_POINT('',(78.625,-116.725,3.51));
#14624=CARTESIAN_POINT('Origin',(78.625,-130.925,3.51));
#14625=CARTESIAN_POINT('',(78.625,-130.925,3.51));
#14626=CARTESIAN_POINT('Origin',(92.825,-130.925,3.51));
#14627=CARTESIAN_POINT('',(92.825,-130.925,3.51));
#14628=CARTESIAN_POINT('Origin',(92.825,-116.725,3.51));
#14629=CARTESIAN_POINT('Origin',(21.475,-40.525,3.51));
#14630=CARTESIAN_POINT('',(35.675,-40.5249999999999,3.51));
#14631=CARTESIAN_POINT('',(21.475,-40.525,3.51));
#14632=CARTESIAN_POINT('Origin',(21.475,-54.725,3.51));
#14633=CARTESIAN_POINT('',(21.475,-54.725,3.51));
#14634=CARTESIAN_POINT('Origin',(35.675,-54.725,3.51));
#14635=CARTESIAN_POINT('',(35.675,-54.725,3.51));
#14636=CARTESIAN_POINT('Origin',(35.675,-40.5249999999999,3.51));
#14637=CARTESIAN_POINT('Origin',(97.675,-78.625,3.51));
#14638=CARTESIAN_POINT('',(111.875,-78.6249999999999,3.51));
#14639=CARTESIAN_POINT('',(97.675,-78.625,3.51));
#14640=CARTESIAN_POINT('Origin',(97.675,-92.825,3.51));
#14641=CARTESIAN_POINT('',(97.675,-92.825,3.51));
#14642=CARTESIAN_POINT('Origin',(111.875,-92.825,3.51));
#14643=CARTESIAN_POINT('',(111.875,-92.825,3.51));
#14644=CARTESIAN_POINT('Origin',(111.875,-78.6249999999999,3.51));
#14645=CARTESIAN_POINT('Origin',(154.825,-173.875,3.51));
#14646=CARTESIAN_POINT('',(169.025,-173.875,3.51));
#14647=CARTESIAN_POINT('',(154.825,-173.875,3.51));
#14648=CARTESIAN_POINT('Origin',(154.825,-188.075,3.51));
#14649=CARTESIAN_POINT('',(154.825,-188.075,3.51));
#14650=CARTESIAN_POINT('Origin',(169.025,-188.075,3.51));
#14651=CARTESIAN_POINT('',(169.025,-188.075,3.51));
#14652=CARTESIAN_POINT('Origin',(169.025,-173.875,3.51));
#14653=CARTESIAN_POINT('Origin',(21.475,-154.825,3.51));
#14654=CARTESIAN_POINT('',(35.675,-154.825,3.51));
#14655=CARTESIAN_POINT('',(21.475,-154.825,3.51));
#14656=CARTESIAN_POINT('Origin',(21.475,-169.025,3.51));
#14657=CARTESIAN_POINT('',(21.475,-169.025,3.51));
#14658=CARTESIAN_POINT('Origin',(35.675,-169.025,3.51));
#14659=CARTESIAN_POINT('',(35.675,-169.025,3.51));
#14660=CARTESIAN_POINT('Origin',(35.675,-154.825,3.51));
#14661=CARTESIAN_POINT('Origin',(78.625,-40.525,3.51));
#14662=CARTESIAN_POINT('',(92.825,-40.5249999999999,3.51));
#14663=CARTESIAN_POINT('',(78.625,-40.525,3.51));
#14664=CARTESIAN_POINT('Origin',(78.625,-54.725,3.51));
#14665=CARTESIAN_POINT('',(78.625,-54.725,3.51));
#14666=CARTESIAN_POINT('Origin',(92.825,-54.725,3.51));
#14667=CARTESIAN_POINT('',(92.825,-54.725,3.51));
#14668=CARTESIAN_POINT('Origin',(92.825,-40.5249999999999,3.51));
#14669=CARTESIAN_POINT('Origin',(40.525,-116.725,3.51));
#14670=CARTESIAN_POINT('',(54.725,-116.725,3.51));
#14671=CARTESIAN_POINT('',(40.525,-116.725,3.51));
#14672=CARTESIAN_POINT('Origin',(40.525,-130.925,3.51));
#14673=CARTESIAN_POINT('',(40.525,-130.925,3.51));
#14674=CARTESIAN_POINT('Origin',(54.725,-130.925,3.51));
#14675=CARTESIAN_POINT('',(54.725,-130.925,3.51));
#14676=CARTESIAN_POINT('Origin',(54.725,-116.725,3.51));
#14677=CARTESIAN_POINT('Origin',(21.475,-78.625,3.51));
#14678=CARTESIAN_POINT('',(35.675,-78.6249999999999,3.51));
#14679=CARTESIAN_POINT('',(21.475,-78.625,3.51));
#14680=CARTESIAN_POINT('Origin',(21.475,-92.825,3.51));
#14681=CARTESIAN_POINT('',(21.475,-92.825,3.51));
#14682=CARTESIAN_POINT('Origin',(35.675,-92.825,3.51));
#14683=CARTESIAN_POINT('',(35.675,-92.825,3.51));
#14684=CARTESIAN_POINT('Origin',(35.675,-78.6249999999999,3.51));
#14685=CARTESIAN_POINT('Origin',(40.525,-21.475,3.51));
#14686=CARTESIAN_POINT('',(54.725,-21.4749999999999,3.51));
#14687=CARTESIAN_POINT('',(40.525,-21.475,3.51));
#14688=CARTESIAN_POINT('Origin',(40.525,-35.675,3.51));
#14689=CARTESIAN_POINT('',(40.525,-35.675,3.51));
#14690=CARTESIAN_POINT('Origin',(54.725,-35.675,3.51));
#14691=CARTESIAN_POINT('',(54.725,-35.675,3.51));
#14692=CARTESIAN_POINT('Origin',(54.725,-21.4749999999999,3.51));
#14693=CARTESIAN_POINT('Origin',(59.575,-135.775,3.51));
#14694=CARTESIAN_POINT('',(73.775,-135.775,3.51));
#14695=CARTESIAN_POINT('',(59.575,-135.775,3.51));
#14696=CARTESIAN_POINT('Origin',(59.575,-149.975,3.51));
#14697=CARTESIAN_POINT('',(59.575,-149.975,3.51));
#14698=CARTESIAN_POINT('Origin',(73.775,-149.975,3.51));
#14699=CARTESIAN_POINT('',(73.775,-149.975,3.51));
#14700=CARTESIAN_POINT('Origin',(73.775,-135.775,3.51));
#14701=CARTESIAN_POINT('Origin',(190.5,-190.5,3.51));
#14702=CARTESIAN_POINT('Origin',(19.05,-19.05,3.51));
#14703=CARTESIAN_POINT('Origin',(221.,-77.,-7.5));
#14704=CARTESIAN_POINT('',(225.,-77.,-8.));
#14705=CARTESIAN_POINT('',(226.,-77.,-7.));
#14706=CARTESIAN_POINT('',(225.,-77.,-8.));
#14707=CARTESIAN_POINT('',(223.381415742704,-81.3964598326839,-7.));
#14708=CARTESIAN_POINT('Origin',(221.,-77.,-7.));
#14709=CARTESIAN_POINT('',(222.905132594163,-80.5171678661471,-8.));
#14710=CARTESIAN_POINT('',(223.381415742704,-81.3964598326839,-7.));
#14711=CARTESIAN_POINT('Origin',(221.,-77.,-8.));
#14712=CARTESIAN_POINT('Origin',(225.5,-92.9890300133242,-7.5));
#14713=CARTESIAN_POINT('',(225.,-18.,-8.));
#14714=CARTESIAN_POINT('',(225.,-92.9890300133242,-8.));
#14715=CARTESIAN_POINT('',(226.,-18.,-7.));
#14716=CARTESIAN_POINT('',(225.,-18.,-8.));
#14717=CARTESIAN_POINT('',(226.,-92.9890300133242,-7.));
#14718=CARTESIAN_POINT('Origin',(221.,-18.,-7.5));
#14719=CARTESIAN_POINT('',(221.,-14.,-8.));
#14720=CARTESIAN_POINT('',(221.,-13.,-7.));
#14721=CARTESIAN_POINT('',(221.,-14.,-8.));
#14722=CARTESIAN_POINT('Origin',(221.,-18.,-7.));
#14723=CARTESIAN_POINT('Origin',(221.,-18.,-8.));
#14724=CARTESIAN_POINT('Origin',(172.75,-13.5,-7.5));
#14725=CARTESIAN_POINT('',(18.,-14.,-8.));
#14726=CARTESIAN_POINT('',(172.75,-14.,-8.));
#14727=CARTESIAN_POINT('',(18.,-13.,-7.));
#14728=CARTESIAN_POINT('',(18.,-14.,-8.));
#14729=CARTESIAN_POINT('',(172.75,-13.,-7.));
#14730=CARTESIAN_POINT('Origin',(18.,-18.,-7.5));
#14731=CARTESIAN_POINT('',(14.,-18.,-8.));
#14732=CARTESIAN_POINT('',(13.,-18.,-7.));
#14733=CARTESIAN_POINT('',(14.,-18.,-8.));
#14734=CARTESIAN_POINT('Origin',(18.,-18.,-7.));
#14735=CARTESIAN_POINT('Origin',(18.,-18.,-8.));
#14736=CARTESIAN_POINT('Origin',(13.5,-59.5,-7.5));
#14737=CARTESIAN_POINT('',(14.,-194.,-8.));
#14738=CARTESIAN_POINT('',(14.,-59.5,-8.));
#14739=CARTESIAN_POINT('',(13.,-194.,-7.));
#14740=CARTESIAN_POINT('',(14.,-194.,-8.));
#14741=CARTESIAN_POINT('',(13.,-59.5,-7.));
#14742=CARTESIAN_POINT('Origin',(18.,-194.,-7.5));
#14743=CARTESIAN_POINT('',(18.,-198.,-8.));
#14744=CARTESIAN_POINT('',(18.,-199.,-7.));
#14745=CARTESIAN_POINT('',(18.,-198.,-8.));
#14746=CARTESIAN_POINT('Origin',(18.,-194.,-7.));
#14747=CARTESIAN_POINT('Origin',(18.,-194.,-8.));
#14748=CARTESIAN_POINT('Origin',(66.25,-198.5,-7.5));
#14749=CARTESIAN_POINT('',(197.,-198.,-8.));
#14750=CARTESIAN_POINT('',(66.25,-198.,-8.));
#14751=CARTESIAN_POINT('',(197.,-199.,-7.));
#14752=CARTESIAN_POINT('',(197.,-198.,-8.));
#14753=CARTESIAN_POINT('',(66.25,-199.,-7.));
#14754=CARTESIAN_POINT('Origin',(197.,-194.,-7.5));
#14755=CARTESIAN_POINT('',(201.,-194.,-8.));
#14756=CARTESIAN_POINT('',(202.,-194.,-7.));
#14757=CARTESIAN_POINT('',(201.,-194.,-8.));
#14758=CARTESIAN_POINT('Origin',(197.,-194.,-7.));
#14759=CARTESIAN_POINT('Origin',(197.,-194.,-8.));
#14760=CARTESIAN_POINT('Origin',(201.5,-152.5,-7.5));
#14761=CARTESIAN_POINT('',(201.,-95.9561200532968,-8.));
#14762=CARTESIAN_POINT('',(201.,-152.5,-8.));
#14763=CARTESIAN_POINT('',(202.,-95.9561200532968,-7.));
#14764=CARTESIAN_POINT('',(201.,-95.9561200532968,-8.));
#14765=CARTESIAN_POINT('',(202.,-152.5,-7.));
#14766=CARTESIAN_POINT('Origin',(207.,-95.9561200532968,-7.5));
#14767=CARTESIAN_POINT('',(204.142301108756,-90.6803682540761,-8.));
#14768=CARTESIAN_POINT('',(204.618584257296,-91.5596602206129,-7.));
#14769=CARTESIAN_POINT('',(204.142301108756,-90.6803682540761,-8.));
#14770=CARTESIAN_POINT('Origin',(207.,-95.9561200532968,-7.));
#14771=CARTESIAN_POINT('Origin',(207.,-95.9561200532968,-8.));
#14772=CARTESIAN_POINT('Origin',(167.142499182988,-111.290566966532,-7.5));
#14773=CARTESIAN_POINT('',(166.904357608717,-110.850920983264,-8.));
#14774=CARTESIAN_POINT('',(167.380640757258,-111.7302129498,-7.));
#14775=CARTESIAN_POINT('Origin',(13.,-199.,0.));
#14776=CARTESIAN_POINT('',(197.,-199.,9.));
#14777=CARTESIAN_POINT('',(197.,-199.,0.));
#14778=CARTESIAN_POINT('',(18.,-199.,9.));
#14779=CARTESIAN_POINT('',(66.25,-199.,9.));
#14780=CARTESIAN_POINT('',(18.,-199.,0.));
#14781=CARTESIAN_POINT('Origin',(197.,-194.,0.));
#14782=CARTESIAN_POINT('',(202.,-194.,9.));
#14783=CARTESIAN_POINT('',(202.,-194.,0.));
#14784=CARTESIAN_POINT('Origin',(197.,-194.,9.));
#14785=CARTESIAN_POINT('Origin',(202.,-199.,0.));
#14786=CARTESIAN_POINT('',(202.,-95.9561200532968,9.));
#14787=CARTESIAN_POINT('',(202.,-95.9561200532968,0.));
#14788=CARTESIAN_POINT('',(202.,-152.5,9.));
#14789=CARTESIAN_POINT('Origin',(207.,-95.9561200532968,0.));
#14790=CARTESIAN_POINT('',(204.618584257296,-91.5596602206129,9.));
#14791=CARTESIAN_POINT('',(204.618584257296,-91.5596602206129,0.));
#14792=CARTESIAN_POINT('Origin',(207.,-95.9561200532968,9.));
#14793=CARTESIAN_POINT('Origin',(202.,-92.9780600266484,0.));
#14794=CARTESIAN_POINT('',(223.381415742704,-81.3964598326839,9.));
#14795=CARTESIAN_POINT('',(223.381415742704,-81.3964598326839,0.));
#14796=CARTESIAN_POINT('',(167.380640757258,-111.7302129498,9.));
#14797=CARTESIAN_POINT('Origin',(221.,-77.,0.));
#14798=CARTESIAN_POINT('',(226.,-77.,9.));
#14799=CARTESIAN_POINT('',(226.,-77.,0.));
#14800=CARTESIAN_POINT('Origin',(221.,-77.,9.));
#14801=CARTESIAN_POINT('Origin',(119.5,-106.,-8.));
#14802=CARTESIAN_POINT('',(55.05,-133.35,-8.));
#14803=CARTESIAN_POINT('Origin',(57.15,-133.35,-8.));
#14804=CARTESIAN_POINT('',(55.05,-95.25,-8.));
#14805=CARTESIAN_POINT('Origin',(57.15,-95.25,-8.));
#14806=CARTESIAN_POINT('',(112.2,-152.4,-8.));
#14807=CARTESIAN_POINT('Origin',(114.3,-152.4,-8.));
#14808=CARTESIAN_POINT('',(150.3,-95.25,-8.));
#14809=CARTESIAN_POINT('Origin',(152.4,-95.25,-8.));
#14810=CARTESIAN_POINT('',(150.3,-57.15,-8.));
#14811=CARTESIAN_POINT('Origin',(152.4,-57.15,-8.));
#14812=CARTESIAN_POINT('',(150.3,-171.45,-8.));
#14813=CARTESIAN_POINT('Origin',(152.4,-171.45,-8.));
#14814=CARTESIAN_POINT('',(55.05,-57.15,-8.));
#14815=CARTESIAN_POINT('Origin',(57.15,-57.15,-8.));
#14816=CARTESIAN_POINT('',(55.05,-171.45,-8.));
#14817=CARTESIAN_POINT('Origin',(57.15,-171.45,-8.));
#14818=CARTESIAN_POINT('',(112.2,-76.2,-8.));
#14819=CARTESIAN_POINT('Origin',(114.3,-76.2,-8.));
#14820=CARTESIAN_POINT('',(150.3,-133.35,-8.));
#14821=CARTESIAN_POINT('Origin',(152.4,-133.35,-8.));
#14822=CARTESIAN_POINT('Origin',(57.15,-133.35,-7.5));
#14823=CARTESIAN_POINT('',(56.05,-133.35,-7.));
#14824=CARTESIAN_POINT('',(55.55,-133.35,-7.5));
#14825=CARTESIAN_POINT('Origin',(57.15,-133.35,-7.));
#14826=CARTESIAN_POINT('Origin',(152.4,-133.35,-7.5));
#14827=CARTESIAN_POINT('',(151.3,-133.35,-7.));
#14828=CARTESIAN_POINT('',(150.8,-133.35,-7.5));
#14829=CARTESIAN_POINT('Origin',(152.4,-133.35,-7.));
#14830=CARTESIAN_POINT('Origin',(57.15,-95.25,-7.5));
#14831=CARTESIAN_POINT('',(56.05,-95.25,-7.));
#14832=CARTESIAN_POINT('',(55.55,-95.25,-7.5));
#14833=CARTESIAN_POINT('Origin',(57.15,-95.25,-7.));
#14834=CARTESIAN_POINT('Origin',(114.3,-76.2,-7.5));
#14835=CARTESIAN_POINT('',(113.2,-76.2,-7.));
#14836=CARTESIAN_POINT('',(112.7,-76.2,-7.5));
#14837=CARTESIAN_POINT('Origin',(114.3,-76.2,-7.));
#14838=CARTESIAN_POINT('Origin',(114.3,-152.4,-7.5));
#14839=CARTESIAN_POINT('',(113.2,-152.4,-7.));
#14840=CARTESIAN_POINT('',(112.7,-152.4,-7.5));
#14841=CARTESIAN_POINT('Origin',(114.3,-152.4,-7.));
#14842=CARTESIAN_POINT('Origin',(57.15,-171.45,-7.5));
#14843=CARTESIAN_POINT('',(56.05,-171.45,-7.));
#14844=CARTESIAN_POINT('',(55.55,-171.45,-7.5));
#14845=CARTESIAN_POINT('Origin',(57.15,-171.45,-7.));
#14846=CARTESIAN_POINT('Origin',(152.4,-95.25,-7.5));
#14847=CARTESIAN_POINT('',(151.3,-95.25,-7.));
#14848=CARTESIAN_POINT('',(150.8,-95.25,-7.5));
#14849=CARTESIAN_POINT('Origin',(152.4,-95.25,-7.));
#14850=CARTESIAN_POINT('Origin',(57.15,-57.15,-7.5));
#14851=CARTESIAN_POINT('',(56.05,-57.15,-7.));
#14852=CARTESIAN_POINT('',(55.55,-57.15,-7.5));
#14853=CARTESIAN_POINT('Origin',(57.15,-57.15,-7.));
#14854=CARTESIAN_POINT('Origin',(152.4,-57.15,-7.5));
#14855=CARTESIAN_POINT('',(151.3,-57.15,-7.));
#14856=CARTESIAN_POINT('',(150.8,-57.15,-7.5));
#14857=CARTESIAN_POINT('Origin',(152.4,-57.15,-7.));
#14858=CARTESIAN_POINT('Origin',(152.4,-171.45,-7.5));
#14859=CARTESIAN_POINT('',(151.3,-171.45,-7.));
#14860=CARTESIAN_POINT('',(150.8,-171.45,-7.5));
#14861=CARTESIAN_POINT('Origin',(152.4,-171.45,-7.));
#14862=CARTESIAN_POINT('Origin',(68.75,-17.5,9.5));
#14863=CARTESIAN_POINT('',(222.,-17.,10.));
#14864=CARTESIAN_POINT('',(17.,-17.,10.));
#14865=CARTESIAN_POINT('',(68.75,-17.,10.));
#14866=CARTESIAN_POINT('',(18.,-18.,9.));
#14867=CARTESIAN_POINT('',(17.,-17.,10.));
#14868=CARTESIAN_POINT('',(221.,-18.,9.));
#14869=CARTESIAN_POINT('',(68.75,-18.,9.));
#14870=CARTESIAN_POINT('',(222.,-17.,10.));
#14871=CARTESIAN_POINT('Origin',(17.5,-150.,9.5));
#14872=CARTESIAN_POINT('',(17.,-195.,10.));
#14873=CARTESIAN_POINT('',(17.,-150.,10.));
#14874=CARTESIAN_POINT('',(18.,-194.,9.));
#14875=CARTESIAN_POINT('',(17.,-195.,10.));
#14876=CARTESIAN_POINT('',(18.,-150.,9.));
#14877=CARTESIAN_POINT('Origin',(158.25,-194.5,9.5));
#14878=CARTESIAN_POINT('',(198.,-195.,10.));
#14879=CARTESIAN_POINT('',(158.25,-195.,10.));
#14880=CARTESIAN_POINT('',(197.,-194.,9.));
#14881=CARTESIAN_POINT('',(198.,-195.,10.));
#14882=CARTESIAN_POINT('',(158.25,-194.,9.));
#14883=CARTESIAN_POINT('Origin',(197.5,-98.,9.5));
#14884=CARTESIAN_POINT('',(198.,-90.5956120053297,10.));
#14885=CARTESIAN_POINT('',(198.,-98.,10.));
#14886=CARTESIAN_POINT('',(197.,-90.,9.));
#14887=CARTESIAN_POINT('',(198.,-90.5956120053297,10.));
#14888=CARTESIAN_POINT('',(197.,-98.,9.));
#14889=CARTESIAN_POINT('Origin',(175.928074460176,-101.982599003403,9.5));
#14890=CARTESIAN_POINT('',(221.,-77.,9.));
#14891=CARTESIAN_POINT('',(175.689932885906,-101.542953020134,9.));
#14892=CARTESIAN_POINT('',(222.,-77.5956120053297,10.));
#14893=CARTESIAN_POINT('',(176.166216034447,-102.422244986671,10.));
#14894=CARTESIAN_POINT('',(222.,-77.5956120053297,10.));
#14895=CARTESIAN_POINT('Origin',(221.5,-62.,9.5));
#14896=CARTESIAN_POINT('',(221.,-62.,9.));
#14897=CARTESIAN_POINT('',(222.,-62.,10.));
#14898=CARTESIAN_POINT('Origin',(221.,-77.,0.));
#14899=CARTESIAN_POINT('',(221.,-77.,-7.));
#14900=CARTESIAN_POINT('',(221.,-77.,0.));
#14901=CARTESIAN_POINT('',(197.,-90.,-7.));
#14902=CARTESIAN_POINT('',(221.,-77.,-7.));
#14903=CARTESIAN_POINT('',(197.,-90.,0.));
#14904=CARTESIAN_POINT('Origin',(221.,-18.,0.));
#14905=CARTESIAN_POINT('',(221.,-18.,-7.));
#14906=CARTESIAN_POINT('',(221.,-18.,0.));
#14907=CARTESIAN_POINT('',(221.,-18.,-7.));
#14908=CARTESIAN_POINT('Origin',(18.,-18.,0.));
#14909=CARTESIAN_POINT('',(18.,-18.,-7.));
#14910=CARTESIAN_POINT('',(18.,-18.,0.));
#14911=CARTESIAN_POINT('',(18.,-18.,-7.));
#14912=CARTESIAN_POINT('',(210.996253727,-18.,7.144990591));
#14913=CARTESIAN_POINT('',(210.996253727,-18.,5.14499059099999));
#14914=CARTESIAN_POINT('',(210.996253727,-18.,2.0724952955));
#14915=CARTESIAN_POINT('',(209.996253727,-18.,4.14499059099999));
#14916=CARTESIAN_POINT('Origin',(209.996253727,-18.,5.14499059099999));
#14917=CARTESIAN_POINT('',(201.996253727,-18.,4.14499059099999));
#14918=CARTESIAN_POINT('',(109.4981268635,-18.,4.14499059099999));
#14919=CARTESIAN_POINT('',(200.996253727,-18.,5.14499059099999));
#14920=CARTESIAN_POINT('Origin',(201.996253727,-18.,5.14499059099999));
#14921=CARTESIAN_POINT('',(200.996253727,-18.,7.14499059099999));
#14922=CARTESIAN_POINT('',(200.996253727,-18.,4.0724952955));
#14923=CARTESIAN_POINT('',(201.996253727,-18.,8.14499059099999));
#14924=CARTESIAN_POINT('Origin',(201.996253727,-18.,7.14499059099999));
#14925=CARTESIAN_POINT('',(209.996253727,-18.,8.14499059099999));
#14926=CARTESIAN_POINT('',(114.4981268635,-18.,8.14499059099999));
#14927=CARTESIAN_POINT('Origin',(209.996253727,-18.,7.144990591));
#14928=CARTESIAN_POINT('Origin',(119.5,-106.,10.));
#14929=CARTESIAN_POINT('',(225.,-77.,10.));
#14930=CARTESIAN_POINT('',(222.905132594163,-80.5171678661471,10.));
#14931=CARTESIAN_POINT('Origin',(221.,-77.,10.));
#14932=CARTESIAN_POINT('',(225.,-18.,10.));
#14933=CARTESIAN_POINT('',(225.,-92.9890300133242,10.));
#14934=CARTESIAN_POINT('',(221.,-14.,10.));
#14935=CARTESIAN_POINT('Origin',(221.,-18.,10.));
#14936=CARTESIAN_POINT('',(18.,-14.,10.));
#14937=CARTESIAN_POINT('',(172.75,-14.,10.));
#14938=CARTESIAN_POINT('',(14.,-18.,10.));
#14939=CARTESIAN_POINT('Origin',(18.,-18.,10.));
#14940=CARTESIAN_POINT('',(14.,-194.,10.));
#14941=CARTESIAN_POINT('',(14.,-59.5,10.));
#14942=CARTESIAN_POINT('',(18.,-198.,10.));
#14943=CARTESIAN_POINT('Origin',(18.,-194.,10.));
#14944=CARTESIAN_POINT('',(197.,-198.,10.));
#14945=CARTESIAN_POINT('',(66.25,-198.,10.));
#14946=CARTESIAN_POINT('',(201.,-194.,10.));
#14947=CARTESIAN_POINT('Origin',(197.,-194.,10.));
#14948=CARTESIAN_POINT('',(201.,-95.9561200532968,10.));
#14949=CARTESIAN_POINT('',(201.,-152.5,10.));
#14950=CARTESIAN_POINT('',(204.142301108756,-90.6803682540762,10.));
#14951=CARTESIAN_POINT('Origin',(207.,-95.9561200532968,10.));
#14952=CARTESIAN_POINT('',(166.904357608717,-110.850920983264,10.));
#14953=CARTESIAN_POINT('Origin',(221.,-77.,9.5));
#14954=CARTESIAN_POINT('',(222.905132594163,-80.5171678661471,10.));
#14955=CARTESIAN_POINT('',(226.,-77.,9.));
#14956=CARTESIAN_POINT('Origin',(167.142499182988,-111.290566966532,9.5));
#14957=CARTESIAN_POINT('',(204.142301108756,-90.6803682540762,10.));
#14958=CARTESIAN_POINT('Origin',(207.,-95.9561200532968,9.5));
#14959=CARTESIAN_POINT('',(201.,-95.9561200532968,10.));
#14960=CARTESIAN_POINT('Origin',(201.5,-152.5,9.5));
#14961=CARTESIAN_POINT('',(201.,-194.,10.));
#14962=CARTESIAN_POINT('Origin',(197.,-194.,9.5));
#14963=CARTESIAN_POINT('',(197.,-198.,10.));
#14964=CARTESIAN_POINT('Origin',(66.25,-198.5,9.5));
#14965=CARTESIAN_POINT('',(18.,-198.,10.));
#14966=CARTESIAN_POINT('Origin',(18.,-194.,9.5));
#14967=CARTESIAN_POINT('',(13.,-194.,9.));
#14968=CARTESIAN_POINT('',(14.,-194.,10.));
#14969=CARTESIAN_POINT('Origin',(18.,-194.,9.));
#14970=CARTESIAN_POINT('Origin',(13.5,-59.5,9.5));
#14971=CARTESIAN_POINT('',(13.,-18.,9.));
#14972=CARTESIAN_POINT('',(14.,-18.,10.));
#14973=CARTESIAN_POINT('',(13.,-59.5,9.));
#14974=CARTESIAN_POINT('Origin',(18.,-18.,9.5));
#14975=CARTESIAN_POINT('',(18.,-13.,9.));
#14976=CARTESIAN_POINT('',(18.,-14.,10.));
#14977=CARTESIAN_POINT('Origin',(18.,-18.,9.));
#14978=CARTESIAN_POINT('Origin',(172.75,-13.5,9.5));
#14979=CARTESIAN_POINT('',(221.,-13.,9.));
#14980=CARTESIAN_POINT('',(221.,-14.,10.));
#14981=CARTESIAN_POINT('',(172.75,-13.,9.));
#14982=CARTESIAN_POINT('Origin',(221.,-18.,9.5));
#14983=CARTESIAN_POINT('',(226.,-18.,9.));
#14984=CARTESIAN_POINT('',(225.,-18.,10.));
#14985=CARTESIAN_POINT('Origin',(221.,-18.,9.));
#14986=CARTESIAN_POINT('Origin',(225.5,-92.9890300133242,9.5));
#14987=CARTESIAN_POINT('',(226.,-92.9890300133242,9.));
#14988=CARTESIAN_POINT('Origin',(13.,-13.,0.));
#14989=CARTESIAN_POINT('',(13.,-194.,0.));
#14990=CARTESIAN_POINT('',(13.,-18.,0.));
#14991=CARTESIAN_POINT('Origin',(18.,-18.,0.));
#14992=CARTESIAN_POINT('',(18.,-13.,0.));
#14993=CARTESIAN_POINT('Origin',(226.,-13.,0.));
#14994=CARTESIAN_POINT('',(221.,-13.,0.));
#14995=CARTESIAN_POINT('',(210.996253727,-13.,5.14499059099999));
#14996=CARTESIAN_POINT('',(210.996253727,-13.,7.144990591));
#14997=CARTESIAN_POINT('',(210.996253727,-13.,2.0724952955));
#14998=CARTESIAN_POINT('',(209.996253727,-13.,8.14499059099999));
#14999=CARTESIAN_POINT('Origin',(209.996253727,-13.,7.144990591));
#15000=CARTESIAN_POINT('',(201.996253727,-13.,8.14499059099999));
#15001=CARTESIAN_POINT('',(218.4981268635,-13.,8.14499059099999));
#15002=CARTESIAN_POINT('',(200.996253727,-13.,7.14499059099999));
#15003=CARTESIAN_POINT('Origin',(201.996253727,-13.,7.14499059099999));
#15004=CARTESIAN_POINT('',(200.996253727,-13.,5.14499059099999));
#15005=CARTESIAN_POINT('',(200.996253727,-13.,4.0724952955));
#15006=CARTESIAN_POINT('',(201.996253727,-13.,4.14499059099999));
#15007=CARTESIAN_POINT('Origin',(201.996253727,-13.,5.14499059099999));
#15008=CARTESIAN_POINT('',(209.996253727,-13.,4.14499059099999));
#15009=CARTESIAN_POINT('',(213.4981268635,-13.,4.14499059099999));
#15010=CARTESIAN_POINT('Origin',(209.996253727,-13.,5.14499059099999));
#15011=CARTESIAN_POINT('Origin',(221.,-18.,0.));
#15012=CARTESIAN_POINT('',(226.,-18.,0.));
#15013=CARTESIAN_POINT('Origin',(226.,-79.9780600266484,0.));
#15014=CARTESIAN_POINT('Origin',(209.996253727,-13.,7.144990591));
#15015=CARTESIAN_POINT('',(210.996253727,-13.,7.144990591));
#15016=CARTESIAN_POINT('',(209.996253727,-13.,8.14499059099999));
#15017=CARTESIAN_POINT('Origin',(210.996253727,-13.,4.14499059099999));
#15018=CARTESIAN_POINT('',(210.996253727,-13.,5.14499059099999));
#15019=CARTESIAN_POINT('Origin',(209.996253727,-13.,5.14499059099999));
#15020=CARTESIAN_POINT('',(209.996253727,-13.,4.14499059099999));
#15021=CARTESIAN_POINT('Origin',(200.996253727,-13.,4.14499059099999));
#15022=CARTESIAN_POINT('',(201.996253727,-13.,4.14499059099999));
#15023=CARTESIAN_POINT('Origin',(201.996253727,-13.,5.14499059099999));
#15024=CARTESIAN_POINT('',(200.996253727,-13.,5.14499059099999));
#15025=CARTESIAN_POINT('Origin',(200.996253727,-13.,8.14499059099999));
#15026=CARTESIAN_POINT('',(200.996253727,-13.,7.14499059099999));
#15027=CARTESIAN_POINT('Origin',(201.996253727,-13.,7.14499059099999));
#15028=CARTESIAN_POINT('',(201.996253727,-13.,8.14499059099999));
#15029=CARTESIAN_POINT('Origin',(210.996253727,-13.,8.14499059099999));
#15030=CARTESIAN_POINT('Origin',(18.,-194.,0.));
#15031=CARTESIAN_POINT('Origin',(119.5,-106.,-7.));
#15032=CARTESIAN_POINT('',(18.,-194.,-7.));
#15033=CARTESIAN_POINT('',(18.,-193.,-7.));
#15034=CARTESIAN_POINT('',(197.,-194.,-7.));
#15035=CARTESIAN_POINT('',(197.,-194.,-7.));
#15036=CARTESIAN_POINT('',(197.,-90.,-7.));
#15037=CARTESIAN_POINT('Origin',(18.,-194.,0.));
#15038=CARTESIAN_POINT('',(18.,-194.,0.));
#15039=CARTESIAN_POINT('Origin',(197.,-194.,0.));
#15040=CARTESIAN_POINT('',(197.,-194.,0.));
#15041=CARTESIAN_POINT('Origin',(197.,-90.,0.));
#15042=CARTESIAN_POINT('Origin',(216.000003248453,-76.3981060706924,12.));
#15043=CARTESIAN_POINT('',(216.677479088944,-78.2798676086008,10.));
#15044=CARTESIAN_POINT('',(218.000003248453,-76.3981060706924,10.));
#15045=CARTESIAN_POINT('Origin',(216.000003248453,-76.3981060706924,10.));
#15046=CARTESIAN_POINT('',(218.000003248453,-76.3981060706924,12.));
#15047=CARTESIAN_POINT('',(218.000003248453,-76.3981060706924,12.));
#15048=CARTESIAN_POINT('',(216.677479088944,-78.2798676086008,12.));
#15049=CARTESIAN_POINT('Origin',(216.000003248453,-76.3981060706924,12.));
#15050=CARTESIAN_POINT('',(216.677479088944,-78.2798676086008,12.));
#15051=CARTESIAN_POINT('Origin',(218.000003248453,-77.8037296131731,12.));
#15052=CARTESIAN_POINT('',(196.677478731316,-85.4803107992697,12.));
#15053=CARTESIAN_POINT('',(196.508894467047,-85.5410048690697,12.));
#15054=CARTESIAN_POINT('',(196.677478731316,-85.4803107992697,10.));
#15055=CARTESIAN_POINT('',(196.677478731316,-85.4803107992697,12.));
#15056=CARTESIAN_POINT('',(196.508894467047,-85.5410048690697,10.));
#15057=CARTESIAN_POINT('Origin',(206.000003069639,-52.7221308496735,12.));
#15058=CARTESIAN_POINT('',(218.000003248453,-19.0000002831221,12.));
#15059=CARTESIAN_POINT('',(218.000003248453,-69.0000010281801,12.));
#15060=CARTESIAN_POINT('',(194.000002890825,-19.0000002831221,12.));
#15061=CARTESIAN_POINT('',(194.000002890825,-19.0000002831221,12.));
#15062=CARTESIAN_POINT('',(194.000002890825,-83.5985492613613,12.));
#15063=CARTESIAN_POINT('',(194.000002890825,-69.0000010281801,12.));
#15064=CARTESIAN_POINT('Origin',(196.000002890825,-83.5985492613613,12.));
#15065=CARTESIAN_POINT('',(198.925,-80.9625,12.));
#15066=CARTESIAN_POINT('Origin',(200.025,-80.9625,12.));
#15067=CARTESIAN_POINT('',(212.01875,-76.25,12.));
#15068=CARTESIAN_POINT('Origin',(213.11875,-76.25,12.));
#15069=CARTESIAN_POINT('Origin',(196.000002890825,-83.5985492613613,12.));
#15070=CARTESIAN_POINT('',(194.000002890825,-83.5985492613613,10.));
#15071=CARTESIAN_POINT('Origin',(196.000002890825,-83.5985492613613,10.));
#15072=CARTESIAN_POINT('',(194.000002890825,-83.5985492613613,12.));
#15073=CARTESIAN_POINT('Origin',(213.11875,-76.25,12.));
#15074=CARTESIAN_POINT('',(212.01875,-76.25,10.));
#15075=CARTESIAN_POINT('Origin',(213.11875,-76.25,10.));
#15076=CARTESIAN_POINT('',(212.01875,-76.25,12.));
#15077=CARTESIAN_POINT('Origin',(200.025,-80.9625,12.));
#15078=CARTESIAN_POINT('',(198.925,-80.9625,10.));
#15079=CARTESIAN_POINT('Origin',(200.025,-80.9625,10.));
#15080=CARTESIAN_POINT('',(198.925,-80.9625,12.));
#15081=CARTESIAN_POINT('Origin',(194.000002890825,-19.0000002831221,12.));
#15082=CARTESIAN_POINT('',(218.000003248453,-19.0000002831221,10.));
#15083=CARTESIAN_POINT('',(218.000003248453,-19.0000002831221,12.));
#15084=CARTESIAN_POINT('',(194.000002890825,-19.0000002831221,10.));
#15085=CARTESIAN_POINT('',(194.000002890825,-19.0000002831221,10.));
#15086=CARTESIAN_POINT('',(194.000002890825,-19.0000002831221,12.));
#15087=CARTESIAN_POINT('Origin',(194.000002890825,-86.444261416225,12.));
#15088=CARTESIAN_POINT('',(194.000002890825,-69.0000010281801,10.));
#15089=CARTESIAN_POINT('Origin',(218.000003248453,-19.0000002831221,12.));
#15090=CARTESIAN_POINT('',(218.000003248453,-69.0000010281801,10.));
#15091=CARTESIAN_POINT('Origin',(206.000003069639,-52.7221308496735,10.));
#15092=CARTESIAN_POINT('Origin',(186.644293128042,-32.1008189980508,25.15));
#15093=CARTESIAN_POINT('',(186.533597547601,-33.0946733578395,25.5));
#15094=CARTESIAN_POINT('',(186.456110641293,-33.7903714096915,24.8));
#15095=CARTESIAN_POINT('',(186.533597547601,-33.0946733578395,25.5));
#15096=CARTESIAN_POINT('',(188.193001372306,-31.3997464096915,24.8));
#15097=CARTESIAN_POINT('Origin',(186.644293128042,-32.1008189980508,24.8));
#15098=CARTESIAN_POINT('',(187.555297977609,-31.6884233578395,25.5));
#15099=CARTESIAN_POINT('',(188.193001372306,-31.3997464096915,24.8));
#15100=CARTESIAN_POINT('Origin',(186.644293128042,-32.1008189980508,25.5));
#15101=CARTESIAN_POINT('Origin',(186.290067270632,-35.2811529493745,25.15));
#15102=CARTESIAN_POINT('',(184.135346613128,-34.8371046545628,25.5));
#15103=CARTESIAN_POINT('Origin',(186.290067270632,-35.2811529493745,25.5));
#15104=CARTESIAN_POINT('',(184.820939549607,-34.9783927483665,24.8));
#15105=CARTESIAN_POINT('',(184.135346613128,-34.8371046545628,25.5));
#15106=CARTESIAN_POINT('Origin',(186.290067270632,-35.2811529493745,24.8));
#15107=CARTESIAN_POINT('Origin',(183.155928132445,-34.6352645205575,25.15));
#15108=CARTESIAN_POINT('',(182.482200591056,-35.3742443578833,25.5));
#15109=CARTESIAN_POINT('',(182.010591312083,-35.8915302440113,24.8));
#15110=CARTESIAN_POINT('',(182.482200591056,-35.3742443578833,25.5));
#15111=CARTESIAN_POINT('Origin',(183.155928132445,-34.6352645205575,24.8));
#15112=CARTESIAN_POINT('Origin',(183.155928132445,-34.6352645205575,25.5));
#15113=CARTESIAN_POINT('Origin',(181.,-37.,25.15));
#15114=CARTESIAN_POINT('',(179.517799408944,-35.3742443578833,25.5));
#15115=CARTESIAN_POINT('Origin',(181.,-37.,25.5));
#15116=CARTESIAN_POINT('',(179.989408687917,-35.8915302440113,24.8));
#15117=CARTESIAN_POINT('',(179.517799408944,-35.3742443578833,25.5));
#15118=CARTESIAN_POINT('Origin',(181.,-37.,24.8));
#15119=CARTESIAN_POINT('Origin',(178.844071867555,-34.6352645205575,25.15));
#15120=CARTESIAN_POINT('',(177.864653386872,-34.8371046545628,25.5));
#15121=CARTESIAN_POINT('',(177.179060450393,-34.9783927483665,24.8));
#15122=CARTESIAN_POINT('',(177.864653386872,-34.8371046545628,25.5));
#15123=CARTESIAN_POINT('Origin',(178.844071867555,-34.6352645205575,24.8));
#15124=CARTESIAN_POINT('Origin',(178.844071867555,-34.6352645205575,25.5));
#15125=CARTESIAN_POINT('Origin',(175.709932729368,-35.2811529493745,25.15));
#15126=CARTESIAN_POINT('',(175.466402452399,-33.0946733578395,25.5));
#15127=CARTESIAN_POINT('Origin',(175.709932729368,-35.2811529493745,25.5));
#15128=CARTESIAN_POINT('',(175.543889358707,-33.7903714096915,24.8));
#15129=CARTESIAN_POINT('',(175.466402452399,-33.0946733578395,25.5));
#15130=CARTESIAN_POINT('Origin',(175.709932729368,-35.2811529493745,24.8));
#15131=CARTESIAN_POINT('Origin',(175.355706871958,-32.1008189980508,25.15));
#15132=CARTESIAN_POINT('',(174.444702022391,-31.6884233578395,25.5));
#15133=CARTESIAN_POINT('',(173.806998627694,-31.3997464096915,24.8));
#15134=CARTESIAN_POINT('',(174.444702022391,-31.6884233578395,25.5));
#15135=CARTESIAN_POINT('Origin',(175.355706871958,-32.1008189980508,24.8));
#15136=CARTESIAN_POINT('Origin',(175.355706871958,-32.1008189980508,25.5));
#15137=CARTESIAN_POINT('Origin',(172.440491353344,-30.7811529493745,25.15));
#15138=CARTESIAN_POINT('',(173.528651678974,-28.8691102966795,25.5));
#15139=CARTESIAN_POINT('Origin',(172.440491353344,-30.7811529493745,25.5));
#15140=CARTESIAN_POINT('',(173.182418848091,-29.4774875043552,24.8));
#15141=CARTESIAN_POINT('',(173.528651678974,-28.8691102966795,25.5));
#15142=CARTESIAN_POINT('Origin',(172.440491353344,-30.7811529493745,24.8));
#15143=CARTESIAN_POINT('Origin',(174.023270008805,-28.,25.15));
#15144=CARTESIAN_POINT('',(173.528651678974,-27.1308897033205,25.5));
#15145=CARTESIAN_POINT('',(173.182418848091,-26.5225124956448,24.8));
#15146=CARTESIAN_POINT('',(173.528651678974,-27.1308897033205,25.5));
#15147=CARTESIAN_POINT('Origin',(174.023270008805,-28.,24.8));
#15148=CARTESIAN_POINT('Origin',(174.023270008805,-28.,25.5));
#15149=CARTESIAN_POINT('Origin',(172.440491353344,-25.2188470506255,25.15));
#15150=CARTESIAN_POINT('',(174.444702022391,-24.3115766421606,25.5));
#15151=CARTESIAN_POINT('Origin',(172.440491353344,-25.2188470506255,25.5));
#15152=CARTESIAN_POINT('',(173.806998627694,-24.6002535903085,24.8));
#15153=CARTESIAN_POINT('',(174.444702022391,-24.3115766421606,25.5));
#15154=CARTESIAN_POINT('Origin',(172.440491353344,-25.2188470506255,24.8));
#15155=CARTESIAN_POINT('Origin',(175.355706871958,-23.8991810019492,25.15));
#15156=CARTESIAN_POINT('',(175.466402452399,-22.9053266421606,25.5));
#15157=CARTESIAN_POINT('',(175.543889358707,-22.2096285903085,24.8));
#15158=CARTESIAN_POINT('',(175.466402452399,-22.9053266421606,25.5));
#15159=CARTESIAN_POINT('Origin',(175.355706871958,-23.8991810019492,24.8));
#15160=CARTESIAN_POINT('Origin',(175.355706871958,-23.8991810019492,25.5));
#15161=CARTESIAN_POINT('Origin',(175.709932729368,-20.7188470506255,25.15));
#15162=CARTESIAN_POINT('',(177.864653386872,-21.1628953454372,25.5));
#15163=CARTESIAN_POINT('Origin',(175.709932729368,-20.7188470506255,25.5));
#15164=CARTESIAN_POINT('',(177.179060450393,-21.0216072516335,24.8));
#15165=CARTESIAN_POINT('',(177.864653386872,-21.1628953454372,25.5));
#15166=CARTESIAN_POINT('Origin',(175.709932729368,-20.7188470506255,24.8));
#15167=CARTESIAN_POINT('Origin',(178.844071867555,-21.3647354794425,25.15));
#15168=CARTESIAN_POINT('',(179.517799408944,-20.6257556421167,25.5));
#15169=CARTESIAN_POINT('',(179.989408687917,-20.1084697559887,24.8));
#15170=CARTESIAN_POINT('',(179.517799408944,-20.6257556421167,25.5));
#15171=CARTESIAN_POINT('Origin',(178.844071867555,-21.3647354794425,24.8));
#15172=CARTESIAN_POINT('Origin',(178.844071867555,-21.3647354794425,25.5));
#15173=CARTESIAN_POINT('Origin',(181.,-19.,25.15));
#15174=CARTESIAN_POINT('',(182.482200591056,-20.6257556421167,25.5));
#15175=CARTESIAN_POINT('Origin',(181.,-19.,25.5));
#15176=CARTESIAN_POINT('',(182.010591312083,-20.1084697559887,24.8));
#15177=CARTESIAN_POINT('',(182.482200591056,-20.6257556421167,25.5));
#15178=CARTESIAN_POINT('Origin',(181.,-19.,24.8));
#15179=CARTESIAN_POINT('Origin',(183.155928132445,-21.3647354794425,25.15));
#15180=CARTESIAN_POINT('',(184.135346613128,-21.1628953454372,25.5));
#15181=CARTESIAN_POINT('',(184.820939549607,-21.0216072516335,24.8));
#15182=CARTESIAN_POINT('',(184.135346613128,-21.1628953454372,25.5));
#15183=CARTESIAN_POINT('Origin',(183.155928132445,-21.3647354794425,24.8));
#15184=CARTESIAN_POINT('Origin',(183.155928132445,-21.3647354794425,25.5));
#15185=CARTESIAN_POINT('Origin',(186.290067270632,-20.7188470506255,25.15));
#15186=CARTESIAN_POINT('',(186.533597547601,-22.9053266421605,25.5));
#15187=CARTESIAN_POINT('Origin',(186.290067270632,-20.7188470506255,25.5));
#15188=CARTESIAN_POINT('',(186.456110641293,-22.2096285903085,24.8));
#15189=CARTESIAN_POINT('',(186.533597547601,-22.9053266421605,25.5));
#15190=CARTESIAN_POINT('Origin',(186.290067270632,-20.7188470506255,24.8));
#15191=CARTESIAN_POINT('Origin',(186.644293128042,-23.8991810019492,25.15));
#15192=CARTESIAN_POINT('',(187.555297977609,-24.3115766421606,25.5));
#15193=CARTESIAN_POINT('',(188.193001372306,-24.6002535903085,24.8));
#15194=CARTESIAN_POINT('',(187.555297977609,-24.3115766421606,25.5));
#15195=CARTESIAN_POINT('Origin',(186.644293128042,-23.8991810019492,24.8));
#15196=CARTESIAN_POINT('Origin',(186.644293128042,-23.8991810019492,25.5));
#15197=CARTESIAN_POINT('Origin',(189.559508646656,-25.2188470506255,25.15));
#15198=CARTESIAN_POINT('',(188.471348321026,-27.1308897033205,25.5));
#15199=CARTESIAN_POINT('Origin',(189.559508646656,-25.2188470506255,25.5));
#15200=CARTESIAN_POINT('',(188.817581151909,-26.5225124956448,24.8));
#15201=CARTESIAN_POINT('',(188.471348321026,-27.1308897033205,25.5));
#15202=CARTESIAN_POINT('Origin',(189.559508646656,-25.2188470506255,24.8));
#15203=CARTESIAN_POINT('Origin',(187.976729991195,-28.,25.15));
#15204=CARTESIAN_POINT('',(188.471348321026,-28.8691102966795,25.5));
#15205=CARTESIAN_POINT('',(188.817581151909,-29.4774875043552,24.8));
#15206=CARTESIAN_POINT('',(188.471348321026,-28.8691102966795,25.5));
#15207=CARTESIAN_POINT('Origin',(187.976729991195,-28.,24.8));
#15208=CARTESIAN_POINT('Origin',(187.976729991195,-28.,25.5));
#15209=CARTESIAN_POINT('Origin',(189.559508646656,-30.7811529493745,25.15));
#15210=CARTESIAN_POINT('Origin',(189.559508646656,-30.7811529493745,25.5));
#15211=CARTESIAN_POINT('Origin',(189.559508646656,-30.7811529493745,24.8));
#15212=CARTESIAN_POINT('Origin',(175.709932729368,-20.7188470506255,25.5));
#15213=CARTESIAN_POINT('',(177.179060450393,-21.0216072516335,9.6));
#15214=CARTESIAN_POINT('',(177.179060450393,-21.0216072516335,25.5));
#15215=CARTESIAN_POINT('',(175.543889358707,-22.2096285903085,9.6));
#15216=CARTESIAN_POINT('Origin',(175.709932729368,-20.7188470506255,9.6));
#15217=CARTESIAN_POINT('',(175.543889358707,-22.2096285903085,25.5));
#15218=CARTESIAN_POINT('Origin',(178.844071867555,-21.3647354794425,25.5));
#15219=CARTESIAN_POINT('',(179.989408687917,-20.1084697559887,9.6));
#15220=CARTESIAN_POINT('',(179.989408687917,-20.1084697559887,25.5));
#15221=CARTESIAN_POINT('Origin',(178.844071867555,-21.3647354794425,9.6));
#15222=CARTESIAN_POINT('Origin',(181.,-19.,25.5));
#15223=CARTESIAN_POINT('',(182.010591312083,-20.1084697559887,9.6));
#15224=CARTESIAN_POINT('',(182.010591312083,-20.1084697559887,25.5));
#15225=CARTESIAN_POINT('Origin',(181.,-19.,9.6));
#15226=CARTESIAN_POINT('Origin',(183.155928132445,-21.3647354794425,25.5));
#15227=CARTESIAN_POINT('',(184.820939549607,-21.0216072516335,9.6));
#15228=CARTESIAN_POINT('',(184.820939549607,-21.0216072516335,25.5));
#15229=CARTESIAN_POINT('Origin',(183.155928132445,-21.3647354794425,9.6));
#15230=CARTESIAN_POINT('Origin',(186.290067270632,-20.7188470506255,25.5));
#15231=CARTESIAN_POINT('',(186.456110641293,-22.2096285903085,9.6));
#15232=CARTESIAN_POINT('',(186.456110641293,-22.2096285903085,25.5));
#15233=CARTESIAN_POINT('Origin',(186.290067270632,-20.7188470506255,9.6));
#15234=CARTESIAN_POINT('Origin',(186.644293128042,-23.8991810019492,25.5));
#15235=CARTESIAN_POINT('',(188.193001372306,-24.6002535903085,9.6));
#15236=CARTESIAN_POINT('',(188.193001372306,-24.6002535903085,25.5));
#15237=CARTESIAN_POINT('Origin',(186.644293128042,-23.8991810019492,9.6));
#15238=CARTESIAN_POINT('Origin',(189.559508646656,-25.2188470506255,25.5));
#15239=CARTESIAN_POINT('',(188.817581151909,-26.5225124956448,9.6));
#15240=CARTESIAN_POINT('',(188.817581151909,-26.5225124956448,25.5));
#15241=CARTESIAN_POINT('Origin',(189.559508646656,-25.2188470506255,9.6));
#15242=CARTESIAN_POINT('Origin',(187.976729991195,-28.,25.5));
#15243=CARTESIAN_POINT('',(188.817581151909,-29.4774875043552,9.6));
#15244=CARTESIAN_POINT('',(188.817581151909,-29.4774875043552,25.5));
#15245=CARTESIAN_POINT('Origin',(187.976729991195,-28.,9.6));
#15246=CARTESIAN_POINT('Origin',(189.559508646656,-30.7811529493745,25.5));
#15247=CARTESIAN_POINT('',(188.193001372306,-31.3997464096915,9.6));
#15248=CARTESIAN_POINT('',(188.193001372306,-31.3997464096915,25.5));
#15249=CARTESIAN_POINT('Origin',(189.559508646656,-30.7811529493745,9.6));
#15250=CARTESIAN_POINT('Origin',(186.644293128042,-32.1008189980508,25.5));
#15251=CARTESIAN_POINT('',(186.456110641293,-33.7903714096916,9.6));
#15252=CARTESIAN_POINT('',(186.456110641293,-33.7903714096915,25.5));
#15253=CARTESIAN_POINT('Origin',(186.644293128042,-32.1008189980508,9.6));
#15254=CARTESIAN_POINT('Origin',(181.,-28.,25.5));
#15255=CARTESIAN_POINT('Origin',(181.,-28.,9.6));
#15256=CARTESIAN_POINT('',(184.820939549607,-34.9783927483665,9.6));
#15257=CARTESIAN_POINT('Origin',(186.290067270632,-35.2811529493745,9.6));
#15258=CARTESIAN_POINT('',(182.010591312083,-35.8915302440114,9.6));
#15259=CARTESIAN_POINT('Origin',(183.155928132445,-34.6352645205575,9.6));
#15260=CARTESIAN_POINT('',(179.989408687917,-35.8915302440113,9.6));
#15261=CARTESIAN_POINT('Origin',(181.,-37.,9.6));
#15262=CARTESIAN_POINT('',(177.179060450393,-34.9783927483665,9.6));
#15263=CARTESIAN_POINT('Origin',(178.844071867555,-34.6352645205575,9.6));
#15264=CARTESIAN_POINT('',(175.543889358707,-33.7903714096916,9.6));
#15265=CARTESIAN_POINT('Origin',(175.709932729368,-35.2811529493745,9.6));
#15266=CARTESIAN_POINT('',(173.806998627694,-31.3997464096915,9.6));
#15267=CARTESIAN_POINT('Origin',(175.355706871958,-32.1008189980508,9.6));
#15268=CARTESIAN_POINT('',(173.182418848091,-29.4774875043552,9.6));
#15269=CARTESIAN_POINT('Origin',(172.440491353344,-30.7811529493745,9.6));
#15270=CARTESIAN_POINT('',(173.182418848091,-26.5225124956448,9.6));
#15271=CARTESIAN_POINT('Origin',(174.023270008805,-28.,9.6));
#15272=CARTESIAN_POINT('',(173.806998627694,-24.6002535903085,9.6));
#15273=CARTESIAN_POINT('Origin',(172.440491353344,-25.2188470506255,9.6));
#15274=CARTESIAN_POINT('Origin',(175.355706871958,-23.8991810019492,9.6));
#15275=CARTESIAN_POINT('',(176.39022947893,-28.,9.6));
#15276=CARTESIAN_POINT('Origin',(181.,-28.,9.6));
#15277=CARTESIAN_POINT('Origin',(175.355706871958,-23.8991810019492,25.5));
#15278=CARTESIAN_POINT('',(173.806998627694,-24.6002535903085,25.5));
#15279=CARTESIAN_POINT('Origin',(172.440491353344,-25.2188470506255,25.5));
#15280=CARTESIAN_POINT('',(173.182418848091,-26.5225124956448,25.5));
#15281=CARTESIAN_POINT('Origin',(174.023270008805,-28.,25.5));
#15282=CARTESIAN_POINT('',(173.182418848091,-29.4774875043552,25.5));
#15283=CARTESIAN_POINT('Origin',(175.355706871958,-32.1008189980508,25.5));
#15284=CARTESIAN_POINT('',(173.806998627694,-31.3997464096915,25.5));
#15285=CARTESIAN_POINT('',(175.543889358707,-33.7903714096915,25.5));
#15286=CARTESIAN_POINT('Origin',(175.709932729368,-35.2811529493745,25.5));
#15287=CARTESIAN_POINT('',(177.179060450393,-34.9783927483665,25.5));
#15288=CARTESIAN_POINT('Origin',(178.844071867555,-34.6352645205575,25.5));
#15289=CARTESIAN_POINT('',(179.989408687917,-35.8915302440113,25.5));
#15290=CARTESIAN_POINT('Origin',(181.,-37.,25.5));
#15291=CARTESIAN_POINT('',(182.010591312083,-35.8915302440113,25.5));
#15292=CARTESIAN_POINT('Origin',(183.155928132445,-34.6352645205575,25.5));
#15293=CARTESIAN_POINT('',(184.820939549607,-34.9783927483665,25.5));
#15294=CARTESIAN_POINT('Origin',(186.290067270632,-35.2811529493745,25.5));
#15295=CARTESIAN_POINT('Origin',(181.,-28.,15.6));
#15296=CARTESIAN_POINT('',(176.39022947893,-28.,15.6));
#15297=CARTESIAN_POINT('',(176.39022947893,-28.,15.6));
#15298=CARTESIAN_POINT('Origin',(181.,-28.,15.6));
#15299=CARTESIAN_POINT('Origin',(172.440491353344,-30.7811529493745,25.5));
#15300=CARTESIAN_POINT('Origin',(181.,-28.,15.6));
#15301=CARTESIAN_POINT('',(179.4,-25.3448163905296,15.6));
#15302=CARTESIAN_POINT('',(179.4,-30.6551836094703,15.6));
#15303=CARTESIAN_POINT('',(179.4,-25.3448163905296,15.6));
#15304=CARTESIAN_POINT('Origin',(181.,-28.,15.6));
#15305=CARTESIAN_POINT('Origin',(181.,-28.,23.5));
#15306=CARTESIAN_POINT('',(179.4,-25.3448163905296,23.5));
#15307=CARTESIAN_POINT('',(179.4,-30.6551836094703,23.5));
#15308=CARTESIAN_POINT('Origin',(181.,-28.,23.5));
#15309=CARTESIAN_POINT('',(179.4,-25.3448163905296,23.5));
#15310=CARTESIAN_POINT('Origin',(181.,-28.,23.5));
#15311=CARTESIAN_POINT('',(179.4,-25.3448163905296,23.5));
#15312=CARTESIAN_POINT('',(179.4,-30.6551836094703,23.5));
#15313=CARTESIAN_POINT('Origin',(179.4,-25.3448163905296,23.5));
#15314=UNCERTAINTY_MEASURE_WITH_UNIT(LENGTH_MEASURE(0.01),#15318,
'DISTANCE_ACCURACY_VALUE',
'Maximum model space distance between geometric entities at asserted c
onnectivities');
#15315=UNCERTAINTY_MEASURE_WITH_UNIT(LENGTH_MEASURE(0.01),#15318,
'DISTANCE_ACCURACY_VALUE',
'Maximum model space distance between geometric entities at asserted c
onnectivities');
#15316=(
GEOMETRIC_REPRESENTATION_CONTEXT(3)
GLOBAL_UNCERTAINTY_ASSIGNED_CONTEXT((#15314))
GLOBAL_UNIT_ASSIGNED_CONTEXT((#15318,#15319,#15320))
REPRESENTATION_CONTEXT('','3D')
);
#15317=(
GEOMETRIC_REPRESENTATION_CONTEXT(3)
GLOBAL_UNCERTAINTY_ASSIGNED_CONTEXT((#15315))
GLOBAL_UNIT_ASSIGNED_CONTEXT((#15318,#15319,#15320))
REPRESENTATION_CONTEXT('','3D')
);
#15318=(
LENGTH_UNIT()
NAMED_UNIT(*)
SI_UNIT(.MILLI.,.METRE.)
);
#15319=(
NAMED_UNIT(*)
PLANE_ANGLE_UNIT()
SI_UNIT($,.RADIAN.)
);
#15320=(
NAMED_UNIT(*)
SI_UNIT($,.STERADIAN.)
SOLID_ANGLE_UNIT()
);
#15321=SHAPE_DEFINITION_REPRESENTATION(#15322,#15323);
#15322=PRODUCT_DEFINITION_SHAPE('',$,#15325);
#15323=SHAPE_REPRESENTATION('',(#9636),#15316);
#15324=PRODUCT_DEFINITION_CONTEXT('part definition',#15329,'design');
#15325=PRODUCT_DEFINITION('pepuinoPad 1','pepuinoPad v6',#15326,#15324);
#15326=PRODUCT_DEFINITION_FORMATION('',$,#15331);
#15327=PRODUCT_RELATED_PRODUCT_CATEGORY('pepuinoPad v6','pepuinoPad v6',
(#15331));
#15328=APPLICATION_PROTOCOL_DEFINITION('international standard',
'automotive_design',2009,#15329);
#15329=APPLICATION_CONTEXT(
'Core Data for Automotive Mechanical Design Process');
#15330=PRODUCT_CONTEXT('part definition',#15329,'mechanical');
#15331=PRODUCT('pepuinoPad 1','pepuinoPad v6',
'KiCad electronic assembly',(#15330));
#15332=PRESENTATION_STYLE_ASSIGNMENT((#15336));
#15333=PRESENTATION_STYLE_ASSIGNMENT((#15337));
#15334=PRESENTATION_STYLE_ASSIGNMENT((#15338));
#15335=PRESENTATION_STYLE_ASSIGNMENT((#15339));
#15336=SURFACE_STYLE_USAGE(.BOTH.,#15340);
#15337=SURFACE_STYLE_USAGE(.BOTH.,#15341);
#15338=SURFACE_STYLE_USAGE(.BOTH.,#15342);
#15339=SURFACE_STYLE_USAGE(.BOTH.,#15343);
#15340=SURFACE_SIDE_STYLE('',(#15344));
#15341=SURFACE_SIDE_STYLE('',(#15345));
#15342=SURFACE_SIDE_STYLE('',(#15346));
#15343=SURFACE_SIDE_STYLE('',(#15347));
#15344=SURFACE_STYLE_FILL_AREA(#15348);
#15345=SURFACE_STYLE_FILL_AREA(#15349);
#15346=SURFACE_STYLE_FILL_AREA(#15350);
#15347=SURFACE_STYLE_FILL_AREA(#15351);
#15348=FILL_AREA_STYLE('Steel - Satin',(#15352));
#15349=FILL_AREA_STYLE('ABS (White)',(#15353));
#15350=FILL_AREA_STYLE('ABS (White)',(#15354));
#15351=FILL_AREA_STYLE('Glass (Grey)',(#15355));
#15352=FILL_AREA_STYLE_COLOUR('Steel - Satin',#15356);
#15353=FILL_AREA_STYLE_COLOUR('ABS (White)',#15357);
#15354=FILL_AREA_STYLE_COLOUR('ABS (White)',#15358);
#15355=FILL_AREA_STYLE_COLOUR('Glass (Grey)',#15359);
#15356=COLOUR_RGB('Steel - Satin',0.627450980392157,0.627450980392157,0.627450980392157);
#15357=COLOUR_RGB('ABS (White)',0.850980392156863,0.423529411764706,0.788235294117647);
#15358=COLOUR_RGB('ABS (White)',0.96078431372549,0.952941176470588,0.956862745098039);
#15359=COLOUR_RGB('Glass (Grey)',0.701960784313725,0.701960784313725,0.701960784313725);
ENDSEC;
END-ISO-10303-21;
